{
   "businessUnit":"usAcquiring",
   "jobId":"DATASINK_INVOKER",
   "emrName":"vertica-sink-ppbi",
   "usecase":"PPBI-TRANSACTIONS-LOAD",
   "pipeline":"SPARK_ETL_FRAMEWORK",
   "templatePath":"pipeline-unity/configs/usAcquiring/blue/paymentProcessing_usAcquiring_Transactions.json",
   "oneJobPerConfigId":false,
   "tracingColumn":"PaysafeTraceID",
   "conformedConfigId":"paymentProcessing_usAcquiring_Transactions",
   "metaDataLogTable":"DATA_SINK_META_DATA_LOG",
   "metaDataTable":"DATA_SINK_META_DATA",
   "srcPaths":[
      {
         "prefix":"ppbi-unity/output/{CONFIGID}",
         "partitionColumn":"UNITYFILENAME"
      }
   ],
   "srcType":"BLUE-PPBI-LOAD",
   "configIds":[
      "paymentProcessing_usAcquiring_FDR_DFM003CREDITFUNDED",
      "paymentProcessing_usAcquiring_FDR_FF152",
      "paymentProcessing_usAcquiring_FDR_DFM005DEBIT",
      "paymentProcessing_usAcquiring_FDR_DFM004CREDITNONFUNDED",
      "paymentProcessing_usAcquiring_TSYS_DDF",
      "paymentProcessing_usAcquiring_INTERNAL_MIF_HIERARCHY",
      "paymentProcessing_usAcquiring_FDR_DFM007QUALEXPENSE",
      "paymentProcessing_usAcquiring_FDR_R80FEEATTRIBUTES"
   ],
   "jobType":"LOAD",
   "window":10,
   "infraProps":[
      {
         "zone":"mon",
         "region":"canada",
         "name":"ppbi_vertica"
      }
   ],
   "livyCommand":{
      "args":[

      ],
      "conf":{
         "spark.yarn.submit.waitAppCompletion":"false",
         "spark.submit.deployMode":"cluster",
         "spark.executor.memory":"15G",
         "spark.executor.cores":"5",
         "spark.sql.codegen.wholeStage":"false",
         "spark.master":"yarn"
      },
      "file":"s3://paysafe-unity-netbanx-mgr-{ACCOUNTID}-ca-central-1/ppbi-unity/jars/paysafe-gdp-vertica-spark-all.jar",
      "className":"com.paysafe.upf.data.pipeline.Application"
   }
}