{
   "emrName":"vertica-sink-ppbi",
   "usecase":"PPBI-REVENUEMERCHANTMONTHLYSTATEMENT-LOAD",
   "livyCommand":{
      "args":[
         "s3://paysafe-unity-netbanx-mgr-452253236614-ca-central-1/pipeline-unity/configs/usAcquiring/blue/paymentProcessing_usAcquiring_RevenueMerchantMonthlyStatement_prod.json"
      ],
      "conf":{
         "spark.executor.memory": "40G",
         "spark.executor.cores": "5",
         "spark.driver.memory": "32G",
         "spark.yarn.submit.waitAppCompletion": "false",
         "spark.submit.deployMode": "cluster",
         "spark.master": "yarn",
         "spark.app.name":"PPBI-REVENUEMERCHANTMONTHLYSTATEMENT-LOAD"
      },
      "file":"s3://paysafe-unity-netbanx-mgr-452253236614-ca-central-1/ppbi-unity/jars/paysafe-gdp-vertica-spark-all.jar",
      "jobName":"PPBI-REVENUEMERCHANTMONTHLYSTATEMENT-LOAD",
      "className":"com.paysafe.upf.data.pipeline.Application"
   },
   "timeoutSeconds": 3600
}