{
   "businessUnit":"usAcquiring",
   "jobId":"DATASINK_INVOKER",
   "emrName":"merchant-load",
   "usecase":"PPBI-AUTHORIZATIONS-LOAD-VERTICA",
   "pipeline":"SPARK_ETL_FRAMEWORK",
   "templatePath":"pipeline-unity/configs/usAcquiring/grey/paymentProcessing_usAcquiring_Authorizations_test.json",
   "oneJobPerConfigId":false,
   "tracingColumn":"PaysafeTraceID",
   "conformedConfigId":"paymentProcessing_usAcquiring_Authorizations",
   "metaDataLogTable":"DATA_SINK_META_DATA_LOG",
   "metaDataTable":"DATA_SINK_META_DATA",
   "srcPaths":[
      {
         "prefix":"ppbi-unity/output/{CONFIGID}",
         "partitionColumn":"UNITYFILENAME"
      }
   ],
   "srcType":"PPBI-LOAD-VERTICA",
   "configIds":[
      "paymentProcessing_usAcquiring_FDR_AW107AUTH",
      "paymentProcessing_usAcquiring_FDR_AW169AUTH",
      "paymentProcessing_usAcquiring_TSYS_ADF",
      "paymentProcessing_usAcquiring_FDR_MD027DETAIL",
      "paymentProcessing_usAcquiring_FDR_MD572",
      "paymentProcessing_usAcquiring_FDR_DFM021AUTH"
   ],
   "jobType":"RELOAD",
   "startDate":"2021-08-01",
   "endDate" : "2021-08-31",
   "infraProps":[
      {
         "zone":"mon",
         "region":"canada",
         "name":"ppbi_vertica"
      }
   ],
   "livyCommand":{
      "args":[

      ],
      "conf":{
         "spark.yarn.submit.waitAppCompletion":"false",
         "spark.submit.deployMode":"cluster",
         "spark.executor.memory":"15G",
         "spark.driver.memory": "15G",
         "spark.executor.cores":"5",
         "spark.sql.codegen.wholeStage":"false",
         "spark.master":"yarn"
      },
      "file":"s3://paysafe-unity-netbanx-mgr-{ACCOUNTID}-ca-central-1/ppbi-unity/jars/paysafe-gdp-vertica-spark-all.jar",
      "className":"com.paysafe.upf.data.pipeline.Application"
   }
}