{
  "businessUnit": "usAcquiring",
  "jobId": "DATASINK_INVOKER",
  "emrName": "vertica-sink-ppbi",
  "usecase": "PPBI-CHARGEBACKS-LOAD",
  "pipeline": "SPARK_ETL_FRAMEWORK",
  "templatePath": "pipeline-unity/configs/usAcquiring/blue/paymentProcessing_usAcquiring_ChargeBacks.json",
  "oneJobPerConfigId": false,
  "tracingColumn": "PaysafeTraceID",
  "conformedConfigId": "paymentProcessing_usAcquiring_ChargeBacks",
  "metaDataLogTable": "DATA_SINK_META_DATA_LOG",
  "metaDataTable": "DATA_SINK_META_DATA",
  "srcPaths": [
    {
      "prefix": "ppbi-unity/output/{CONFIGID}",
      "partitionColumn": "UNITYFILENAME"
    }
  ],
  "srcType": "BLUE-PPBI-LOAD",
  "configIds": [
    "paymentProcessing_usAcquiring_FDR_SD206CHARGEBACK",
    "paymentProcessing_usAcquiring_FDR_SD430BCHARGEBACK",
    "paymentProcessing_usAcquiring_FDR_SD119",
    "paymentProcessing_usAcquiring_TSYS_MERLINCASEACTION",
    "paymentProcessing_usAcquiring_FDR_DFM009CHARGEBACK"
  ],
  "jobType": "LOAD",
  "window": 10,
  "infraProps": [
    {
      "zone": "mon",
      "region": "canada",
      "name": "ppbi_vertica"
    }
  ],
  "livyCommand": {
    "args": [
    ],
    "conf": {
      "spark.yarn.submit.waitAppCompletion": "false",
      "spark.submit.deployMode": "cluster",
      "spark.executor.memory": "1G",
      "spark.executor.cores": "1",
      "spark.master": "yarn",
      "spark.sql.parquet.writeLegacyFormat": "true",
      "spark.dynamicAllocation.enabled": "true",
      "hive.metastore.client.factory.class": "com.amazonaws.glue.catalog.metastore.AWSGlueDataCatalogHiveClientFactory",
      "hive.metastore.schema.verification": "false"
    },
    "file": "s3://paysafe-unity-netbanx-mgr-{ACCOUNTID}-ca-central-1/ppbi-unity/jars/paysafe-gdp-vertica-spark-all.jar",
    "className": "com.paysafe.upf.data.pipeline.Application"
  }
}