{
   "emrName":"merchant-load",
   "usecase":"Merchant_demographics_monthly_blue",
   "livyCommand":{
      "args":[
         "s3://paysafe-unity-netbanx-mgr-452253236614-ca-central-1/pipeline-unity/configs/blue/paymentProcessing_usAcquiring_MerchantDemographics_Monthly.json"
      ],
      "conf":{
         "spark.yarn.submit.waitAppCompletion":"false",
         "spark.submit.deployMode":"cluster",
         "spark.executor.memory":"8G",
         "spark.driver.memory":"10G",
         "spark.executor.cores":"4",
         "spark.master":"yarn",
         "spark.app.name":"Merchant-demographics-monthly"
      },
      "file":"s3://paysafe-unity-netbanx-mgr-452253236614-ca-central-1/ppbi-unity/jars/paysafe-gdp-vertica-spark-all.jar",
      "jobName":"Merchant-demographics-monthly",
      "className":"com.paysafe.upf.data.pipeline.Application"
   },
   "timeoutSeconds" : 3600
}