{
   "emrName":"vertica-sink-ppbi",
   "usecase":"MIF-HIVE-LOAD",
   "livyCommand":{
      "args":[
         "s3://paysafe-unity-netbanx-mgr-452253236614-ca-central-1/pipeline-unity/configs/blue/paymentProcessing_usAcquiring_INTERNAL_MIF_HIVE_Application.json"
      ],
      "conf":{
         "spark.yarn.submit.waitAppCompletion":"false",
         "spark.submit.deployMode":"cluster",
         "spark.executor.memory":"8G",
         "spark.driver.memory":"10G",
         "spark.executor.cores":"4",
         "spark.master":"yarn",
         "spark.app.name":"MIF_HIVE_APP"
      },
      "file":"s3://paysafe-unity-netbanx-mgr-452253236614-ca-central-1/ppbi-unity/jars/paysafe-gdp-vertica-spark-all.jar",
      "jobName":"MIF_HIVE_APPLICATION",
      "className":"com.paysafe.upf.data.pipeline.Application"
   },
   "timeoutSeconds" : 3600
}