{
    "inputs": {
        "ProcessingAccount_Dim": {
            "file": {
                "path": "s3://paysafe-unity-550629512586-ca-central-1-merchantpipeline-prep/merchant-unity/etl/datatransformation/fulldump/mm_prep/ProcessingAccount_Dim/source=NBX/isCurrent=true/",
                "format": "parquet",
                "cachedf": true
            }
        },
        "Address_Dim": {
            "file": {
                "path": "s3://paysafe-unity-550629512586-ca-central-1-merchantpipeline-prep/merchant-unity/etl/datatransformation/fulldump/mm_prep/Address_Dim/source=NBX/isCurrent=true/",
                "format": "parquet",
                "cachedf": true
            }
        },
        "Bank_Dim": {
            "file": {
                "path": "s3://paysafe-unity-550629512586-ca-central-1-merchantpipeline-prep/merchant-unity/etl/datatransformation/fulldump/mm_prep/Bank_Dim/SOURCE=NBX/isCurrent=true/",
                "format": "parquet",
                "cachedf": true
            }
        },
        "Principal_Dim": {
            "file": {
                "path": "s3://paysafe-unity-550629512586-ca-central-1-merchantpipeline-prep/merchant-unity/etl/datatransformation/fulldump/mm_prep/Principal_Dim/source=NBX/IsCurrent=true/",
                "format": "parquet",
                "cachedf": true
            }
        },
        "Agents_Dim": {
            "file": {
                "path": "s3://paysafe-unity-550629512586-ca-central-1-merchantpipeline-prep/merchant-unity/etl/datatransformation/fulldump/mm_prep/Agents_Dim/source=NBX/isCurrent=true/",
                "format": "parquet",
                "cachedf": true
            }
        },
        "Partner_Dim": {
            "file": {
                "path": "s3://paysafe-unity-550629512586-ca-central-1-merchantpipeline-prep/merchant-unity/etl/datatransformation/fulldump/mm_prep/Partner_Dim/source=NBX/isCurrent=true/",
                "format": "parquet",
                "cachedf": true
            }
        },
        "orgAddress": {
            "file": {
                "path": "s3://paysafe-unity-550629512586-ca-central-1-merchantpipeline-prep/merchant-unity/etl/datatransformation/fulldump/mm_prep/OrganizationAddress/Source=NBX/isCurrent=true/",
                "format": "parquet",
                "cachedf": true
            }
        },
        "status": {
            "file": {
                "path": "s3://paysafe-unity-550629512586-ca-central-1-merchantpipeline-prep/merchant-unity/etl/datatransformation/fulldump/mm_prep/MerchantAccount_Status/SOURCE=NBX/isCurrent=true/",
                "format": "parquet",
                "cachedf": true
            }
        }
    },
    "stages": [{
        "dataFrameName": "bankCols",
        "sql": "select merchantAccountId,struct(accountNumber, routingNumber, beneficiarybankiban as ibanNumber ,beneficiarybankswift as swiftNumber) as acnts, sha2(concat_ws(' ', accountNumber, routingNumber, beneficiarybankiban, beneficiarybankswift), 512) as account_sha2 from Bank_Dim where banktype = 'DESTINATION'",
        "ignoreOnFailures": false
    }, {
        "dataFrameName": "achBankAccountStr",
        "sql": "select merchantAccountId, array_sort(collect_set(acnts)) as accounts, sha2(concat_ws('', array_sort(collect_set(account_sha2))), 512) as acct_sha2 from bankCols group by merchantAccountId",
        "ignoreOnFailures": false
    }, {
        "dataFrameName": "processingAccountDimBusinessdetails",
        "sql": "select merchantAccountId, ACCOUNTNAME as tradeName, MERBUSINESSCATCODE as type, struct(WEBSITEURL as url) as website, struct(CUSTOMERSUPPORTNBR as fullPhone) as phone, CUSTOMERSUPPORTEMAIL as email, MCC ,sha2(concat_ws('', ACCOUNTNAME, MERBUSINESSCATCODE, WEBSITEURL, CUSTOMERSUPPORTNBR ,CUSTOMERSUPPORTEMAIL, mcc), 512) AS bd_sha2 from ProcessingAccount_Dim",
        "ignoreOnFailures": false
    }, {
        "dataFrameName": "tradeAddressStruct",
        "sql": "select merchantAccountId, struct(street1 as street, street2 , city, state, countryCode as country, postalCode as zip) as tradeAddress, sha2(concat_ws('', street1, street2, city, state, countryCode, postalCode), 512) as tradeAddress_sha2 from Address_Dim where type = 'TRADEADDRESS'",
        "ignoreOnFailures": false
    }, {
        "dataFrameName": "principalAddressStruct",
        "sql": "select key, AddressId as id, struct(street1 as street, street2, city, state, countryCode as country, postalCode as zip) as address, sha2(concat_ws('', street1, street2, city, state, countryCode, postalCode), 512) as principalAddress_sha2 from Address_Dim where type = 'PRINCIPALADDRESS'",
        "ignoreOnFailures": false
    }, {
        "dataFrameName": "principalEmail",
        "sql": "select principalId as merchantReferenceId, email, firstName, lastName, middleName, addressKey, struct(workNumber as fullPhone) as phone, CASE WHEN GOVERNMENT_ID_CDE = 'SSN' THEN DOCUMENT_VALUE_ENCRYPTED ELSE null END as SSN, sha2(concat_ws('', email, firstName, lastName, middleName, workNumber), 512) as principal_sha2 from Principal_Dim",
        "ignoreOnFailures": false
    }, {
        "dataFrameName": "principalStruct",
        "sql": "select merchantReferenceId,struct(pas.id, pe.merchantReferenceId,pe.email,pe.phone,pe.firstName,pe.lastName,pe.middleName,pas.address,pe.ssn) as principalsStruct, sha2(concat_ws('',pas.principalAddress_sha2, pe.principal_sha2), 512) as ps_sha2 from principalEmail pe left join principalAddressStruct pas on pas.key = pe.addressKey",
        "ignoreOnFailures": false
    }, {
        "dataFrameName": "principalsArr",
        "sql": "select merchantReferenceId , array_sort(collect_set(principalsStruct)) as principals, sha2(concat_ws('', array_sort(collect_set(ps_sha2))), 512) as pa_sha2 from principalStruct group by merchantReferenceId",
        "ignoreOnFailures": false
    }, {
        "dataFrameName": "organizationAddress",
        "sql": "select MerchantAccountID,struct(street1 as street,street2,city,state,countryCode as country,zip) as address, sha2(concat_ws('', street1, street2, city, state, countryCode, zip), 512) as orgAddress_sha2 from orgAddress",
        "ignoreOnFailures": false
    }, {
        "dataFrameName": "businessDetailsStruct",
        "sql": "select pdbd.merchantAccountId, struct(tas.tradeAddress, pdbd.type,pdbd.website, pdbd.phone, pdbd.tradeName,pdbd.email, pdbd.mcc, bd.accounts) as businessDetailsStr, sha2(concat_ws('',pdbd.bd_sha2,tas.tradeAddress_sha2,bd.acct_sha2), 512) as bds_sha2 from processingAccountDimBusinessdetails pdbd left join tradeAddressStruct tas on pdbd.merchantAccountId = tas.merchantAccountId left join achBankAccountStr bd on pdbd.merchantAccountId = bd.merchantAccountId",
        "ignoreOnFailures": false
    }, {
        "dataFrameName": "businessDetailsArr",
        "sql": "select merchantAccountId, array_sort(collect_set(businessDetailsStr)) as businessDetails, sha2(concat_ws('', array_sort(collect_set(bds_sha2))), 512) as bda_sha2 from businessDetailsStruct group by merchantAccountId",
        "ignoreOnFailures": false
    }, {
        "dataFrameName": "businessLegalEntityStr",
        "sql": "select pad.MERCHANTACCOUNTID,struct(pad.MERCHANTACCOUNTID as id,pad.mlename as legalName, pad.federalTaxNumber as taxIdentificationNumber, pad.COMPANYREGISTRATIONNBR as registrationNumber, pad.BUSINESSDESCRIPTION as description, pa.principals, bda.businessDetails, oas.address) as businessLegalEntity, sha2(concat_ws('',pad.mlename,pad.federalTaxNumber,pad.COMPANYREGISTRATIONNBR,pad.BUSINESSDESCRIPTION,pa.pa_sha2,bda.bda_sha2,oas.orgAddress_sha2), 512) as bles_sha2 from ProcessingAccount_Dim pad left join principalsArr pa on pad.MERCHANTACCOUNTID = pa.merchantReferenceId left join businessDetailsArr bda on pad.MERCHANTACCOUNTID = bda.merchantAccountId left join organizationAddress oas on oas.merchantAccountId = pad.merchantAccountId",
        "ignoreOnFailures": false
    }, {
        "dataFrameName": "agentsStruct",
        "sql": "select accountId, struct(AGENTID as number, AgentName as name) as agent, sha2(concat_ws('',AGENTID,AgentName), 512) as agent_sha2 from Agents_Dim",
        "ignoreOnFailures": false
    }, {
        "dataFrameName": "agentsArr",
        "sql": "select accountId, array_sort(collect_set(agent)) as agents, sha2(concat_ws('', array_sort(collect_set(agent_sha2))), 512) as aa_sha2 from agentsStruct group by accountId",
        "ignoreOnFailures": false
    }, {
        "dataFrameName": "partnerDim",
        "sql": "select partnerid,partnername as partnerName, sha2(concat_ws('',partnerId,partnername), 512) as partner_sha2 from Partner_Dim",
        "ignoreOnFailures": false
    }, {
        "dataFrameName": "stat",
        "sql": "select struct(concat_ws('-',COALESCE(ASH_STATUS,''),REASON_CODE) as accountStatus) as status,MERCHANTACCOUNTID, sha2(concat_ws('',ASH_STATUS,REASON_CODE), 512) as stat_sha2 from (select ASH_STATUS,MERCHANTACCOUNTID,REASON_CODE, row_number() OVER (PARTITION BY MERCHANTACCOUNTID ORDER BY ASH_CREATED_ON DESC, THRU_DATE DESC, ASH_STATUS DESC) as rank FROM status) a Where rank = 1",
        "ignoreOnFailures": false
    }, {
        "dataFrameName": "openDate",
        "sql": "select ASH_CREATED_ON as dateOpened,MERCHANTACCOUNTID,ASH_STATUS from (select ASH_STATUS,MERCHANTACCOUNTID, row_number() OVER (PARTITION BY MERCHANTACCOUNTID ORDER BY ASH_CREATED_ON) as rank,ASH_CREATED_ON from status WHERE ASH_STATUS = 'Enabled') a where rank = 1",
        "ignoreOnFailures": false
    }, {
        "dataFrameName": "closedDate",
        "sql": "select ASH_CREATED_ON as dateClosed,ASH_COMMENTS as closeReasonDescription, MERCHANTACCOUNTID,ASH_STATUS from (select ASH_STATUS,MERCHANTACCOUNTID, row_number() OVER (PARTITION BY MERCHANTACCOUNTID ORDER BY ASH_CREATED_ON DESC) as rank,ASH_CREATED_ON,ASH_COMMENTS from status WHERE ASH_STATUS = 'Disabled' and REASON_CODE = 'TERMINATED') a where rank = 1",
        "ignoreOnFailures": false
    }, {
        "dataFrameName": "merStatus",
        "sql": "select s.MERCHANTACCOUNTID,s.status, o.dateOpened, c.dateClosed, c.closeReasonDescription, sha2(concat_ws('', s.stat_sha2, o.dateOpened, c.dateClosed, c.closeReasonDescription), 512) as merStatus_sha2 from stat s LEFT JOIN openDate o on s.MERCHANTACCOUNTID = o.MerchantAccountID LEFT JOIN closedDate c on s.MERCHANTACCOUNTID = c.MERCHANTACCOUNTID",
        "ignoreOnFailures": false
    }, {
        "dataFrameName": "linkageHistoricalGMM",
        "sql": "select pad.MERCHANTACCOUNTID as id, pad.DEFAULTBANK as acquiringBank, case when legalentitycode = '70' then 'mobisvca' when legalentitycode = '73' then 'mobisvus' when legalentitycode in ('79', '89') then 'mobeu' else null end as tenantID, pad.processingType, pad.partnerProductID, pad.partnerId, pd.partnerName, bla.businessLegalEntity, a.agents,s.status,s.dateOpened,s.dateClosed,s.closeReasonDescription, sha2(concat_ws('', pad.MERCHANTACCOUNTID, pad.DEFAULTBANK, pad.legalentitycode, pad.processingType, pad.partnerProductID, pd.partner_sha2, bla.bles_sha2, a.aa_sha2, s.merStatus_sha2), 512) as final_sha2 from ProcessingAccount_Dim pad left join businessLegalEntityStr bla on pad.MERCHANTACCOUNTID = bla.MERCHANTACCOUNTID left join agentsArr a on pad.MERCHANTACCOUNTID = a.accountId left join partnerDim pd on pad.partnerId = pd.partnerId left join merStatus s on s.MERCHANTACCOUNTID = pad.MERCHANTACCOUNTID",
        "ignoreOnFailures": false
    }, {
        "dataFrameName": "distinctRecords",
        "sql": "select distinct id, acquiringBank, tenantId,processingType,partnerProductID,partnerId,partnerName,businessLegalEntity,agents,status,dateOpened,dateClosed,closeReasonDescription,final_sha2 from linkageHistoricalGMM",
        "ignoreOnFailures": false
    }, {
        "dataFrameName": "loadWithDate",
        "sql": "select *, current_date() as todayDate from distinctRecords",
        "ignoreOnFailures": false
    }, {
        "dataFrameName": "linkageHistoricalGMMJSON_Kafka",
        "sql": "select to_json(struct(*)) as data from distinctRecords",
        "ignoreOnFailures": false
    }, {
        "dataFrameName": "metadata",
        "sql": "select 'History_RECORD_COUNT' as Jobname, count(*) as RecordCount, current_timestamp() as createdOn from loadWithDate",
        "ignoreOnFailures": false
    }
    ],
    "outputs": {
        "loadWithDate": {
            "file": {
                "path": "s3://paysafe-unity-550629512586-ca-central-1-merchantpipeline-prep/MerchantLinkages/fullLoad/",
                "format": "json",
                "saveMode": "Overwrite",
                "options": {
                    "partitionOverwriteMode": "dynamic"
                },
                "partitionBy": [
                    "todayDate"
                ]
            }
        },
        "linkageHistoricalGMMJSON_Kafka": {
            "kafka": {
                "topic": "aws.paysafe-gdp-fileprocessing-linkages-historical.mtl-preprod",
                "valueColumn": "data"
            }
        },
        "metadata": {
            "vertica": {
                "schema": "mm_monitoring_prep",
                "table": "linkages_metadata",
                "mode": "Append"
            }
        }
    },
    "connectionProperties": {
        "kafka": {
            "bootstrapServers":
            "mtl-prep-kafka-01.preprod.stp.local:9092, mtl-prep-kafka-02.preprod.stp.local:9092, mtl-prep-kafka-03.preprod.stp.local:9092"
        },
        "vertica": {
            "db": "verticadb",
            "secretType": "AWSSECRET",
            "secretKey": "merchant_credentials",
            "host": "vertica.edl2.non-prod.paysafe.cloud"
        }

    },
    "explain": true,
    "dateFormat": "dd-MM-yyyy",
    "showPreviewLines": 42,
    "showQuery": true,
    "cacheOnPreview": true,
    "logLevel": "WARN",
    "appName": "appName",
    "cacheCountOnOutput": false,
    "continueOnFailedStep": false,
    "enableHiveSupport": true
}