{
  "appName": "MM_Applicaiton_SOB_KPI_Dashboard",
  "inputs": {
    "Application_Dim": {
      "file": {
        "path": "s3://paysafe-unity-245535966659-ca-central-1-mmpipeline-hashed-prod/merchantunity/datatransformation/fulldump/mm/Application_Dim/",
        "format": "parquet",
        "cachedf": true
      }
    },
    "Mle_Dim": {
      "file": {
        "path": "s3://paysafe-unity-245535966659-ca-central-1-mmpipeline-hashed-prod/merchantunity/datatransformation/fulldump/mm/Mle_Dim/",
        "format": "parquet",
        "cachedf": true
      }
    },
    "Address_Dim": {
      "file": {
        "path": "s3://paysafe-unity-245535966659-ca-central-1-mmpipeline-hashed-prod/merchantunity/datatransformation/fulldump/mm/Address_Dim/",
        "format": "parquet",
        "cachedf": true
      }
    },
    "Country_DimSf": {
      "file": {
        "path": "s3://paysafe-unity-245535966659-ca-central-1-mmpipeline-hashed-prod/merchantunity/datatransformation/fulldump/mm/Country_DimSf/",
        "format": "parquet",
        "cachedf": true
      }
    },
    "BusinessDetail_Dim": {
      "file": {
        "path": "s3://paysafe-unity-245535966659-ca-central-1-mmpipeline-hashed-prod/merchantunity/datatransformation/fulldump/mm/BusinessDetail_Dim/",
        "format": "parquet",
        "cachedf": true
      }
    },
    "ApplicationAccounts_Dim": {
      "file": {
        "path": "s3://paysafe-unity-245535966659-ca-central-1-mmpipeline-hashed-prod/merchantunity/datatransformation/fulldump/mm/ApplicationAccounts_Dim/",
        "format": "parquet",
        "cachedf": true
      }
    },
    "CaseStep_Fact": {
      "file": {
        "path": "s3://paysafe-unity-245535966659-ca-central-1-mmpipeline-hashed-prod/merchantunity/datatransformation/fulldump/mm/CaseStep_Fact/",
        "format": "parquet",
        "cachedf": true
      }
    },
    "Principal_Dim": {
      "file": {
        "path": "s3://paysafe-unity-245535966659-ca-central-1-mmpipeline-hashed-prod/merchantunity/datatransformation/fulldump/mm/Principal_Dim/",
        "format": "parquet",
        "cachedf": true
      }
    },
    "OnboardingConfig_Dim": {
      "file": {
        "path": "s3://paysafe-unity-245535966659-ca-central-1-mmpipeline-hashed-prod/merchantunity/datatransformation/fulldump/mm/OnboardingConfig_Dim/",
        "format": "parquet",
        "cachedf": true
      }
    },
    "Partner_Dim": {
      "file": {
        "path": "s3://paysafe-unity-245535966659-ca-central-1-mmpipeline-hashed-prod/merchantunity/datatransformation/fulldump/mm/Partner_Dim/",
        "format": "parquet",
        "cachedf": true
      }
    },
    "VendorResponse_Fact": {
      "file": {
        "path": "s3://paysafe-unity-245535966659-ca-central-1-mmpipeline-hashed-prod/merchantunity/datatransformation/fulldump/mm/VendorResponse_Fact/",
        "format": "parquet",
        "cachedf": true
      }
    },
    "PaymentAccount_Dim": {
      "file": {
        "path": "s3://paysafe-unity-245535966659-ca-central-1-mmpipeline-hashed-prod/merchantunity/datatransformation/fulldump/mm/PaymentAccount_Dim/",
        "format": "parquet",
        "cachedf": true
      }
    },
    "ProcessingAccount_Dim": {
      "file": {
        "path": "s3://paysafe-unity-245535966659-ca-central-1-mmpipeline-hashed-prod/merchantunity/datatransformation/fulldump/mm/ProcessingAccount_Dim/",
        "format": "parquet",
        "cachedf": true
      }
    },
    "Mcc_DimSf": {
      "file": {
        "path": "s3://paysafe-unity-245535966659-ca-central-1-mmpipeline-hashed-prod/merchantunity/datatransformation/fulldump/mm/Mcc_DimSf/",
        "format": "parquet",
        "cachedf": true
      }
    },
    "PartnerProduct_Dim": {
      "file": {
        "path": "s3://paysafe-unity-245535966659-ca-central-1-mmpipeline-hashed-prod/merchantunity/datatransformation/fulldump/mm/PartnerProduct_Dim/",
        "format": "parquet",
        "cachedf": true
      }
    }
  },
  "connectionProperties": {
    "vertica": {
      "db": "verticadb",
      "secretType": "AWSSECRET",
      "secretKey": "merchant_credentials",
      "host": "vertica.edl2.prod.paysafe.cloud"
    }
  },
  "stages": [
    {
      "dataFrameName": "app_time",
      "ignoreOnFailures": false,
      "showQuery": true,
      "sql": "SELECT APPLICATIONID , CREATEDTIME , TENANTID, ONBOARDINGCONFIGID,MLE_ID, BANKDOCUMENTSUPLOADPENDING,KYCDOCUMENTSUPLOADPENDING,REASONCODE, APPLCATIONSUBMITTEDTIME from (select  APPLICATIONID , CREATEDTIME , TENANTID ,ONBOARDINGCONFIGID, MLEID as  MLE_ID, BANKDOCUMENTSUPLOADPENDING,KYCDOCUMENTSUPLOADPENDING,REASONCODE, APPLCATIONSUBMITTEDTIME, row_number() over (partition by APPLICATIONID order by createdTimeInMillis asc) as rnk from Application_Dim ad where ONBOARDINGCONFIGID  is not null) a where rnk =1 "
    },
    {
      "dataFrameName": "ACQUIRERNAME",
      "ignoreOnFailures": false,
      "showQuery": true,
      "sql": "SELECT APPLICATIONID , ACQUIRERNAME, CASEID,MLE_ID, STATUSCODE, AUTODECISION, CREATEDTIME as app_submission_time, CountryName from (select  ad.APPLICATIONID , ACQUIRERNAME, CASEID,ad.MLEID as MLE_ID, STATUSCODE,AUTODECISION,  ad.CREATEDTIME, cds.CountryName , row_number() over (partition by ad.APPLICATIONID order by ad.createdTimeInMillis desc) as rnk from Application_Dim ad  join Mle_Dim md on ad.MLEID = md.MLEID  join Address_Dim ad2 on ad2.KEY =md.ADDRESSKEY  join Country_DimSf cds on cds.Key = ad2.COUNTRYKEY  where ONBOARDINGCONFIGID  is not null) a  where rnk =1"
    },
    {
      "dataFrameName": "bdd",
      "ignoreOnFailures": false,
      "showQuery": true,
      "sql": "select  categoryCode, businessType, MLEID as mle_id, mleKey , MCC from BusinessDetail_Dim bdd  group by categoryCode, businessType, mle_id, mleKey, MCC"
    },
    {
      "dataFrameName": "bank_doc",
      "ignoreOnFailures": false,
      "showQuery": true,
      "sql": "SELECT concat_ws(',',collect_set(BANKDOCUMENTSTATUS)) as BANKDOCUMENTSTATUS, APPLICATIONID, MERCHANTACCOUNTID  from ApplicationAccounts_Dim aad  group by APPLICATIONID,MERCHANTACCOUNTID"
    },
    {
      "dataFrameName": "csf_rank",
      "ignoreOnFailures": false,
      "showQuery": true,
      "sql": "SELECT  QUEUE,  APPLICATIONID,  CREATEDTIME ,  row_number() over (partition by APPLICATIONID, queue order by CREATEDTIME asc) as rnk  from CaseStep_Fact "
    },
    {
      "dataFrameName": "csf",
      "ignoreOnFailures": false,
      "showQuery": true,
      "sql": "SELECT APPLICATIONID, QUEUE ,CREATEDTIME as start_time ,lead (CREATEDTIME, 1) over (partition by APPLICATIONID order by CREATEDTIME ) as last_time from CaseStep_Fact csf"
    },
    {
      "dataFrameName": "kyc",
      "ignoreOnFailures": false,
      "showQuery": true,
      "sql": "SELECT MLEID as MLE_ID, concat_ws(',',collect_set(DOBKYCSTATUS)) as DOBKYCSTATUS, concat_ws(',',collect_set(ADDRESSKYCSTATUS)) as ADDRESSKYCSTATUS from Principal_Dim pd where DOBKYCSTATUS is not null and LENGTH(MLEID)>0 group by MLE_ID"
    },
    {
      "dataFrameName": "case_df",
      "ignoreOnFailures": false,
      "showQuery": true,
      "sql": "SELECT  APPLICATIONID, concat_ws(',',collect_set(CASEID)) as CASEID_  from Application_Dim ad    GROUP  by APPLICATIONID"
    },
    {
      "dataFrameName": "SOB_APP_Dashboard",
      "ignoreOnFailures": false,
      "showQuery": true,
      "sql": "select distinct app_time.APPLICATIONID, app_time.CREATEDTIME as app_CREATEDTIME, case when caseid is not null then nvl(app_time.APPLCATIONSUBMITTEDTIME, app_time.CREATEDTIME) end as APPLCATIONSUBMITTEDTIME, app_time.TENANTID, app_time.BANKDOCUMENTSUPLOADPENDING, app_time.KYCDOCUMENTSUPLOADPENDING, ACQUIRERNAME.CASEID , ACQUIRERNAME.ACQUIRERNAME, ACQUIRERNAME.STATUSCODE, ACQUIRERNAME.AUTODECISION, app_time.REASONCODE, ocd.channel, ocd.partnerId, ocd.partnerName, md.LEGALNAME,  bdd.categoryCode, bdd.businessType, vrf.producttype, vrf.CHECKLEVEL, vrf.CHECKNAME, vrf.RECORDRESULT, addr.countryCode, case when rlike(BANKDOCUMENTSTATUS, 'UPLOAD_PENDING') then 1 else 0 end as BANK_UPLOAD_PENDING, case when rlike(BANKDOCUMENTSTATUS, 'REJECTED') then 1 else 0 end as BANK_REJECTED, case when rlike(DOBKYCSTATUS, 'UPLOAD_PENDING') then 1 else 0 end as DOB_UPLOAD_PENDING, case when rlike(DOBKYCSTATUS, 'REJECTED') then 1 else 0 end as DOB_REJECTED, case when rlike(ADDRESSKYCSTATUS, 'UPLOAD_PENDING') then 1 else 0 end as ADDR_UPLOAD_PENDING, case when rlike(ADDRESSKYCSTATUS, 'REJECTED') then 1 else 0 end as ADDR_REJECTED ,case_df.CASEID_ ,E.ACCOUNTENABLEDDATE ,ocd.ONBOARDINGCONFIGID ,E.MERCHANTACCOUNTID ,ACCOUNTTYPE, PAYMENTTYPE, PROCESSINGCURRENCY, SETTLEMENTCURRENCY, MCC ,Geneva_status , CountryName, case when app_time.tenantid= 'mobeu' and CountryName in ('United Kingdom', 'Switzerland', 'Gibraltar') then 'NON-EEA' when app_time.tenantid= 'mobeu' and CountryName in ('Austria', 'Belgium', 'Bulgaria', 'Croatia', 'Cyprus', 'Czech Republic', 'Denmark', 'Estonia', 'Finland', 'France', 'Germany', 'Greece', 'Hungary', 'Ireland', 'Italy', 'Latvia', 'Lithuania', 'Luxembourg', 'Malta', 'The Netherlands', 'Poland', 'Portugal', 'Romania', 'Slovakia', 'Slovenia', 'Spain', 'Sweden', 'Iceland', 'Liechtenstein', 'Norway', 'Netherlands') then 'EEA' end as `IES: EU EEA/Non- EEA` ,app_submission_time ,QUEUE,ADMINPRODUCTTYPECODE ,start_time,last_time, addr.state, current_timestamp() as refresh_Date from  app_time  join ACQUIRERNAME on app_time.APPLICATIONID = ACQUIRERNAME.APPLICATIONID join (select MLEID as MLE_ID, LEGALNAME , addressKey from Mle_Dim  where ISCURRENT = TRUE) md on md.MLE_ID=ACQUIRERNAME.MLE_ID left join (SELECT DISTINCT p.PARTNERID, p.PARTNERNAME, ONBOARDINGCONFIGID, channel from OnboardingConfig_Dim ocd join Partner_Dim p on ocd.PARTNERID=p.PARTNERID and p.ISCURRENT=TRUE) ocd  on ocd.ONBOARDINGCONFIGID=app_time.ONBOARDINGCONFIGID join bdd on bdd.mle_id = md.mle_id left join (select distinct vendor as producttype, CHECKLEVEL, CHECKNAME , RECORDRESULT , applicationId from VendorResponse_Fact where isactive= TRUE) vrf on vrf.applicationId = app_time.applicationId  left join Address_Dim addr on md.addressKey = addr.key left join kyc on kyc.mle_id=md.mle_id left join bank_doc on bank_doc.applicationId=ACQUIRERNAME.applicationId join case_df on case_df.applicationId=app_time.applicationId left join (SELECT distinct MERCHANTACCOUNTID, ACCOUNTENABLEDDATEUTC as ACCOUNTENABLEDDATE from PaymentAccount_Dim) E on E.MERCHANTACCOUNTID=bank_doc.MERCHANTACCOUNTID left join (SELECT distinct MERCHANTACCOUNTID, ACCOUNTTYPE, PAYMENTTYPE, PROCESSINGCURRENCY, SETTLEMENTCURRENCY from ApplicationAccounts_Dim) aad on aad.MERCHANTACCOUNTID=E.MERCHANTACCOUNTID left join (select DISTINCT statusCode as Geneva_status, MERCHANTACCOUNTID, PARTNERPRODUCTID from ProcessingAccount_Dim) pad on pad.MERCHANTACCOUNTID = aad.MERCHANTACCOUNTID left join (select distinct PARTNERPRODUCTID,ADMINPRODUCTTYPECODE from PartnerProduct_Dim where ISCURRENT = 'true') ppd on ppd.PARTNERPRODUCTID = pad.PARTNERPRODUCTID left join csf on csf.applicationId=ACQUIRERNAME.APPLICATIONID where partnerName <> 'PAYSAFE TEST'"
    },
    {
      "dataFrameName": "NON_SOB_APP_Dashboard",
      "ignoreOnFailures": false,
      "showQuery": true,
      "sql":"SELECT DISTINCT pad3.merchantaccountid, accountstatusreasonkey,CREATIONDATEUTC as account_initiate_date , CURRENTSTATUSSTARTDATEUTC  as current_status_date, SALESREGIONCODE , FIRSTACCOUNTENABLEDDATEUTC , ACCOUNTENABLEDDATEUTC , case SALESREGIONCODE when 'CAN' then 'mobisvca' when 'USA' then 'mobisvus' end as TENANTID , STATUSCODE, case when accountstatusreasonkey=50 then 'Country of operation'  when accountstatusreasonkey=51 then 'Company Information' when accountstatusreasonkey=52 then 'Business Information' when accountstatusreasonkey=53 then 'Ownership and Management' when accountstatusreasonkey=54 then 'Bank Information' else STATUSREASONCODE end  as STATUSREASONCODE,  pd.PARTNERNAME, MCC, MccDescription, LEGALENTITYNAME, BUSINESSTYPE,ADMINPRODUCTTYPECODE,ONBOARDINGCONFIGID, current_timestamp() as refresh_Date FROM ProcessingAccount_Dim pad3 join Partner_Dim pd on pd.PARTNERID = pad3.PARTNERID left join PartnerProduct_Dim ppd on pad3.PARTNERPRODUCTID=ppd.PARTNERPRODUCTID  left join Mcc_DimSf mds on mds.MccCode=pad3.MCC  left join ApplicationAccounts_Dim aad on aad.MERCHANTACCOUNTID=pad3.MERCHANTACCOUNTID WHERE  datediff(CREATIONDATEUTC,'2019-01-01')>=0 and SALESREGIONCODE <> 'UK'"
    },
    {
      "dataFrameName": "vrf",
      "ignoreOnFailures": false,
      "showQuery": true,
      "sql": "SELECT RESULT , CREATEDTIME , APPLICATIONID , CHECKNAME , CHECKLEVEL, vendor,TENANTID  from VendorResponse_Fact vrf  where  CHECKLEVEL in ('RULE', 'VENDOR', 'GLOBAL') and result in ('pass', 'fail') union select 'fail' result, CREATEDTIME , APPLICATIONID , CHECKNAME , CHECKLEVEL, vendor,TENANTID from vendorresponse_Fact where RESULT in ('vendorError', 'systemError', 'dataError') and CHECKLEVEL in ('VENDOR') union select 'fail' result, CREATEDTIME , APPLICATIONID , CHECKNAME , 'RULE' CHECKLEVEL, vendor,TENANTID from vendorresponse_Fact where RESULT in ('vendorError', 'systemError', 'dataError') and CHECKLEVEL in ('VENDOR')"
    },
    {
      "dataFrameName": "giact_app",
      "ignoreOnFailures": false,
      "showQuery": true,
      "sql": "select APPLICATIONID, count(*) cnt from (select distinct applicationid, result from vrf where  tenantid = 'mobisvus' and result in ('pass', 'fail') and vendor <> 'Giact' and CHECKLEVEL in ('RULE', 'VENDOR','GLOBAL')) a group by APPLICATIONID"
    },
    {
      "dataFrameName": "ecc",
      "ignoreOnFailures": false,
      "showQuery": true,
      "sql": "select APPLICATIONID, count(*) cnt from (select distinct applicationid, vendor, result from vrf where vendor = 'ExperianConsumerCredit' and CHECKLEVEL in ('RULE', 'VENDOR','GLOBAL')) a group by APPLICATIONID"
    },
    {
      "dataFrameName": "ebc",
      "ignoreOnFailures": false,
      "showQuery": true,
      "sql": "select APPLICATIONID, count(*) cnt from (select distinct applicationid, vendor, result from vrf where vendor = 'ExperianBusinessOwner' and CHECKLEVEL in ('RULE', 'VENDOR', 'GLOBAL')) a group by APPLICATIONID"
    },
    {
      "dataFrameName": "ctel_staging",
      "ignoreOnFailures": false,
      "showQuery": true,
      "sql": "select CHECKLEVEL, CHECKNAME, VENDOR, APPLICATIONID,TENANTID,  RESULT  from vrf  where vendor not in ('ExperianBusinessOwner','ExperianConsumerCredit','Transunion','Linkages') and tenantid <> 'mobisvus' union  select CHECKLEVEL, CHECKNAME, VENDOR, vrf.APPLICATIONID,TENANTID,  RESULT  from vrf join ebc on vrf.applicationid = ebc.applicationid where ebc.cnt=1 and vrf.result = 'pass'  and vrf.CHECKLEVEL in ('RULE', 'VENDOR','GLOBAL') and vendor in ('ExperianBusinessOwner', 'Transunion') union   select CHECKLEVEL, CHECKNAME, VENDOR, vrf.APPLICATIONID,TENANTID,  RESULT   from vrf join ebc on vrf.applicationid = ebc.applicationid where (cnt <> 1 and vrf. RESULT  in ('pass', 'fail'))  and vrf.CHECKLEVEL in ('RULE', 'VENDOR','GLOBAL') and vendor = 'Transunion' union   select CHECKLEVEL, CHECKNAME, VENDOR, vrf.APPLICATIONID,TENANTID,  RESULT   from vrf join ebc on vrf.applicationid = ebc.applicationid where (cnt = 1 and vrf. RESULT  ='fail')  and vrf.CHECKLEVEL in ('RULE', 'VENDOR','GLOBAL') and vendor = 'Transunion' union  select CHECKLEVEL, CHECKNAME, VENDOR, vrf.APPLICATIONID,TENANTID,  RESULT   from vrf join ecc on vrf.applicationid = ecc.applicationid where ecc.cnt=1 and vrf.result = 'pass'  and vrf.CHECKLEVEL in ('RULE', 'VENDOR','GLOBAL') and vendor in ('ExperianConsumerCredit', 'Transunion') union  select CHECKLEVEL, CHECKNAME, VENDOR, vrf.APPLICATIONID,TENANTID,  RESULT   from vrf join ecc on vrf.applicationid = ecc.applicationid where (cnt <> 1 and vrf. RESULT  in ('pass', 'fail'))   and vrf.CHECKLEVEL in ('RULE', 'VENDOR','GLOBAL') and vendor = 'Transunion' union  select CHECKLEVEL, CHECKNAME, VENDOR, vrf.APPLICATIONID,TENANTID,  RESULT   from vrf join ecc on vrf.applicationid = ecc.applicationid where (cnt = 1 and vrf. RESULT  ='fail') and vrf.CHECKLEVEL in ('RULE', 'VENDOR','GLOBAL') and vendor = 'Transunion' union   select CHECKLEVEL, CHECKNAME, VENDOR, vrf.APPLICATIONID,TENANTID,  RESULT   from vrf where applicationid not in (select APPLICATIONID from ecc union select APPLICATIONID from ebc) and vendor = 'Transunion' union  select CHECKLEVEL, CHECKNAME, VENDOR, vrf.APPLICATIONID,TENANTID, case when vendor = 'Giact' then 'pass' else  RESULT  end as  RESULT   from vrf join giact_app ga on vrf.applicationid = ga.applicationid where ga.cnt=1 and case when vendor = 'Giact' then 'pass' else  RESULT  end = 'pass' union  select CHECKLEVEL, CHECKNAME, VENDOR, vrf.APPLICATIONID,TENANTID,result from vrf join giact_app ga on vrf.applicationid = ga.applicationid where ga.cnt=1 and case when vendor = 'Giact' then 'pass' else  RESULT  end = 'fail' union  select CHECKLEVEL, CHECKNAME, VENDOR, vrf.APPLICATIONID,TENANTID,result from vrf join giact_app ga on vrf.applicationid = ga.applicationid where ga.cnt<>1"
    },
    {
      "dataFrameName": "ctel",
      "ignoreOnFailures": false,
      "showQuery": true,
      "sql": "select CHECKLEVEL, CHECKNAME, VENDOR, APPLICATIONID,TENANTID,  RESULT  from ctel_staging  where APPLICATIONID not in (select APPLICATIONID from  Application_Dim where salesagentid in ('07260','07259')) union select vrf.checkLevel , vrf.checkname, vrf.vendor, ad.applicationid, ad.tenantid, case when ad.tenantid = 'mobsmb' and ad.ACQUIRERNAME = 'WE' then 'pass' when vrf.createdtime > '2021-10-25' and vrf.checkname in ('linkages_merchant_contact_name_and_mle_name_or_dba_name_soft_check', 'linkages_mle_name_and_dba_name_and_owner_full_name_soft_check') then 'pass' else result end as Result from vrf join application_dim ad on vrf.applicationid = ad.applicationid where vrf.vendor  = 'Linkages' and vrf.APPLICATIONID not in (select APPLICATIONID from Application_Dim where salesagentid in ('07260','07259')) union select 'VENDOR' as CHECKLEVEL, 'LINKAGESTATUS' as CHECKNAME, 'Multilinkages' as VENDOR, ad.APPLICATIONID,ad.TENANTID, case when createdtime < '2021-10-13' then LINKAGESTATUS else 'pass' end as  RESULT from Application_Dim ad where ad.TENANTID = 'mobsmb' and APPLICATIONID not in (select APPLICATIONID from Application_Dim where salesagentid in ('07260','07259')) union select 'RULE' as CHECKLEVEL, 'LINKAGESTATUS' as CHECKNAME, 'Multilinkages' as VENDOR, ad.APPLICATIONID,ad.TENANTID, case when createdtime < '2021-10-13' then LINKAGESTATUS else 'pass' end as RESULT from Application_Dim ad where ad.TENANTID = 'mobsmb' and APPLICATIONID not in (select APPLICATIONID from Application_Dim where salesagentid in ('07260','07259')) union select 'VENDOR' as CHECKLEVEL, 'EPSG Status Check' as CHECKNAME, 'EPSG' as VENDOR, ad.APPLICATIONID,ad.TENANTID, 'pass' as  RESULT from Application_Dim ad where salesagentid in ('07259')  union select 'VENDOR' as CHECKLEVEL, 'Omega Status Check' as CHECKNAME, 'Omega Processing' as VENDOR, ad.APPLICATIONID,ad.TENANTID, 'pass' as  RESULT from Application_Dim ad where salesagentid in ('07260')  union select 'RULE' as CHECKLEVEL, 'EPSG Status Check' as CHECKNAME, 'EPSG' as VENDOR, ad.APPLICATIONID,ad.TENANTID, 'pass' as  RESULT from Application_Dim ad where salesagentid in ('07259')  union select 'RULE' as CHECKLEVEL, 'Omega Status Check' as CHECKNAME, 'Omega Processing' as VENDOR, ad.APPLICATIONID,ad.TENANTID, 'pass' as  RESULT from Application_Dim ad where salesagentid in ('07260')  union  select 'RULE' as CHECKLEVEL, 'RUNCREDITREPORT' as CHECKNAME, 'RUNCREDITREPORT' as VENDOR, ad.APPLICATIONID,ad.TENANTID, 'fail' as  RESULT from Application_Dim ad join (SELECT distinct MLEID, RUNCREDITREPORT from Principal_Dim where RUNCREDITREPORT = 'false' ) pd on ad.mleid = pd.mleid where  tenantid = 'mobsmb' union select 'VENDOR' as CHECKLEVEL, 'RUNCREDITREPORT' as CHECKNAME, 'RUNCREDITREPORT' as VENDOR, ad.APPLICATIONID,ad.TENANTID, 'fail' as  RESULT from Application_Dim ad join (SELECT distinct MLEID, RUNCREDITREPORT from Principal_Dim where RUNCREDITREPORT = 'false' ) pd on ad.mleid = pd.mleid where  tenantid = 'mobsmb'"
    },
    {
      "dataFrameName": "cte_createdtime",
      "ignoreOnFailures": false,
      "showQuery": true,
      "sql": "SELECT ad.csf_CREATEDTIME,  ad.APPLICATIONID, ad.onboardingconfigid, ad.ACQUIRERNAME, ad.Application_Origin, ad.RUNCREDITREPORT, ad.MCC_Check, ad.office from (SELECT createdtime as csf_CREATEDTIME,  ad.APPLICATIONID, onboardingconfigid,ACQUIRERNAME  ,case when onboardingConfigId is NULL then 'Non-SOB' else 'SOB' end as Application_Origin,case when ad.tenantid = 'mobsmb' then pd.RUNCREDITREPORT else NULL end as RUNCREDITREPORT,vrf.MCC_Check ,ad.office, row_number() over (partition by ad.APPLICATIONID order by ad.CREATEDTIME desc) as rnk from Application_Dim ad left join (SELECT distinct MLEID, RUNCREDITREPORT from Principal_Dim where RUNCREDITREPORT = 'false'  ) pd on ad.mleid = pd.mleid left join (select distinct applicationid, vendor, checkname, checklevel, result, 'fail' MCC_Check From vendorresponse_Fact where lower(checkname) like '%mcc%' and result = 'fail') vrf on ad.applicationid = vrf.applicationid where (statuscode <> 'MANUAL_WITHDRAW' or STATUSCODE is null) ) ad where rnk=1 "
    },
    {
      "dataFrameName": "adminprod",
      "ignoreOnFailures": false,
      "showQuery": true,
      "sql": "select aad.APPLICATIONid, pad.PARTNERPRODUCTID, ppd.ADMINPRODUCTTYPECODE from (select distinct applicationId, MERCHANTACCOUNTID from ApplicationAccounts_Dim) aad left join (select DISTINCT MERCHANTACCOUNTID,PARTNERPRODUCTID from ProcessingAccount_Dim) pad on pad.MERCHANTACCOUNTID = aad.MERCHANTACCOUNTID left join (select distinct PARTNERPRODUCTID,ADMINPRODUCTTYPECODE from PartnerProduct_Dim where ISCURRENT = 'true' and PARTNERID <> 19802) ppd on ppd.PARTNERPRODUCTID = pad.PARTNERPRODUCTID"
    },
    {
      "dataFrameName": "Simulator",
      "ignoreOnFailures": false,
      "showQuery": true,
      "sql": "select   CHECKLEVEL, CHECKNAME, VENDOR, ctel.APPLICATIONID,   cte_createdtime.Application_Origin,  csf_CREATEDTIME,   ctel.TENANTID,   case when  RESULT  = 'vendorError' then 'fail' else  RESULT  end as  RESULT,ADMINPRODUCTTYPECODE, case when ACQUIRERNAME = 'ME' then 'Merrick' when ACQUIRERNAME = 'WE' then 'Wells Fargo'   when ACQUIRERNAME = 'WF' then 'WNB'   else ACQUIRERNAME   end as ACQUIRERNAME, cte_createdtime.RUNCREDITREPORT,cte_createdtime.MCC_Check, cte_createdtime.OFFICE ,current_timestamp() as refresh_Date from ctel join cte_createdtime on cte_createdtime.APPLICATIONID=ctel.APPLICATIONID  left join adminprod on ctel.APPLICATIONID=adminprod.APPLICATIONID"
    },
    {
      "dataFrameName": "csf_time",
      "ignoreOnFailures": false,
      "showQuery": true,
      "sql": "select CREATEDTIME, APPLICATIONID,  tenantid , sourcetype, ONBOARDINGCONFIGID,SALESAGENTID, MCC_Check ,RUNCREDITREPORT, office from (SELECT ad.CREATEDTIME, ad.APPLICATIONID,  ad.tenantid , 'SOURCE' as sourcetype, ad.ONBOARDINGCONFIGID,ad.SALESAGENTID, vrf.MCC_Check ,case when ad.tenantid = 'mobsmb' then pd.RUNCREDITREPORT else NULL end as RUNCREDITREPORT, office, row_number() over (PARTITION by ad.APPLICATIONID order by ad.CREATEDTIME asc) as rnk from Application_Dim ad left join (SELECT distinct MLEID, RUNCREDITREPORT from Principal_Dim where RUNCREDITREPORT = 'false') pd on ad.mleid = pd.mleid left join (select distinct applicationid, vendor, checkname, checklevel, result, 'fail' MCC_Check From vendorresponse_Fact  where lower(checkname) like '%mcc%' and result = 'fail') vrf on ad.applicationid = vrf.applicationid where tenantid in ('mobeu','mobisvca','mobisvus','mobsmb','mobus')) ad where rnk = 1"
    },
    {
      "dataFrameName": "csf_status",
      "ignoreOnFailures": false,
      "showQuery": true,
      "sql": "select caseId, approvalStatus from (select caseId, approvalStatus, row_number() over (partition by APPLICATIONID order by createdTimeInMillis asc) as rnk from CaseStep_Fact  where approvalStatus is not null) csf where rnk = 1"
    },
    {
      "dataFrameName": "ad",
      "ignoreOnFailures": false,
      "showQuery": true,
      "sql": "select applicationid, caseid, statuscode,autodecision, reasoncode, MLEID as MLE_ID, case when LINKAGESTATUS='fail' then 'fail' when LINKAGESTATUS='pass' then 'pass' end as recordResult, 'RULE' as checkLevel, 'LINKAGESTATUS' as checkName, 'LINKAGESTATUS' as producttype from  Application_Dim ad   where isCurrent = TRUE   and TENANTID = 'mobsmb' union  select applicationid,caseid, statuscode,autodecision, reasoncode, MLEID as MLE_ID,  NULL as recordResult, NULL as checkLevel,  NULL as checkName,  NULL as producttype from Application_Dim ad   where isCurrent = TRUE "
    },
    {
      "dataFrameName": "ACQUIRERNAME_case",
      "ignoreOnFailures": false,
      "showQuery": true,
      "sql": "SELECT ad.APPLICATIONID , ad.ACQUIRERNAME,ad.ACQUIRERCODE, cds.CountryName,md.LEGALNAME from Application_Dim ad join  Mle_Dim md on ad.MLEID = md.MLEID and ad.isCurrent = TRUE and md.isCurrent = TRUE join Address_Dim ad2 on ad2.KEY =md.ADDRESSKEY join Country_DimSf cds on cds.Key = ad2.COUNTRYKEY"
    },
    {
      "dataFrameName": "bdd_case",
      "ignoreOnFailures": false,
      "showQuery": true,
      "sql": "select  categoryCode, businessType, MLEID as mle_id , bdd.MCC, MCC_DimSf.MccDescription from  BusinessDetail_Dim bdd left join  MCC_DimSf on bdd.MCC = MCC_DimSf.MccCode where bdd.ISCURRENT = true"
    },
    {
      "dataFrameName": "vrf_case",
      "ignoreOnFailures": false,
      "showQuery": true,
      "sql": "select RESULT, CREATEDTIME , APPLICATIONID , CHECKNAME, CHECKLEVEL ,vendor,TENANTID,contextString,  isactive,RECORDRESULT,internetPercentSwiped,motoPercentSwiped,retailSwipedPercentSwiped,retailKeyedPercentSwiped,highTicket  ,ISCARDPRESENT  from VendorResponse_Fact vrf  where  CHECKLEVEL in ('RULE', 'VENDOR')"
    },
    {
      "dataFrameName": "Case_Results",
      "ignoreOnFailures": false,
      "showQuery": true,
      "sql": "select DISTINCT   ad.caseId,  csf_time.createdTime as csf_createdTime,   csf_status.approvalStatus,  csf_time.tenantid,   csf_time.applicationid,  csf_time.salesagentid,  ad.statuscode,   ad.autodecision,   ad.reasoncode,  ocd.channel,  ocd.partnerId,  nvl(ocd.partnerName,aad.partnerName) as partnerName,  ocd.onboardingConfigId,  sourcetype,  case when ad.producttype = 'LINKAGESTATUS' then ad.checklevel else vrf.checkLevel end as checkLevel,  case when ad.producttype = 'LINKAGESTATUS' then ad.checkname else vrf.checkName end as checkName,   case when ad.producttype = 'LINKAGESTATUS' then null else vrf.contextString end as contextString,   case when ad.producttype = 'LINKAGESTATUS' then ad.producttype else vrf.vendor end as producttype,   case when ad.producttype = 'LINKAGESTATUS' then true else vrf.isactive end as vrf_isactive,   case when ad.producttype = 'LINKAGESTATUS' then null else vrf.ISCARDPRESENT end as ISCARDPRESENT,   case when ad.producttype = 'LINKAGESTATUS' then ad.recordresult     when vrf.RECORDRESULT = 'vendorError' then 'fail'     else vrf.RECORDRESULT end as result,  case when ocd.onboardingConfigId is NULL then 'Non-SOB' else 'SOB' end as Application_Origin,  case    when ACQUIRERNAME.ACQUIRERNAME = 'ME' then 'Merrick'   when ACQUIRERNAME.ACQUIRERNAME = 'WE' then 'Wells Fargo'   when ACQUIRERNAME.ACQUIRERNAME = 'WF' then 'WNB'   else ACQUIRERNAME.ACQUIRERNAME   end as ACQUIRERNAME ,  bdd.categoryCode,   bdd.businessType,  bdd.MCC,   bdd.MccDescription,  aad.PAYMENTTYPE,  case when ad.producttype = 'LINKAGESTATUS' then null else vrf.highTicket end as highTicket,   case when ad.producttype = 'LINKAGESTATUS' then null    when (vrf.internetPercentSwiped + vrf.motoPercentSwiped + vrf.retailKeyedPercentSwiped) between 31 and 100 then 1 end as card_not_present,  case when ad.producttype = 'LINKAGESTATUS' then null    when (vrf.retailSwipedPercentSwiped) between 70 and 100 then 1 end as card_present,  pad.MERCHANTACCOUNTID,   pad.Geneva_status,  ACQUIRERNAME.CountryName,  ppd.ADMINPRODUCTTYPECODE,  case    when csf_time.tenantid= 'mobeu' and ACQUIRERNAME.CountryName in ('United Kingdom', 'Switzerland', 'Gibraltar') then 'NON-EEA'   when csf_time.tenantid= 'mobeu' and ACQUIRERNAME.CountryName in ('Austria', 'Belgium', 'Bulgaria', 'Croatia', 'Cyprus', 'Czech Republic', 'Denmark', 'Estonia', 'Finland', 'France', 'Germany', 'Greece', 'Hungary', 'Ireland', 'Italy', 'Latvia', 'Lithuania', 'Luxembourg', 'Malta', 'The Netherlands', 'Poland', 'Portugal', 'Romania', 'Slovakia', 'Slovenia', 'Spain', 'Sweden', 'Iceland','Liechtenstein', 'Norway', 'Netherlands') then 'EEA'   end as `IES: EU EEA/Non- EEA`,MCC_Check, RUNCREDITREPORT, csf_time.office, current_timestamp() as refresh_Date  from  csf_time   left join  ad on ad.applicationid = csf_time.APPLICATIONID  left join  csf_status on ad.caseid=csf_status.caseid  left join (select  APPLICATIONID, PARTNERID, PARTNERNAME, concat_ws(',',collect_set(PAYMENTTYPE)) as  PAYMENTTYPE from  ApplicationAccounts_Dim  group by APPLICATIONID, PARTNERID, PARTNERNAME) aad on aad.applicationId=csf_time.APPLICATIONID  left join (select DISTINCT channel, partnerId, partnerName, ONBOARDINGCONFIGID from OnboardingConfig_Dim where PARTNERNAME is not NULL) ocd on ocd.ONBOARDINGCONFIGID=csf_time.ONBOARDINGCONFIGID  left join vrf_case vrf on csf_time.applicationId = vrf.applicationId   left join ACQUIRERNAME_case ACQUIRERNAME on ad.APPLICATIONID = ACQUIRERNAME.APPLICATIONID  left join bdd_case bdd on bdd.mle_id = ad.mle_id  left join (select distinct applicationId, MERCHANTACCOUNTID from ApplicationAccounts_Dim   ) aad1 on aad.applicationId=aad1.APPLICATIONID  left join (select DISTINCT statusCode as Geneva_status, MERCHANTACCOUNTID,PARTNERPRODUCTID from ProcessingAccount_Dim   ) pad on pad.MERCHANTACCOUNTID = aad1.MERCHANTACCOUNTID  left join (select distinct PARTNERPRODUCTID,ADMINPRODUCTTYPECODE from PartnerProduct_Dim where ISCURRENT = 'true') ppd on ppd.PARTNERPRODUCTID = pad.PARTNERPRODUCTID  where lower(csf_time.Applicationid) not like '%test%' or lower(ACQUIRERNAME.LEGALNAME) not like '%test%'  or lower(ocd.PARTNERNAME) not like '%test%'"
    }
  ],
  "outputs": {
    "SOB_APP_Dashboard": {
      "vertica": {
        "schema": "MM",
        "table": "SOB_APP_KPI_Dashboard",
        "mode": "Overwrite"
      }
    },
    "NON_SOB_APP_Dashboard": {
      "vertica": {
        "schema": "MM",
        "table": "NON_SOB_APP_KPI_Dashboard",
        "mode": "Overwrite"
      }
    },
    "Simulator": {
      "vertica": {
        "schema": "MM",
        "table": "Simulator",
        "mode": "Overwrite"
      }
    },
    "Case_Results": {
      "vertica": {
        "schema": "MM",
        "table": "CaseResults",
        "mode": "Overwrite"
      }
    }
  },
  "explain": true,
  "showPreviewLines": 42,
  "showQuery": true,
  "cacheOnPreview": true,
  "logLevel": "WARN",
  "cacheCountOnOutput": false,
  "continueOnFailedStep": false,
  "enableHiveSupport": false
}