{
  "inputs":{
    "metadata":{
      "file":{
        "path":"s3://paysafe-unity-netbanx-mgr-332318758586-ca-central-1/fp-unity/dynamo_dump/fp_metadata/",
        "format":"json"
      }
    }
  },
  "connectionProperties":{
    "vertica":{
      "db":"verticadb",
      "secretType":"AWSSECRET",
      "secretKey":"ppbi_credentials",
      "host":"vertica.edl2.non-prod.paysafe.cloud"
    }
  },
  "stages":[
    {
      "dataFrameName":"fp_metadata",
      "ignoreOnFailures":false,
      "showQuery":true,
      "sql":"select CONFIGID,ID as FILENAME,FILESTATUS,FILEDATE,JOBMETADATA.FPJOB.appId as parsingAppId,JOBMETADATA.FPJOB.clusterId as parsingClusterId,cast (JOBMETADATA.FPJOB.txnCount as INTEGER) as parsingCount,JOBMETADATA.RAWCOUNT.appId as rawAppId,JOBMETADATA.RAWCOUNT.clusterId as rawClusterId,cast (JOBMETADATA.RAWCOUNT.txnCount as INTEGER) as rawCount, cast (JOBMETADATA.DUPCHECK.dupCount as INTEGER) as duplicateCount,updatedTime from metadata"
    }
  ],
  "outputs":{
    "fp_metadata":{
      "vertica":{
        "schema":"ppbi",
        "table":"fp_metadata",
        "mode":"Overwrite"
      }
    }
  },
  "explain":true,
  "showPreviewLines":42,
  "showQuery":true,
  "cacheOnPreview":true,
  "logLevel":"WARN",
  "appName":"FP_METADATA_LOAD",
  "cacheCountOnOutput":false,
  "continueOnFailedStep":false,
  "enableHiveSupport":false
}