{
  "emrName":"merchant-load",
  "usecase":"mm-etl",
  "DeltaPreparation1Input":{
    "livyCommand":{
      "args":[
        "s3://paysafe-unity-netbanx-mgr-{EDL1ACCOUNTID}-ca-central-1/merchant-unity/inputs/JobProperties.json",
        "s3://paysafe-unity-netbanx-mgr-{EDL1ACCOUNTID}-ca-central-1/merchant-unity/configs/nbxpreparation/NbxPreparationPayloadFullload.json"
      ],
      "file":"s3://paysafe-unity-netbanx-mgr-{EDL1ACCOUNTID}-ca-central-1/merchant-unity/jars/paysafe-upf-merchant-etl-all.jar",
      "conf":{
        "spark.executor.memory":"10G",
        "spark.executor.cores":"2",
        "spark.driver.memory":"10G",
        "spark.yarn.submit.waitAppCompletion":"false",
        "spark.submit.deployMode":"cluster",
        "spark.master":"yarn",
        "spark.dynamicAllocation.enabled":"true",
        "spark.shuffle.service.enabled":"true",
        "spark.dynamicAllocation.maxExecutors":"100"
      },
      "className":"com.paysafe.upf.merchant.etl.app.NbxApp"
    },
    "jobName":"mm-etl-nbx-preparation",
    "timeoutSeconds":108000
  },
  "DeltaPreparation2Input":{
    "livyCommand":{
      "args":[
        "s3://paysafe-unity-netbanx-mgr-{EDL1ACCOUNTID}-ca-central-1/merchant-unity/inputs/JobProperties.json",
        "s3://paysafe-unity-netbanx-mgr-{EDL1ACCOUNTID}-ca-central-1/merchant-unity/configs/sobpreparation/SobPrepationConfig.json"
      ],
      "file":"s3://paysafe-unity-netbanx-mgr-{EDL1ACCOUNTID}-ca-central-1/merchant-unity/jars/paysafe-upf-merchant-etl-all.jar",
      "conf":{
        "spark.yarn.submit.waitAppCompletion":"false",
        "spark.submit.deployMode":"cluster",
        "spark.master":"yarn",
        "spark.driver.memory":"100G",
        "spark.executor.memory":"10G",
        "spark.driver.maxResultSize":"3G",
        "spark.executor.cores":"2",
        "spark.dynamicAllocation.enabled":"true",
        "spark.shuffle.service.enabled":"true",
        "spark.dynamicAllocation.maxExecutors":"100"
      },
      "className":"com.paysafe.upf.merchant.etl.app.SobApp_LowerEnv"
    },
    "jobName":"mm-etl-sob-preparation",
    "timeoutSeconds":108000
  },
  "DataCDMLoadInput":{
    "livyCommand":{
      "args":[
        "s3://paysafe-unity-netbanx-mgr-{EDL1ACCOUNTID}-ca-central-1/merchant-unity/inputs/JobProperties.json",
        "s3://paysafe-unity-netbanx-mgr-{EDL1ACCOUNTID}-ca-central-1/merchant-unity/inputs/MMCDMFullload.json"
      ],
      "file":"s3://paysafe-unity-netbanx-mgr-{EDL1ACCOUNTID}-ca-central-1/merchant-unity/jars/paysafe-upf-merchant-etl-all.jar",
      "conf": {
        "spark.yarn.submit.waitAppCompletion":"false",
        "spark.submit.deployMode":"cluster",
        "spark.master":"yarn",
        "spark.executor.memory":"20G",
        "spark.executor.cores":"3",
        "spark.driver.memory":"20G",
        "spark.driver.memoryOverhead": "5G",
        "spark.sql.parquet.writeLegacyFormat":"true",
        "spark.dynamicAllocation.enabled":"true",
        "spark.sql.crossJoin.enabled":"true",
        "spark.shuffle.service.enabled":"true",
        "spark.dynamicAllocation.maxExecutors":"100",
        "spark.sql.sources.partitionOverwriteMode": "dynamic"
      },
      "className":"com.paysafe.upf.merchant.etl.app.DataTransformationApp"
    },
    "jobName":"mm-etl-cdmLoad",
    "timeoutSeconds":108000
  },
  "DataTransformationInput":{
    "livyCommand":{
      "args":[
        "s3://paysafe-unity-netbanx-mgr-{EDL1ACCOUNTID}-ca-central-1/merchant-unity/inputs/JobProperties.json",
        "s3://paysafe-unity-netbanx-mgr-{EDL1ACCOUNTID}-ca-central-1/merchant-unity/inputs/MMFullload.json"
      ],
      "file":"s3://paysafe-unity-netbanx-mgr-{EDL1ACCOUNTID}-ca-central-1/merchant-unity/jars/paysafe-upf-merchant-etl-all.jar",
      "conf":{
        "spark.yarn.submit.waitAppCompletion":"false",
        "spark.submit.deployMode":"cluster",
        "spark.master":"yarn",
        "spark.executor.memory":"20G",
        "spark.executor.cores":"5",
        "spark.driver.memory":"20G",
        "spark.sql.parquet.writeLegacyFormat":"true",
        "spark.dynamicAllocation.enabled":"true",
        "spark.sql.crossJoin.enabled":"true",
        "spark.shuffle.service.enabled":"true",
        "spark.dynamicAllocation.maxExecutors":"100"
      },
      "className":"com.paysafe.upf.merchant.etl.app.DataTransformationApp"
    },
    "jobName":"mm-etl-transformation",
    "timeoutSeconds":108000
  },
  "VerticaLoadInput":{
    "livyCommand":{
      "args":[
        "s3://paysafe-unity-netbanx-mgr-{EDL2ACCOUNTID}-ca-central-1/merchant-unity/inputs/JobProperties.json",
        "s3://paysafe-unity-netbanx-mgr-{EDL2ACCOUNTID}-ca-central-1/merchant-unity/inputs/MMVerticaLoad.json"
      ],
      "file":"s3://paysafe-unity-netbanx-mgr-{EDL2ACCOUNTID}-ca-central-1/merchant-unity/jars/paysafe-upf-merchant-etl-all.jar",
      "conf":{
        "spark.yarn.submit.waitAppCompletion":"false",
        "spark.submit.deployMode":"cluster",
        "spark.master":"yarn",
        "spark.executor.memory":"2G",
        "spark.executor.cores":"2",
        "spark.driver.memory":"2G"
      },
      "className":"com.paysafe.upf.merchant.etl.app.VerticaDataLoadApp"
    },
    "jobName":"mm-vertica-load",
    "emrName":"merchant-load",
    "usecase":"mm-etl",
    "configId" : "MM-Etl-VerticaLoad",
    "timeoutSeconds":108000
  },
  "delay_seconds":"1000"
}