{
  "id" : "paymentProcessing_usAcquiring_FDR_DFM009Chargeback",
  "businessUnit" : "usAcquiring",
  "schema" : "BISME",
  "table" : "**Please modify accordingly**",
  "columnMetaData" : {
    "UNITYFILENAME" : {
      "dataType" : "varchar(100)",
      "udf" : "O_FILEDATE"
    },
    "UNITYFILEDATE" : {
      "dataType" : "TIMESTAMP",
      "udf" : "to_timestamp(parseRegex(O_FILEDATE,\"Paysafe_.*_([0-9]{14}).*\"),'yyyyMMddHHmmss')"
    },
    "ENVELOPECREATIONTIME" : {
      "dataType" : "TIMESTAMP"
    },
    "ENVELOPEFILENAME" : {
      "dataType" : "varchar(100)"
    },
    "ENVELOPEFILEDATE" : {
      "dataType" : "DATE",
      "udf" : "to_date(ENVELOPEFILEDATE,'yyyyMMdd')"
    },
    "ENVELOPEJOBNAME" : {
      "dataType" : "varchar(100)"
    },
    "ENVELOPEREPORTNAME" : {
      "dataType" : "varchar(100)"
    },
    "ENVELOPEPROCESSORNAME" : {
      "dataType" : "varchar(100)"
    },
    "ENVELOPEPROCESSORPLATFORM" : {
      "dataType" : "varchar(100)"
    },
    "ENVELOPEBUSINESSLOCATION" : {
      "dataType" : "varchar(100)"
    },
    "ENVELOPEBUSINESSUNIT" : {
      "dataType" : "varchar(100)"
    },
    "RECORD_TYPE" : {
      "dataType" : "VARCHAR(50)"
    },
    "HIERARCHY_ID" : {
      "dataType" : "VARCHAR(50)"
    },
    "HIERARCHY_LEVEL_NO" : {
      "dataType" : "VARCHAR(50)"
    },
    "LOCATION_ID" : {
      "dataType" : "VARCHAR(50)"
    },
    "LOCATION_DBA_NAME" : {
      "dataType" : "VARCHAR(250)"
    },
    "STORE_NUMBER" : {
      "dataType" : "VARCHAR(50)"
    },
    "EXTERNAL_ID" : {
      "dataType" : "VARCHAR(50)"
    },
    "DISPUTE_TYPE" : {
      "dataType" : "VARCHAR(250)"
    },
    "REQUEST_TYPE" : {
      "dataType" : "VARCHAR(50)"
    },
    "STATUS_DATE" : {
      "dataType" : "DATE",
      "udf" : "to_date(STATUS_DATE,'yyyyMMdd')"
    },
    "STATUS_DESCRIPTION" : {
      "dataType" : "VARCHAR(50)"
    },
    "REQUEST_DATE" : {
      "dataType" : "DATE",
      "udf" : "to_date(REQUEST_DATE,'yyyyMMdd')"
    },
    "CHARGEBACK_CURRENCY_CODE" : {
      "dataType" : "VARCHAR(50)"
    },
    "DISPUTE_AMOUNT_SIGN" : {
      "dataType" : "VARCHAR(50)"
    },
    "DISPUTE_AMOUNT" : {
      "dataType" : "MONEY(18,4)",
      "udf" : "getDecimalSignAmount(DISPUTE_AMOUNT)"
    },
    "DISPUTEAMOUNTSIGNED" : {
      "dataType" : "MONEY(18,4)",
      "udf" : "concat(DISPUTE_AMOUNT_SIGN, cast(regexp_replace(DISPUTE_AMOUNT,'[^0-9.-]','') as decimal(18,4)))"
    },
    "REASON_CODE" : {
      "dataType" : "VARCHAR(50)"
    },
    "REASON_CODE_DESCRIPTION" : {
      "dataType" : "VARCHAR(250)"
    },
    "IDS_CASE_NUMBER" : {
      "dataType" : "VARCHAR(50)"
    },
    "DUE_DATE" : {
      "dataType" : "DATE",
      "udf" : "to_date(DUE_DATE,'yyyyMMdd')"
    },
    "ACQUIRER_REFERENCE_NUMBER" : {
      "dataType" : "VARCHAR(50)"
    },
    "CLEARINGDATEREFERENCENUMBER" : {
      "dataType" : "DATE",
      "udf" : "case when length(CLEARINGDATEREFERENCENUMBER) != 23 then null else toJulianDate(substring($col,8,4),'yyyy-MM-dd')"
    },
    "CHARGEBACK_CYCLE" : {
      "dataType" : "VARCHAR(50)"
    },
    "FIRST_CHARGEBACK_DATE" : {
      "dataType" : "DATE",
      "udf" : "to_date(FIRST_CHARGEBACK_DATE,'yyyyMMdd')"
    },
    "SECOND_CHARGEBACK_DATE" : {
      "dataType" : "DATE",
      "udf" : "to_date(SECOND_CHARGEBACK_DATE,'yyyyMMdd')"
    },
    "CARD_TYPE" : {
      "dataType" : "VARCHAR(50)"
    },
    "CARD_NUMBER" : {
      "dataType" : "VARCHAR(50)"
    },
    "CARDNUMBERFIRST6" : {
      "dataType" : "VARCHAR(512)",
      "udf" : "BIN"
    },
    "CARDNUMBERLAST4" : {
      "dataType" : "VARCHAR(512)",
      "udf" : "CARDLASTFOURDIGIT"
    },
    "EXP_DATE" : {
      "dataType" : "VARCHAR(50)"
    },
    "ADJUSTMENT_DATE" : {
      "dataType" : "DATE",
      "udf" : "to_date(ADJUSTMENT_DATE,'yyyyMMdd')"
    },
    "TRANSACTION_DATE" : {
      "dataType" : "DATE",
      "udf" : "to_date(TRANSACTION_DATE,'yyyyMMdd')"
    },
    "BATCH_DATE" : {
      "dataType" : "DATE",
      "udf" : "to_date(BATCH_DATE,'yyyyMMdd')"
    },
    "BATCH_NUMBER" : {
      "dataType" : "VARCHAR(50)"
    },
    "PROCESSED_TRANSACTION_CURRENCY_CODE" : {
      "dataType" : "VARCHAR(50)"
    },
    "PROCESSED_TRANSACTION_AMOUNT_SIGN" : {
      "dataType" : "VARCHAR(50)"
    },
    "PROCESSED_TRANSACTION_AMOUNT" : {
      "dataType" : "MONEY(18,4)",
      "udf" : "getDecimalSignAmount(PROCESSED_TRANSACTION_AMOUNT)"
    },
    "PROCESSEDTRANSACTIONAMOUNTSIGNED" : {
      "dataType" : "MONEY(18,4)",
      "udf" : "concat(PROCESSED_TRANSACTION_AMOUNT_SIGN, cast(regexp_replace(PROCESSED_TRANSACTION_AMOUNT,'[^0-9.-]','') as decimal(18,4)))"
    },
    "AUTHORIZATION_CODE" : {
      "dataType" : "VARCHAR(50)"
    },
    "INVOICE_NUMBER" : {
      "dataType" : "VARCHAR(50)"
    },
    "AIRLINE_TICKET_NUMBER" : {
      "dataType" : "VARCHAR(50)"
    },
    "AIRLINETICKETNUMBERLAST25PCT" : {
      "dataType" : "VARCHAR(512)",
      "udf" : "AIRLINE_TICKET_NUMBER"
    },
    "SIC_CODE" : {
      "dataType" : "VARCHAR(50)"
    },
    "RECEIVE_DATE" : {
      "dataType" : "DATE",
      "udf" : "to_date(RECEIVE_DATE,'yyyyMMdd')"
    },
    "ADJUSTMENT_AMOUNT_SIGN" : {
      "dataType" : "VARCHAR(50)"
    },
    "ADJUSTMENT_AMOUNT" : {
      "dataType" : "MONEY(18,4)",
      "udf" : "getDecimalSignAmount(ADJUSTMENT_AMOUNT)"
    },
    "ADJUSTMENTAMOUNTSIGNED" : {
      "dataType" : "MONEY(18,4)",
      "udf" : "concat(ADJUSTMENT_AMOUNT_SIGN, cast(regexp_replace(ADJUSTMENT_AMOUNT,'[^0-9.-]','') as decimal(18,4)))"
    },
    "SUBMERCHANT_ID" : {
      "dataType" : "VARCHAR(50)"
    },
    "SOFT_DESCRIPTOR" : {
      "dataType" : "VARCHAR(50)"
    },
    "SPECIAL_REFERENCE_2" : {
      "dataType" : "VARCHAR(50)"
    },
    "SUBMITTED_TRANSACTION_CURRENCY_CODE" : {
      "dataType" : "VARCHAR(50)"
    },
    "SUBMITTED_TRANSACTION_AMOUNT_SIGN" : {
      "dataType" : "VARCHAR(50)"
    },
    "SUBMITTED_TRANSACTION_AMOUNT" : {
      "dataType" : "MONEY(18,4)",
      "udf" : "getDecimalSignAmount(SUBMITTED_TRANSACTION_AMOUNT)"
    },
    "SUBMITTEDTRANSACTIONAMOUNTSIGNED" : {
      "dataType" : "MONEY(18,4)",
      "udf" : "concat(SUBMITTED_TRANSACTION_AMOUNT_SIGN, cast(regexp_replace(SUBMITTED_TRANSACTION_AMOUNT,'[^0-9.-]','') as decimal(18,4)))"
    },
    "TRANSACTION_SERVICE_CODE" : {
      "dataType" : "VARCHAR(50)"
    },
    "TRANSACTION_POS_ENTRY_MODE" : {
      "dataType" : "VARCHAR(50)"
    },
    "WORK_TYPE" : {
      "dataType" : "VARCHAR(50)"
    },
    "LOAN_NUMBER" : {
      "dataType" : "VARCHAR(50)"
    },
    "LOANNUMBERLAST25PCT" : {
      "dataType" : "VARCHAR(512)",
      "udf" : "LOAN_NUMBER"
    },
    "WORK_ORDER_NUMBER" : {
      "dataType" : "VARCHAR(50)"
    },
    "MOBILE_INDICATOR" : {
      "dataType" : "VARCHAR(50)"
    },
    "USER_DATA_2" : {
      "dataType" : "VARCHAR(250)"
    },
    "SPECIAL_REFERENCE_1" : {
      "dataType" : "VARCHAR(250)"
    },
    "CB_RESPONSE_RECEIVED" : {
      "dataType" : "VARCHAR(250)"
    },
    "CURRENT_STATUS" : {
      "dataType" : "VARCHAR(250)"
    },
    "RESPONDED_ON_DATE" : {
      "dataType" : "DATE",
      "udf" : "to_date(RESPONDED_ON_DATE,'yyyyMMdd')"
    },
    "DEBIT_NETWORK_ID" : {
      "dataType" : "VARCHAR(250)"
    },
    "DEBIT_NETWORK_DESCRIPTION" : {
      "dataType" : "VARCHAR(250)"
    },
    "FILLER" : {
      "dataType" : "VARCHAR(250)"
    }
  },
  "dropColumns" : [ "CONFIGID", "MD5", "ROWKEY", "ROWTYPE", "FILELOCATION", "FILEDATE", "INDEX", "O_FILEDATE", "FILENAME", "BIN", "CARDLASTFOURDIGIT", "ISTRANSACTIONACTIVE", "UPDATEDON" ],
  "srcPrefix" : "fp-unity/paymentProcessing_usAcquiring_FDR_DFM009Chargeback/forex/dest/"
}