{
  "id" : "paymentProcessing_usAcquiring_FDR_DFM021AUTH",
  "businessUnit" : "usAcquiring",
  "schema" : "BISME",
  "table" : "**Please modify accordingly**",
  "columnMetaData" : {
    "UNITYFILENAME" : {
      "dataType" : "varchar(100)",
      "udf" : "O_FILEDATE"
    },
    "UNITYFILEDATE" : {
      "dataType" : "TIMESTAMP",
      "udf" : "to_timestamp(parseRegex(O_FILEDATE,\"Paysafe_.*_([0-9]{14}).*\"),'yyyyMMddHHmmss')"
    },
    "ENVELOPECREATIONTIME" : {
      "dataType" : "TIMESTAMP"
    },
    "ENVELOPEFILENAME" : {
      "dataType" : "varchar(100)"
    },
    "ENVELOPEFILEDATE" : {
      "dataType" : "DATE",
      "udf" : "to_date(ENVELOPEFILEDATE,'yyyyMMdd')"
    },
    "ENVELOPEJOBNAME" : {
      "dataType" : "varchar(100)"
    },
    "ENVELOPEREPORTNAME" : {
      "dataType" : "varchar(100)"
    },
    "ENVELOPEPROCESSORNAME" : {
      "dataType" : "varchar(100)"
    },
    "ENVELOPEPROCESSORPLATFORM" : {
      "dataType" : "varchar(100)"
    },
    "ENVELOPEBUSINESSLOCATION" : {
      "dataType" : "varchar(100)"
    },
    "ENVELOPEBUSINESSUNIT" : {
      "dataType" : "varchar(100)"
    },
    "RECORD_TYPE" : {
      "dataType" : "VARCHAR(50)"
    },
    "HIERARCHY_ID" : {
      "dataType" : "VARCHAR(50)"
    },
    "HIERARCHY_LEVEL_NO" : {
      "dataType" : "VARCHAR(50)"
    },
    "LOCATION_ID" : {
      "dataType" : "VARCHAR(50)"
    },
    "LOCATION_DBA_NAME" : {
      "dataType" : "VARCHAR(250)"
    },
    "STORE_NUMBER" : {
      "dataType" : "VARCHAR(50)"
    },
    "EXTERNAL_ID" : {
      "dataType" : "VARCHAR(50)"
    },
    "CURRENCY_CODE" : {
      "dataType" : "VARCHAR(50)"
    },
    "CARD_TYPE" : {
      "dataType" : "VARCHAR(50)"
    },
    "CARDHOLDER_NUMBER" : {
      "dataType" : "VARCHAR(50)"
    },
    "CARDNUMBERFIRST6" : {
      "dataType" : "VARCHAR(512)",
      "udf" : "BIN"
    },
    "CARDNUMBERLAST4" : {
      "dataType" : "VARCHAR(512)",
      "udf" : "CARDLASTFOURDIGIT"
    },
    "EXPIRATION_DATE" : {
      "dataType" : "VARCHAR(50)"
    },
    "AUTH_AMOUNT_SIGN" : {
      "dataType" : "VARCHAR(50)"
    },
    "AUTH_AMOUNT" : {
      "dataType" : "MONEY(18,4)",
      "udf" : "getDecimalSignAmount(AUTH_AMOUNT)"
    },
    "AUTHAMOUNTSIGNED" : {
      "dataType" : "MONEY(18,4)",
      "udf" : "concat(AUTH_AMOUNT_SIGN, cast(regexp_replace(AUTH_AMOUNT,'[^0-9.-]','') as decimal(18,4)))"
    },
    "AUTH_TIME" : {
      "dataType" : "VARCHAR(50)"
    },
    "AUTH_DATE" : {
      "dataType" : "DATE",
      "udf" : "to_date(AUTH_DATE,'yyyyMMdd')"
    },
    "AUTHDATETIME" : {
      "dataType" : "TIMESTAMP",
      "udf" : "concat(to_date(AUTH_DATE,'yyyyMMdd'),' ',AUTH_TIME)"
    },
    "AUTH_CODE" : {
      "dataType" : "VARCHAR(50)"
    },
    "AVS_FLAG" : {
      "dataType" : "VARCHAR(50)"
    },
    "RESPONSE_CODE" : {
      "dataType" : "VARCHAR(50)"
    },
    "SERVICE_CODE" : {
      "dataType" : "VARCHAR(50)"
    },
    "AUTH_TRANS_CODE" : {
      "dataType" : "VARCHAR(50)"
    },
    "ACI" : {
      "dataType" : "VARCHAR(50)"
    },
    "CAVV" : {
      "dataType" : "VARCHAR(50)"
    },
    "MC_PROMOTION_CODE" : {
      "dataType" : "VARCHAR(50)"
    },
    "MC_POS_DATA_CODES" : {
      "dataType" : "VARCHAR(50)"
    },
    "VISA_VALID_CODE" : {
      "dataType" : "VARCHAR(50)"
    },
    "VISA_DYNAMIC_CURRENCY_CODE" : {
      "dataType" : "VARCHAR(50)"
    },
    "ORDER_NUMBER" : {
      "dataType" : "VARCHAR(50)"
    },
    "USER_DATA_2" : {
      "dataType" : "VARCHAR(250)"
    },
    "FILLER" : {
      "dataType" : "VARCHAR(2500)"
    }
  },
  "dropColumns" : [ "CONFIGID", "MD5", "ROWKEY", "ROWTYPE", "FILELOCATION", "FILEDATE", "INDEX", "O_FILEDATE", "FILENAME", "BIN", "CARDLASTFOURDIGIT", "ISTRANSACTIONACTIVE", "UPDATEDON" ],
  "srcPrefix" : "fp-unity/paymentProcessing_usAcquiring_FDR_DFM021AUTH/forex/dest/"
}