{
  "id" : "paymentProcessing_usAcquiring_FDR_DFM014LOCATIONTRAILER",
  "businessUnit" : "usAcquiring",
  "schema" : "BISME",
  "table" : "**Please modify accordingly**",
  "columnMetaData" : {
    "UNITYFILENAME" : {
      "dataType" : "varchar(100)",
      "udf" : "O_FILEDATE"
    },
    "UNITYFILEDATE" : {
      "dataType" : "TIMESTAMP",
      "udf" : "to_timestamp(parseRegex(O_FILEDATE,\"Paysafe_.*_([0-9]{14}).*\"),'yyyyMMddHHmmss')"
    },
    "ENVELOPECREATIONTIME" : {
      "dataType" : "TIMESTAMP"
    },
    "ENVELOPEFILENAME" : {
      "dataType" : "varchar(100)"
    },
    "ENVELOPEFILEDATE" : {
      "dataType" : "DATE",
      "udf" : "to_date(ENVELOPEFILEDATE,'yyyyMMdd')"
    },
    "ENVELOPEJOBNAME" : {
      "dataType" : "varchar(100)"
    },
    "ENVELOPEREPORTNAME" : {
      "dataType" : "varchar(100)"
    },
    "ENVELOPEPROCESSORNAME" : {
      "dataType" : "varchar(100)"
    },
    "ENVELOPEPROCESSORPLATFORM" : {
      "dataType" : "varchar(100)"
    },
    "ENVELOPEBUSINESSLOCATION" : {
      "dataType" : "varchar(100)"
    },
    "ENVELOPEBUSINESSUNIT" : {
      "dataType" : "varchar(100)"
    },
    "RECORD_TYPE" : {
      "dataType" : "VARCHAR(50)"
    },
    "HIERARCHY_ID" : {
      "dataType" : "VARCHAR(50)"
    },
    "HIERARCHY_LEVEL_NO" : {
      "dataType" : "VARCHAR(50)"
    },
    "LOCATION_ID" : {
      "dataType" : "VARCHAR(50)"
    },
    "LOCATION_DBA_NAME" : {
      "dataType" : "VARCHAR(250)"
    },
    "STORE_NUMBER" : {
      "dataType" : "VARCHAR(50)"
    },
    "EXTERNAL_ID" : {
      "dataType" : "VARCHAR(50)"
    },
    "FUNDED_DATE" : {
      "dataType" : "DATE",
      "udf" : "to_date(FUNDED_DATE,'yyyyMMdd')"
    },
    "002_RECORDS_COUNT" : {
      "dataType" : "INTEGER"
    },
    "003_RECORDS_COUNT" : {
      "dataType" : "INTEGER"
    },
    "003_RECORDS_AMOUNT_SIGN" : {
      "dataType" : "VARCHAR(50)"
    },
    "003_RECORDS_AMOUNT" : {
      "dataType" : "MONEY(18,4)",
      "udf" : "getDecimalSignAmount(003_RECORDS_AMOUNT)"
    },
    "003RECORDSAMOUNTSIGNED" : {
      "dataType" : "MONEY(18,4)",
      "udf" : "concat(003_RECORDS_AMOUNT_SIGN, cast(regexp_replace(003_RECORDS_AMOUNT,'[^0-9.-]','') as decimal(18,4)))"
    },
    "004_RECORDS_COUNT" : {
      "dataType" : "INTEGER"
    },
    "004_RECORDS_AMOUNT_SIGN" : {
      "dataType" : "VARCHAR(50)"
    },
    "004_RECORDS_AMOUNT" : {
      "dataType" : "MONEY(18,4)",
      "udf" : "getDecimalSignAmount(004_RECORDS_AMOUNT)"
    },
    "LEFT(A17,3)&MID(A17,5,7)&RIGHT(A17,6)&\"SIGNED\"" : {
      "dataType" : "MONEY(18,4)",
      "udf" : "concat(004_RECORDS_AMOUNT_SIGN, cast(regexp_replace(004_RECORDS_AMOUNT,'[^0-9.-]','') as decimal(18,4)))"
    },
    "005_RECORDS_COUNT" : {
      "dataType" : "INTEGER"
    },
    "005_RECORDS_AMOUNT_SIGN" : {
      "dataType" : "VARCHAR(50)"
    },
    "005_RECORDS_AMOUNT" : {
      "dataType" : "MONEY(18,4)",
      "udf" : "getDecimalSignAmount(005_RECORDS_AMOUNT)"
    },
    "LEFT(A21,3)&MID(A21,5,7)&RIGHT(A21,6)&\"SIGNED\"" : {
      "dataType" : "MONEY(18,4)",
      "udf" : "concat(005_RECORDS_AMOUNT_SIGN, cast(regexp_replace(005_RECORDS_AMOUNT,'[^0-9.-]','') as decimal(18,4)))"
    },
    "006_RECORDS_COUNT" : {
      "dataType" : "INTEGER"
    },
    "006_RECORDS_AMOUNT_SIGN" : {
      "dataType" : "VARCHAR(50)"
    },
    "006_RECORDS_AMOUNT" : {
      "dataType" : "MONEY(18,4)",
      "udf" : "getDecimalSignAmount(006_RECORDS_AMOUNT)"
    },
    "LEFT(A25,3)&MID(A25,5,7)&RIGHT(A25,6)&\"SIGNED\"" : {
      "dataType" : "MONEY(18,4)",
      "udf" : "concat(006_RECORDS_AMOUNT_SIGN, cast(regexp_replace(006_RECORDS_AMOUNT,'[^0-9.-]','') as decimal(18,4)))"
    },
    "007_RECORDS_COUNT" : {
      "dataType" : "INTEGER"
    },
    "007_RECORDS_AMOUNT_SIGN" : {
      "dataType" : "VARCHAR(50)"
    },
    "007_RECORDS_AMOUNT" : {
      "dataType" : "MONEY(18,4)",
      "udf" : "getDecimalSignAmount(007_RECORDS_AMOUNT)"
    },
    "LEFT(A29,3)&MID(A29,5,7)&RIGHT(A29,6)&\"SIGNED\"" : {
      "dataType" : "MONEY(18,4)",
      "udf" : "concat(007_RECORDS_AMOUNT_SIGN, cast(regexp_replace(007_RECORDS_AMOUNT,'[^0-9.-]','') as decimal(18,4)))"
    },
    "008_RECORDS_COUNT" : {
      "dataType" : "INTEGER"
    },
    "008_RECORDS_AMOUNT_SIGN" : {
      "dataType" : "VARCHAR(50)"
    },
    "008_RECORDS_AMOUNT" : {
      "dataType" : "MONEY(18,4)",
      "udf" : "getDecimalSignAmount(008_RECORDS_AMOUNT)"
    },
    "LEFT(A33,3)&MID(A33,5,7)&RIGHT(A33,6)&\"SIGNED\"" : {
      "dataType" : "MONEY(18,4)",
      "udf" : "concat(008_RECORDS_AMOUNT_SIGN, cast(regexp_replace(008_RECORDS_AMOUNT,'[^0-9.-]','') as decimal(18,4)))"
    },
    "009_RECORDS_COUNT" : {
      "dataType" : "INTEGER"
    },
    "009_RECORDS_AMOUNT_SIGN" : {
      "dataType" : "VARCHAR(50)"
    },
    "009_RECORDS_AMOUNT" : {
      "dataType" : "MONEY(18,4)",
      "udf" : "getDecimalSignAmount(009_RECORDS_AMOUNT)"
    },
    "LEFT(A37,3)&MID(A37,5,7)&RIGHT(A37,6)&\"SIGNED\"" : {
      "dataType" : "MONEY(18,4)",
      "udf" : "concat(009_RECORDS_AMOUNT_SIGN, cast(regexp_replace(009_RECORDS_AMOUNT,'[^0-9.-]','') as decimal(18,4)))"
    },
    "010_RECORDS_COUNT" : {
      "dataType" : "INTEGER"
    },
    "010_RECORDS_AMOUNT_SIGN" : {
      "dataType" : "VARCHAR(50)"
    },
    "010_RECORDS_AMOUNT" : {
      "dataType" : "MONEY(18,4)",
      "udf" : "getDecimalSignAmount(010_RECORDS_AMOUNT)"
    },
    "LEFT(A41,3)&MID(A41,5,7)&RIGHT(A41,6)&\"SIGNED\"" : {
      "dataType" : "MONEY(18,4)",
      "udf" : "concat(010_RECORDS_AMOUNT_SIGN, cast(regexp_replace(010_RECORDS_AMOUNT,'[^0-9.-]','') as decimal(18,4)))"
    },
    "021_RECORDS_COUNT" : {
      "dataType" : "INTEGER"
    },
    "021_RECORDS_AMOUNT_SIGN" : {
      "dataType" : "VARCHAR(50)"
    },
    "021_RECORDS_AMOUNT" : {
      "dataType" : "MONEY(18,4)",
      "udf" : "getDecimalSignAmount(021_RECORDS_AMOUNT)"
    },
    "LEFT(A45,3)&MID(A45,5,7)&RIGHT(A45,6)&\"SIGNED\"" : {
      "dataType" : "MONEY(18,4)",
      "udf" : "concat(021_RECORDS_AMOUNT_SIGN, cast(regexp_replace(021_RECORDS_AMOUNT,'[^0-9.-]','') as decimal(18,4)))"
    },
    "029_RECORDS_COUNT" : {
      "dataType" : "INTEGER"
    },
    "029_RECORDS_AMOUNT_SIGN" : {
      "dataType" : "VARCHAR(50)"
    },
    "029_RECORDS_AMOUNT" : {
      "dataType" : "MONEY(18,4)",
      "udf" : "getDecimalSignAmount(029_RECORDS_AMOUNT)"
    },
    "LEFT(A49,3)&MID(A49,5,7)&RIGHT(A49,6)&\"SIGNED\"" : {
      "dataType" : "MONEY(18,4)",
      "udf" : "concat(029_RECORDS_AMOUNT_SIGN, cast(regexp_replace(029_RECORDS_AMOUNT,'[^0-9.-]','') as decimal(18,4)))"
    },
    "030_RECORDS_COUNT" : {
      "dataType" : "INTEGER"
    },
    "030_RECORDS_AMOUNT_SIGN" : {
      "dataType" : "VARCHAR(50)"
    },
    "030_RECORDS_AMOUNT" : {
      "dataType" : "MONEY(18,4)",
      "udf" : "getDecimalSignAmount(030_RECORDS_AMOUNT)"
    },
    "LEFT(A53,3)&MID(A53,5,7)&RIGHT(A53,6)&\"SIGNED\"" : {
      "dataType" : "MONEY(18,4)",
      "udf" : "concat(030_RECORDS_AMOUNT_SIGN, cast(regexp_replace(030_RECORDS_AMOUNT,'[^0-9.-]','') as decimal(18,4)))"
    },
    "031_RECORDS_COUNT" : {
      "dataType" : "INTEGER"
    },
    "031_RECORDS_AMOUNT_SIGN" : {
      "dataType" : "VARCHAR(50)"
    },
    "031_RECORDS_AMOUNT" : {
      "dataType" : "MONEY(18,4)",
      "udf" : "getDecimalSignAmount(031_RECORDS_AMOUNT)"
    },
    "LEFT(A57,3)&MID(A57,5,7)&RIGHT(A57,6)&\"SIGNED\"" : {
      "dataType" : "MONEY(18,4)",
      "udf" : "concat(031_RECORDS_AMOUNT_SIGN, cast(regexp_replace(031_RECORDS_AMOUNT,'[^0-9.-]','') as decimal(18,4)))"
    },
    "045_RECORDS_COUNT" : {
      "dataType" : "INTEGER"
    },
    "045_RECORDS_AMOUNT_SIGN" : {
      "dataType" : "VARCHAR(50)"
    },
    "045_RECORDS_AMOUNT" : {
      "dataType" : "MONEY(18,4)",
      "udf" : "getDecimalSignAmount(045_RECORDS_AMOUNT)"
    },
    "LEFT(A61,3)&MID(A61,5,7)&RIGHT(A61,6)&\"SIGNED\"" : {
      "dataType" : "MONEY(18,4)",
      "udf" : "concat(045_RECORDS_AMOUNT_SIGN, cast(regexp_replace(045_RECORDS_AMOUNT,'[^0-9.-]','') as decimal(18,4)))"
    },
    "046_RECORDS_COUNT" : {
      "dataType" : "INTEGER"
    },
    "046_RECORDS_AMOUNT_SIGN" : {
      "dataType" : "VARCHAR(50)"
    },
    "046_RECORDS_AMOUNT" : {
      "dataType" : "MONEY(18,4)",
      "udf" : "getDecimalSignAmount(046_RECORDS_AMOUNT)"
    },
    "LEFT(A65,3)&MID(A65,5,7)&RIGHT(A65,6)&\"SIGNED\"" : {
      "dataType" : "MONEY(18,4)",
      "udf" : "concat(046_RECORDS_AMOUNT_SIGN, cast(regexp_replace(046_RECORDS_AMOUNT,'[^0-9.-]','') as decimal(18,4)))"
    },
    "011_RECORDS_COUNT" : {
      "dataType" : "INTEGER"
    },
    "011_RECORDS_AMOUNT_SIGN" : {
      "dataType" : "VARCHAR(50)"
    },
    "011_RECORDS_AMOUNT" : {
      "dataType" : "MONEY(18,4)",
      "udf" : "getDecimalSignAmount(011_RECORDS_AMOUNT)"
    },
    "LEFT(A69,3)&MID(A69,5,7)&RIGHT(A69,6)&\"SIGNED\"" : {
      "dataType" : "MONEY(18,4)",
      "udf" : "concat(011_RECORDS_AMOUNT_SIGN, cast(regexp_replace(011_RECORDS_AMOUNT,'[^0-9.-]','') as decimal(18,4)))"
    },
    "012_RECORDS_COUNT" : {
      "dataType" : "INTEGER"
    },
    "012_RECORDS_AMOUNT_SIGN" : {
      "dataType" : "VARCHAR(50)"
    },
    "012_RECORDS_AMOUNT" : {
      "dataType" : "MONEY(18,4)",
      "udf" : "getDecimalSignAmount(012_RECORDS_AMOUNT)"
    },
    "LEFT(A73,3)&MID(A73,5,7)&RIGHT(A73,6)&\"SIGNED\"" : {
      "dataType" : "MONEY(18,4)",
      "udf" : "concat(012_RECORDS_AMOUNT_SIGN, cast(regexp_replace(012_RECORDS_AMOUNT,'[^0-9.-]','') as decimal(18,4)))"
    },
    "013_RECORDS_COUNT" : {
      "dataType" : "INTEGER"
    },
    "013_RECORDS_AMOUNT_SIGN" : {
      "dataType" : "VARCHAR(50)"
    },
    "013_RECORDS_AMOUNT" : {
      "dataType" : "MONEY(18,4)",
      "udf" : "getDecimalSignAmount(013_RECORDS_AMOUNT)"
    },
    "LEFT(A77,3)&MID(A77,5,7)&RIGHT(A77,6)&\"SIGNED\"" : {
      "dataType" : "MONEY(18,4)",
      "udf" : "concat(013_RECORDS_AMOUNT_SIGN, cast(regexp_replace(013_RECORDS_AMOUNT,'[^0-9.-]','') as decimal(18,4)))"
    },
    "022_RECORDS_COUNT" : {
      "dataType" : "INTEGER"
    },
    "022_RECORDS_AMOUNT_SIGN" : {
      "dataType" : "VARCHAR(50)"
    },
    "022_RECORDS_AMOUNT" : {
      "dataType" : "MONEY(18,4)",
      "udf" : "getDecimalSignAmount(022_RECORDS_AMOUNT)"
    },
    "LEFT(A81,3)&MID(A81,5,7)&RIGHT(A81,6)&\"SIGNED\"" : {
      "dataType" : "MONEY(18,4)",
      "udf" : "concat(022_RECORDS_AMOUNT_SIGN, cast(regexp_replace(022_RECORDS_AMOUNT,'[^0-9.-]','') as decimal(18,4)))"
    },
    "024_RECORDS_COUNT" : {
      "dataType" : "INTEGER"
    },
    "024_RECORDS_AMOUNT_SIGN" : {
      "dataType" : "VARCHAR(50)"
    },
    "024_RECORDS_AMOUNT" : {
      "dataType" : "MONEY(18,4)",
      "udf" : "getDecimalSignAmount(024_RECORDS_AMOUNT)"
    },
    "LEFT(A85,3)&MID(A85,5,7)&RIGHT(A85,6)&\"SIGNED\"" : {
      "dataType" : "MONEY(18,4)",
      "udf" : "concat(024_RECORDS_AMOUNT_SIGN, cast(regexp_replace(024_RECORDS_AMOUNT,'[^0-9.-]','') as decimal(18,4)))"
    },
    "032_RECORDS_COUNT" : {
      "dataType" : "INTEGER"
    },
    "032_RECORDS_AMOUNT_SIGN" : {
      "dataType" : "VARCHAR(50)"
    },
    "032_RECORDS_AMOUNT" : {
      "dataType" : "MONEY(18,4)",
      "udf" : "getDecimalSignAmount(032_RECORDS_AMOUNT)"
    },
    "LEFT(A89,3)&MID(A89,5,7)&RIGHT(A89,6)&\"SIGNED\"" : {
      "dataType" : "MONEY(18,4)",
      "udf" : "concat(032_RECORDS_AMOUNT_SIGN, cast(regexp_replace(032_RECORDS_AMOUNT,'[^0-9.-]','') as decimal(18,4)))"
    },
    "033_RECORDS_COUNT" : {
      "dataType" : "INTEGER"
    },
    "033_RECORDS_AMOUNT_SIGN" : {
      "dataType" : "VARCHAR(50)"
    },
    "033_RECORDS_AMOUNT" : {
      "dataType" : "MONEY(18,4)",
      "udf" : "getDecimalSignAmount(033_RECORDS_AMOUNT)"
    },
    "LEFT(A93,3)&MID(A93,5,7)&RIGHT(A93,6)&\"SIGNED\"" : {
      "dataType" : "MONEY(18,4)",
      "udf" : "concat(033_RECORDS_AMOUNT_SIGN, cast(regexp_replace(033_RECORDS_AMOUNT,'[^0-9.-]','') as decimal(18,4)))"
    },
    "034_RECORDS_COUNT" : {
      "dataType" : "INTEGER"
    },
    "034_RECORDS_AMOUNT_SIGN" : {
      "dataType" : "VARCHAR(50)"
    },
    "034_RECORDS_AMOUNT" : {
      "dataType" : "MONEY(18,4)",
      "udf" : "getDecimalSignAmount(034_RECORDS_AMOUNT)"
    },
    "LEFT(A97,3)&MID(A97,5,7)&RIGHT(A97,6)&\"SIGNED\"" : {
      "dataType" : "MONEY(18,4)",
      "udf" : "concat(034_RECORDS_AMOUNT_SIGN, cast(regexp_replace(034_RECORDS_AMOUNT,'[^0-9.-]','') as decimal(18,4)))"
    },
    "014_RECORDS_COUNT" : {
      "dataType" : "INTEGER"
    },
    "FILLER" : {
      "dataType" : "VARCHAR(1500)"
    }
  },
  "dropColumns" : [ "CONFIGID", "MD5", "ROWKEY", "ROWTYPE", "FILELOCATION", "FILEDATE", "INDEX", "O_FILEDATE", "FILENAME", "BIN", "CARDLASTFOURDIGIT", "ISTRANSACTIONACTIVE", "UPDATEDON" ],
  "srcPrefix" : "fp-unity/paymentProcessing_usAcquiring_FDR_DFM014LOCATIONTRAILER/forex/dest/"
}