{
   "businessUnit":"cardIssuing",
   "jobId":"DATASINK_INVOKER",
   "emrName":"vertica-sink-ppbi",
   "usecase":"CARDISSUING-LOAD-VERTICA",
   "pipeline" : "VERTICA_PIPELINE",
   "templatePath":"ppbi-unity/configs/cardIssuing/grey",
   "tracingColumn" : "FILENAME",
   "srcPaths" : [
     { "prefix" : "fp-unity/{CONFIGID}/piiHashDupCheck/dest/", "partitionColumn" : "FILENAME" }
   ],
   "srcType" : "FP-UNITY",
   "metaDataLogTable":"DATA_SINK_META_DATA_LOG",
   "metaDataTable":"DATA_SINK_META_DATA",
   "configIds":[
      "cardSolutions_cardIssuing_MARQETA_SETTLEMENT",
      "cardSolutions_cardIssuing_MARQETA_CARDPROGRAMSTATS",
      "cardSolutions_cardIssuing_MARQETA_PROGRAMSTATUSER"
   ],
   "jobType":"RELOAD",
   "startDate":"2022-01-01",
   "endDate":"2022-01-08",
   "infraProps":[ 
    ],
   "livyCommand":{
      "args":[
      ],
      "conf":{
         "spark.yarn.submit.waitAppCompletion":"false",
         "spark.submit.deployMode":"cluster",
         "spark.executor.memory":"1G",
         "spark.executor.cores":"1",
         "spark.master":"yarn"
      },
      "file":"s3://paysafe-unity-netbanx-mgr-{ACCOUNTID}-ca-central-1/ppbi-unity/jars/paysafe-gdp-vertica-spark-all.jar",
      "className":"com.paysafe.unity.app.VerticaDataLoadApp"
   }
}

