{
  "businessUnit": "usAcquiring",
  "jobId": "DATASINK_INVOKER",
  "emrName": "vertica-sink-ppbi",
  "usecase": "PPBI-LOAD-VERTICA",
  "pipeline": "VERTICA_PIPELINE",
  "templatePath": "ppbi-unity/configs/usAcquiring/grey",
  "tracingColumn": "UNITYFILENAME",
  "metaDataLogTable":"DATA_SINK_META_DATA_LOG",
  "metaDataTable":"DATA_SINK_META_DATA",
  "srcPaths": [
    {
      "prefix": "fp-unity/output/{CONFIGID}",
      "partitionColumn": "FILENAME"
    }
  ],
  "srcType": "FP-UNITY",
  "configIds": [
    "paymentProcessing_usAcquiring_TSYS_MERLINCASEACTION",
    "paymentProcessing_usAcquiring_TSYS_PPMFEEITEMTOTALSMONTHLY",
    "paymentProcessing_usAcquiring_TSYS_PPMPROFITABILITYTOTALSMONTHLY",
    "paymentProcessing_usAcquiring_OMAHA_MM469"
  ],
  "jobType": "LOAD",
  "hiveEnabled": true,
  "window": 30,
  "infraProps": [
  ],
  "livyCommand": {
    "args": [
    ],
    "conf": {
      "spark.yarn.submit.waitAppCompletion": "false",
      "spark.submit.deployMode": "cluster",
      "spark.executor.memory": "5G",
      "spark.executor.cores": "1",
      "spark.master": "yarn"
    },
    "file": "s3://paysafe-unity-netbanx-mgr-{ACCOUNTID}-ca-central-1/ppbi-unity/jars/paysafe-gdp-vertica-spark-all.jar",
    "className": "com.paysafe.unity.app.VerticaDataLoadApp"
  }
}