{
   "businessUnit":"usAcquiring",
   "jobId":"DATASINK_INVOKER",
   "emrName":"vertica-sink-ppbi",
   "usecase":"PPBI-LOAD-VERTICA",
   "pipeline":"VERTICA_PIPELINE",
   "templatePath":"ppbi-unity/configs/usAcquiring/grey",
   "tracingColumn" : "UNITYFILENAME",
   "metaDataLogTable":"DATA_SINK_META_DATA_LOG",
   "metaDataTable":"DATA_SINK_META_DATA",
   "srcPaths" : [
     { "prefix" : "fp-unity/output/{CONFIGID}", "partitionColumn" : "FILENAME" }
     
   ],
   "configIds":[
      "paymentProcessing_usAcquiring_FDR_DFM001FILEHEADER",
      "paymentProcessing_usAcquiring_FDR_DFM002LOCATIONHEADER",
      "paymentProcessing_usAcquiring_FDR_DFM003CREDITFUNDED",
      "paymentProcessing_usAcquiring_FDR_DFM004CREDITNONFUNDED",
      "paymentProcessing_usAcquiring_FDR_DFM005DEBIT",
      "paymentProcessing_usAcquiring_FDR_DFM006ADJUSTMENT",
      "paymentProcessing_usAcquiring_FDR_DFM007QUALEXPENSE",
      "paymentProcessing_usAcquiring_FDR_DFM009CHARGEBACK",
      "paymentProcessing_usAcquiring_FDR_DFM010RETRIEVAL",
      "paymentProcessing_usAcquiring_FDR_DFM013LOCBANKDEPOSITSUM",
      "paymentProcessing_usAcquiring_FDR_DFM014LOCATIONTRAILER",
      "paymentProcessing_usAcquiring_FDR_DFM021AUTH",
      "paymentProcessing_usAcquiring_FDR_DFM029REJECTEDTRANS",
      "paymentProcessing_usAcquiring_FDR_DFM999FILETRAILER",
      "paymentProcessing_usAcquiring_FDR_SD077DEPOSIT",
      "paymentProcessing_usAcquiring_FDR_SD206CHARGEBACK",
      "paymentProcessing_usAcquiring_FDR_SD430BCHARGEBACK",
      "paymentProcessing_usAcquiring_TSYS_ACHDETAIL",
      "paymentProcessing_usAcquiring_TSYS_MERLINCASEACTION",
      "paymentProcessing_usAcquiring_TSYS_PPMFEEITEMTOTALSMONTHLY",
      "paymentProcessing_usAcquiring_TSYS_MDF",
      "paymentProcessing_usAcquiring_TSYS_PPMPROFITABILITYTOTALSDAILY",
      "paymentProcessing_usAcquiring_TSYS_PPMPROFITABILITYTOTALSMONTHLY",
      "paymentProcessing_usAcquiring_FDR_CD224RETRIEVALS",
      "paymentProcessing_usAcquiring_FDR_SD431BRETRIEVALS",
      "paymentProcessing_usAcquiring_FDR_SD210RETRIEVALS",
      "paymentProcessing_usAcquiring_FDR_AW107AUTH",
      "paymentProcessing_usAcquiring_FDR_AW169AUTH",
      "paymentProcessing_usAcquiring_FDR_MD572",
      "paymentProcessing_usAcquiring_FDR_SD119",
      "paymentProcessing_usAcquiring_FDR_MD032",
      "paymentProcessing_usAcquiring_TSYS_DDF",
      "paymentProcessing_usAcquiring_INTERNAL_RESIDUALBASIC",
      "paymentProcessing_usAcquiring_TSYS_ADF",
      "paymentProcessing_usAcquiring_FDR_FF152",
      "paymentProcessing_usAcquiring_FDR_MD033",
      "paymentProcessing_usAcquiring_FDR_MD027SUMMARY",
      "paymentProcessing_usAcquiring_FDR_MD027DETAIL",
      "paymentProcessing_usAcquiring_INTERNAL_MIFAPPLICATIONCONTACTS",
      "paymentProcessing_usAcquiring_INTERNAL_MIFAPPLICATIONCOMMUNICATIONS",
      "paymentProcessing_usAcquiring_INTERNAL_MIFAPPLICATIONOWNERS",
      "paymentProcessing_usAcquiring_INTERNAL_MIFAPPLICATIONRECORD",
      "paymentProcessing_usAcquiring_INTERNAL_MIFHIERARCHY",
      "paymentProcessing_usAcquiring_FDR_BM406",
      "paymentProcessing_usAcquiring_TSYS_ACHTOTALDATA",
      "paymentProcessing_usAcquiring_TSYS_INVOICEDATA"
   ],
   "jobType":"RELOAD",
   "startDate":"2021-07-04",
   "endDate":"2021-07-08",
   "hiveEnabled": true,
   "infraProps":[

   ],
   "livyCommand":{
      "args":[

      ],
      "conf":{
         "spark.yarn.submit.waitAppCompletion":"false",
         "spark.submit.deployMode":"cluster",
         "spark.executor.memory":"1G",
         "spark.executor.cores":"1",
         "spark.master":"yarn"
      },
      "file":"s3://paysafe-unity-netbanx-mgr-{ACCOUNTID}-ca-central-1/ppbi-unity/jars/paysafe-gdp-vertica-spark-all.jar",
      "className":"com.paysafe.unity.app.VerticaDataLoadApp"
   }
}