{
   "businessUnit":"ukAcquiring",
   "jobId":"DATASINK_INVOKER",
   "emrName":"vertica-sink-ppbi",
   "usecase":"RS2-RELOAD-VERTICA",
   "pipeline" : "VERTICA_PIPELINE",
   "templatePath":"ppbi-unity/configs/ukAcquiring",
   "tracingColumn" : "FILENAME",
   "metaDataLogTable":"DATA_SINK_META_DATA_LOG",
   "metaDataTable":"DATA_SINK_META_DATA",
   "srcPaths" : [
     { "prefix" : "fp-unity/output/{CONFIGID}", "partitionColumn" : "FILENAME" }
   ],
   "configIds":[
      "paymentProcessing_ukAcquiring_RS2_MERCHANT",
      "paymentProcessing_ukAcquiring_RS2_SETUP",
      "paymentProcessing_ukAcquiring_RS2_TRANSACTION"
   ],
   "jobType":"RELOAD",
   "startDate":"2019-01-01", 
   "endDate" : "2020-04-04", 
   "infraProps":[ 
      ],
   "livyCommand":{
      "args":[
      ],
      "conf":{
         "spark.yarn.submit.waitAppCompletion":"false",
         "spark.submit.deployMode":"cluster",
         "spark.executor.memory":"1G",
         "spark.executor.cores":"1",
         "spark.master":"yarn"
      },
     "file":"s3://paysafe-unity-netbanx-mgr-{ACCOUNTID}-ca-central-1/ppbi-unity/jars/paysafe-gdp-vertica-spark-all.jar",
     "className":"com.paysafe.unity.app.VerticaDataLoadApp"
   }
}