{
   "businessUnit":"usAcquiring",
   "jobId":"DATASINK_INVOKER",
   "emrName":"vertica-sink-ppbi",
   "usecase":"MASSFLATFILES-NORTH-LOAD-VERTICA",
   "pipeline":"VERTICA_PIPELINE",
   "templatePath":"ppbi-unity/configs/usAcquiring/grey",
   "tracingColumn":"UNITYFILENAME",
   "metaDataLogTable":"DATA_SINK_META_DATA_LOG",
   "metaDataTable":"DATA_SINK_META_DATA",
   "srcPaths":[
      {
         "prefix": "fp-unity/output/{CONFIGID}",
         "partitionColumn":"FILENAME"
      }
   ],
   "srcType":"FP-UNITY",
   "configIds":[
      "paymentProcessing_usAcquiring_FDR_RA1DESCSECURITYCODE",
      "paymentProcessing_usAcquiring_FDR_RAAMERCHANTCONTROLDATA",
      "paymentProcessing_usAcquiring_FDR_RABDESCFEEORRATEDESCRIPTION",
      "paymentProcessing_usAcquiring_FDR_RAPAPPLDATA",
      "paymentProcessing_usAcquiring_FDR_RB1MERCHANTDESCRIPTORADDRESS",
      "paymentProcessing_usAcquiring_FDR_RBBMERCHANTADDRESSESDBA",
      "paymentProcessing_usAcquiring_FDR_RBEBANKENTITLEMENT",
      "paymentProcessing_usAcquiring_FDR_RCCMERCHANTADDRESSESCORPORATE",
      "paymentProcessing_usAcquiring_FDR_RCOINTERNATIONALCORPADDRESS",
      "paymentProcessing_usAcquiring_FDR_RDBINTERNATIONALDBAALTADDRESS",
      "paymentProcessing_usAcquiring_FDR_RDDMERCHANTMEMBERSHIPDATA",
      "paymentProcessing_usAcquiring_FDR_RE1EVENTSCHEDEVENTFREQ",
      "paymentProcessing_usAcquiring_FDR_RE2EVENTSCHEDTYPE",
      "paymentProcessing_usAcquiring_FDR_RE3EVENTSCHEDDAYCODE",
      "paymentProcessing_usAcquiring_FDR_RE4EVENTSCHEDCYCLECAL",
      "paymentProcessing_usAcquiring_FDR_REDCARDENTDETAILS",
      "paymentProcessing_usAcquiring_FDR_REEMERCHANTFUNDINGANDBANKINGINFO",
      "paymentProcessing_usAcquiring_FDR_RESEVENTSCHEDMERCHEVENTCYCLE",
      "paymentProcessing_usAcquiring_FDR_RF0FINANCIALHISTORYONUS",
      "paymentProcessing_usAcquiring_FDR_RF1FINANCIALHISTORY",
      "paymentProcessing_usAcquiring_FDR_RF2FINANCIALHISTORY2",
      "paymentProcessing_usAcquiring_FDR_RFAMERCHANTABADDANEW",
      "paymentProcessing_usAcquiring_FDR_RFBMERCHANTFUNDINGCATEGORYDDAS",
      "paymentProcessing_usAcquiring_FDR_RFFMERCHANTABADDA",
      "paymentProcessing_usAcquiring_FDR_RFHFEEHISTORY",
      "paymentProcessing_usAcquiring_FDR_RFYYTDFINHISTSALESRETURNS",
      "paymentProcessing_usAcquiring_FDR_RFZYTDFINHISTCHARGEBACKS"
   ],
   "jobType":"RELOAD",
   "startDate":"2019-11-11",
   "endDate":"2020-08-01",
   "infraProps":[
      
   ],
   "livyCommand":{
      "args":[
         
      ],
      "conf":{
         "spark.yarn.submit.waitAppCompletion":"false",
         "spark.submit.deployMode":"cluster",
         "spark.executor.memory":"1G",
         "spark.executor.cores":"1",
         "spark.master":"yarn"
      },
      "file":"s3://paysafe-unity-netbanx-mgr-{ACCOUNTID}-ca-central-1/ppbi-unity/jars/paysafe-gdp-vertica-spark-all.jar",
      "className":"com.paysafe.unity.app.VerticaDataLoadApp"
   }
}