{
   "Parameters":{
      "Environment":"prep",
      "Zone":"grey",
      "DefaultSG":"sg-0fd27907e933fe8a7",
      "PrivateSubnet1":"subnet-07421bbeacb2bf0c0",
      "PrivateSubnet2":"subnet-06ee095bd1c8470f7",
      "AccountEDL1":"550629512586",
      "AccountEDL2":"332318758586",
      "ServiceUserEnvironment":"dev",
      "EphemralCreateStepFuncArn": "arn:aws:states:ca-central-1:332318758586:stateMachine:paysafe-upf-ephemeral-emr-step-function-prep-grey",
      "S3SharedBlueBucketName": "paysafe-unity-netbanx-mgr-550629512586-ca-central-1",
      "S3SharedGreyBucketName": "paysafe-unity-netbanx-mgr-332318758586-ca-central-1",
      "S3BIBlueBucketName": "paysafe-unity-uspp-data-550629512586-ca-central-1",
      "S3BIGreyBucketName": "paysafe-unity-uspp-data-332318758586-ca-central-1",
      "S3MMBlueBucketName": "paysafe-unity-550629512586-ca-central-1-merchantpipeline-prep",
      "S3MMGreyBucketName": "paysafe-unity-332318758586-ca-central-1-mmpipeline-hashed-prep"
   }
}