{
    "Parameters": {
        "Environment": "prep",
        "Zone": "grey",
        "DefaultSG": "sg-0fd27907e933fe8a7",
        "PrivateSubnet1": "subnet-07421bbeacb2bf0c0",
        "PrivateSubnet2": "subnet-06ee095bd1c8470f7",
        "AccountEDL1": "550629512586",
        "AccountEDL2": "332318758586",
        "ServiceUserEnvironment": "dev",
        "DynamoDBTableName": "fp-unity-metadata-prep",
        "VerticaDBMetadataTableName": "data_sink_job_status",
        "ClusterAvailabilityZone": "mtl",
        "ClusterEnvironment": "preprod",
        "ClusterRegion": "canada",
        "ClusterName": "ppbi_vertica",
        "AperiaClusterName": "aperia_mssql",
        "OracleMifClusterName": "oracle_mif_sql",
        "NotificationSESPath": "ppbi-unity/configs/usAcquiring/SesNotification-prep.json",
        "MgrBucketName" : "paysafe-unity-netbanx-mgr-332318758586-ca-central-1",
        "ExistingVPC": "vpc-0df4bfc723b52c8ed",
        "ExistingSubnet": "subnet-06ee095bd1c8470f7",
        "Ec2InstanceType": "c6g.2xlarge",
        "Ec2ImageId": "ami-05e6ab9d279f9519f"
    }
}
