{
    "Parameters": {
        "Environment": "qa",
        "Zone": "grey",
        "DefaultSG": "sg-09faea132c4565acb",
        "PrivateSubnet1": "subnet-0c5e8e8c6903d6588",
        "PrivateSubnet2": "subnet-07d6ad488b9b4c4a5",
        "AccountEDL1": "425904413889",
        "AccountEDL2": "425904413889",
        "ServiceUserEnvironment": "dev",
        "EphemralCreateStepFuncArn": "arn:aws:states:ca-central-1:425904413889:stateMachine:paysafe-upf-ephemeral-emr-step-function-qa-grey",
        "S3SharedBlueBucketName": "paysafe-unity-netbanx-mgr-425904413889-ca-central-1",
        "S3SharedGreyBucketName": "paysafe-unity-netbanx-mgr-425904413889-ca-central-1",
        "S3BIBlueBucketName": "paysafe-unity-netbanx-mgr-425904413889-ca-central-1",
        "S3BIGreyBucketName": "paysafe-unity-netbanx-mgr-425904413889-ca-central-1",
        "S3MMBlueBucketName": "paysafe-unity-netbanx-mgr-425904413889-ca-central-1",
        "S3MMGreyBucketName": "paysafe-unity-netbanx-mgr-425904413889-ca-central-1"
    }
}
