{
   "businessUnit":"ukAcquiring",
   "jobId":"DATASINK_INVOKER",
   "emrName":"vertica-sink-ppbi",
   "usecase":"RS2DATAMODELING-LOAD-VERTICA",
   "pipeline":"SPARK_ETL_FRAMEWORK",
   "templatePath":"pipeline-unity/configs/ukAcquiring/",
   "tracingColumn":"FILENAME",
   "metaDataLogTable":"DATA_SINK_META_DATA_LOG",
   "metaDataTable":"DATA_SINK_META_DATA",
   "srcPaths":[
      {
         "prefix":"fp-unity/output/{CONFIGID}",
         "partitionColumn":"FILENAME"
      },
      {
         "prefix":"fp-unity/output/duplicate/{CONFIGID}",
         "partitionColumn":"FILENAME"
      }
   ],
   "configIds":[
      "paymentProcessing_ukAcquiring_RS2_MERCHANT",
      "paymentProcessing_ukAcquiring_RS2_SETUP",
      "paymentProcessing_ukAcquiring_RS2_TRANSACTION",
      "paymentProcessing_ukAcquiring_RS2_CHOICE"
   ],
   "jobType":"RELOAD",
   "startDate":"2022-11-13",
   "endDate" : "2022-11-13",
   "infraProps":[
      {
         "zone":"mon",
         "region":"canada",
         "name":"ppbi_vertica"
      }
   ],
   "livyCommand":{
      "args":[

      ],
      "conf":{
         "spark.yarn.submit.waitAppCompletion":"false",
         "spark.submit.deployMode":"cluster",
         "spark.executor.memory":"1G",
         "spark.executor.cores":"1",
         "spark.master":"yarn"
      },
      "file":"s3://paysafe-unity-netbanx-mgr-{ACCOUNTID}-ca-central-1/ppbi-unity/jars/paysafe-gdp-vertica-spark-all.jar",
      "className":"com.paysafe.upf.data.pipeline.Application"
   }
}