{
   "businessUnit":"usAcquiring",
   "jobId":"DATASINK_INVOKER",
   "emrName":"vertica-sink-ppbi",
   "usecase":"PPBI-CHARGEBACKS-LOAD-VERTICA",
   "pipeline":"SPARK_ETL_FRAMEWORK",
   "templatePath":"pipeline-unity/configs/usAcquiring/grey/paymentProcessing_usAcquiring_ChargeBacks.json",
   "oneJobPerConfigId":false,
   "tracingColumn":"PaysafeTraceID",
   "conformedConfigId":"paymentProcessing_usAcquiring_ChargeBacks",
   "metaDataLogTable":"DATA_SINK_META_DATA_LOG",
   "metaDataTable":"DATA_SINK_META_DATA",
   "srcPaths":[
      {
         "prefix":"ppbi-unity/output/{CONFIGID}",
         "partitionColumn":"UNITYFILENAME"
      }
   ],
   "configIds":[
      "paymentProcessing_usAcquiring_FDR_SD206CHARGEBACK",
      "paymentProcessing_usAcquiring_FDR_SD430BCHARGEBACK",
      "paymentProcessing_usAcquiring_FDR_SD119",
      "paymentProcessing_usAcquiring_TSYS_MERLINCASEACTION",
      "paymentProcessing_usAcquiring_FDR_DFM009CHARGEBACK"
   ],
   "jobType":"RELOAD",
   "startDate":"2020-07-01",
   "endDate" : "2021-01-31",
   "infraProps":[
      {
         "zone":"mon",
         "region":"canada",
         "name":"ppbi_vertica"
      }
   ],
   "livyCommand":{
      "args":[

      ],
      "conf":{
         "spark.yarn.submit.waitAppCompletion":"false",
         "spark.submit.deployMode":"cluster",
         "spark.executor.memory":"1G",
         "spark.executor.cores":"1",
         "spark.master":"yarn"
      },
      "file":"s3://paysafe-unity-netbanx-mgr-{ACCOUNTID}-ca-central-1/ppbi-unity/jars/paysafe-gdp-vertica-spark-all.jar",
      "className":"com.paysafe.upf.data.pipeline.Application"
   }
}