{
   "emrName":"vertica-sink-ppbi",
   "usecase":"PPBI-CONFORMED-REVENUEMERCHANTMONTHLY",
   "livyCommand":{
      "args":[
         "s3://paysafe-unity-netbanx-mgr-332318758586-ca-central-1/pipeline-unity/configs/usAcquiring/grey/paymentProcessing_usAcquiring_RevenueMerchantMonthlyStatement_prep.json"
      ],
      "conf":{
         "spark.yarn.submit.waitAppCompletion":"false",
         "spark.submit.deployMode":"cluster",
         "spark.executor.memory":"1G",
         "spark.executor.cores":"1",
         "spark.master":"yarn",
		 "spark.app.name":"PPBI-CONFORMED-REVENUEMERCHANTMONTHLY"
      },
      "file":"s3://paysafe-unity-netbanx-mgr-332318758586-ca-central-1/ppbi-unity/jars/paysafe-gdp-vertica-spark-all.jar",
      "jobName":"PPBI-CONFORMED-REVENUEMERCHANTMONTHLY",
      "className":"com.paysafe.upf.data.pipeline.Application"
   }
}