{
   "businessUnit":"usAcquiring",
   "jobId":"DATASINK_INVOKER",
   "emrName":"vertica-sink-ppbi",
   "usecase":"CLOVER-APP-LOAD-VERTICA",
   "pipeline":"SPARK_ETL_FRAMEWORK",
   "templatePath":"pipeline-unity/configs/usAcquiring/grey",
   "tracingColumn":"FILENAME",
   "metaDataLogTable":"DATA_SINK_META_DATA_LOG",
   "metaDataTable":"DATA_SINK_META_DATA",
   "srcPaths":[
      {
         "prefix":"fp-unity/output/{CONFIGID}",
         "partitionColumn":"FILENAME"
      },
      {
         "prefix":"fp-unity/output/duplicate/{CONFIGID}",
         "partitionColumn":"FILENAME"
      }
   ],
   "srcType" : "FP-UNITY",
   "configIds":[
      "paymentProcessing_usAcquiring_INTERNAL_MM521"
   ],
   "jobType":"LOAD",
   "window" : 30,
   "infraProps":[ 
       {
         "zone":"mon",
         "region":"canada",
         "name":"ppbi_vertica"
      }
   ],
   "livyCommand":{
      "args":[

      ],
      "conf":{
         "spark.yarn.submit.waitAppCompletion":"false",
         "spark.submit.deployMode":"cluster",
         "spark.executor.memory":"1G",
         "spark.executor.cores":"1",
         "spark.master":"yarn"
      },
      "file":"s3://paysafe-unity-netbanx-mgr-{ACCOUNTID}-ca-central-1/ppbi-unity/jars/paysafe-gdp-vertica-spark-all.jar",
      "className":"com.paysafe.upf.data.pipeline.Application"
   }
}