{
   "businessUnit":"usAcquiring",
   "jobId":"DATASINK_INVOKER",
   "emrName":"vertica-sink-ppbi",
   "usecase":"PPBI-CONFORMED-LOAD-VERTICA",
   "pipeline":"SPARK_ETL_FRAMEWORK",
   "templatePath":"pipeline-unity/configs/usAcquiring/grey/paymentProcessing_usAcquiring_Deposits.json",
   "oneJobPerConfigId":false,
   "tracingColumn":"PaysafeTraceID",
   "conformedConfigId":"paymentProcessing_usAcquiring_Deposits",
   "metaDataLogTable":"DATA_SINK_META_DATA_LOG",
   "metaDataTable":"DATA_SINK_META_DATA",
   "srcPaths":[
      {
         "prefix":"ppbi-unity/output/{CONFIGID}",
         "partitionColumn":"UNITYFILENAME"
      }
   ],
   "srcType":"PPBI-LOAD-VERTICA",
   "configIds":[
      "paymentProcessing_usAcquiring_FDR_SD077DEPOSIT",
      "paymentProcessing_usAcquiring_FDR_DFM013LOCBANKDEPOSITSUM",
      "paymentProcessing_usAcquiring_TSYS_ACHDETAIL"
   ],
   "jobType":"LOAD",
   "window":400,
   "infraProps":[
      {
         "zone":"mon",
         "region":"canada",
         "name":"ppbi_vertica"
      }
   ],
   "livyCommand":{
      "args":[

      ],
      "conf":{
         "spark.yarn.submit.waitAppCompletion":"false",
         "spark.submit.deployMode":"cluster",
         "spark.executor.memory":"1G",
         "spark.executor.cores":"1",
         "spark.master":"yarn"
      },
      "file":"s3://paysafe-unity-netbanx-mgr-{ACCOUNTID}-ca-central-1/ppbi-unity/jars/paysafe-gdp-vertica-spark-all.jar",
      "className":"com.paysafe.upf.data.pipeline.Application"
   }
}