{
  "emrName": "vertica-sink-ppbi",
  "usecase": "PPBI-BIN-DATA_TO-VERTICA",
  "livyCommand": {
    "args": [
      "s3://paysafe-unity-netbanx-mgr-332318758586-ca-central-1/pipeline-unity/configs/usAcquiring/grey/BIN_prep.json"
    ],
    "conf": {
      "spark.yarn.submit.waitAppCompletion": "false",
      "spark.submit.deployMode": "cluster",
      "spark.executor.memory": "1G",
      "spark.executor.cores": "1",
      "spark.master": "yarn",
      "spark.sql.parquet.writeLegacyFormat": "true",
	  "spark.app.name":"PPBI-BIN-DATA_TO-VERTICA"
    },
    "file": "s3://paysafe-unity-netbanx-mgr-332318758586-ca-central-1/ppbi-unity/jars/paysafe-gdp-vertica-spark-all.jar",
    "jobName": "PPBI-BIN-DATA_TO-VERTICA",
    "className": "com.paysafe.upf.data.pipeline.Application"
  },
  "timeoutSeconds": 10800
}