{
   "emrName":"fp-unity3",
   "usecase":"PPBI-CONFORMED-REVENUEMERCHANTMONTHLY",
   "livyCommand":{
      "args":[
         "s3://paysafe-unity-netbanx-mgr-245535966659-ca-central-1/pipeline-unity/configs/usAcquiring/grey/paymentProcessing_usAcquiring_RevenueMerchantMonthlyStatement_prod.json"
      ],
      "conf":{
         "spark.executor.memory": "40G",
         "spark.executor.cores": "5",
         "spark.driver.memory": "32G",
         "spark.yarn.submit.waitAppCompletion": "false",
         "spark.submit.deployMode": "cluster",
         "spark.master": "yarn",
		 "spark.app.name":"PPBI-CONFORMED-REVENUEMERCHANTMONTHLY"
      },
      "file":"s3://paysafe-unity-netbanx-mgr-245535966659-ca-central-1/ppbi-unity/jars/paysafe-gdp-vertica-spark-all.jar",
      "jobName":"PPBI-CONFORMED-REVENUEMERCHANTMONTHLY",
      "className":"com.paysafe.upf.data.pipeline.Application"
   }
}