{
  "emrName": "vertica-sink-ppbi",
  "usecase": "FP-METADATA-SINK",
  "livyCommand": {
    "args": [
      "s3://paysafe-unity-netbanx-mgr-245535966659-ca-central-1/pipeline-unity/configs/fpmetadata_load_prod.json"
    ],
    "conf": {
      "spark.yarn.submit.waitAppCompletion": "false",
      "spark.submit.deployMode": "cluster",
      "spark.executor.memory": "1G",
      "spark.executor.cores": "1",
      "spark.master": "yarn",
	  "spark.app.name":"FP-S3-TO-VERTICA-SINK"
    },
    "file": "s3://paysafe-unity-netbanx-mgr-245535966659-ca-central-1/ppbi-unity/jars/paysafe-gdp-vertica-spark-all.jar",
    "jobName": "FP-S3-TO-VERTICA-SINK",
    "className": "com.paysafe.upf.data.pipeline.Application"
  },
  "timeoutSeconds": 3600
}