{
    "Parameters": {
        "Environment": "prod",
        "Zone": "blue",
        "DefaultSG": "sg-0e067dd15dfe60e12",
        "PrivateSubnet1": "subnet-04224163cebfbe417",
        "PrivateSubnet2": "subnet-08cfacdba9174b420",
        "AccountEDL1": "452253236614",
        "AccountEDL2": "245535966659",
        "ServiceUserEnvironment": "prod",
        "EphemralCreateStepFuncArn": "arn:aws:states:ca-central-1:452253236614:stateMachine:paysafe-upf-ephemeral-emr-step-function-prod-blue",
        "S3SharedBlueBucketName": "paysafe-unity-netbanx-mgr-452253236614-ca-central-1",
        "S3SharedGreyBucketName": "paysafe-unity-netbanx-mgr-245535966659-ca-central-1",
        "S3BIBlueBucketName": "paysafe-unity-uspp-data-452253236614-ca-central-1",
        "S3BIGreyBucketName": "paysafe-unity-uspp-data-245535966659-ca-central-1",
        "S3MMBlueBucketName": "paysafe-unity-452253236614-ca-central-1-merchantpipeline-prod",
        "S3MMGreyBucketName": "paysafe-unity-245535966659-ca-central-1-mmpipeline-hashed-prod"
    }
}
