{
    "Parameters": {
        "Environment": "prod",
        "Zone": "blue",
        "DefaultSG": "sg-0e067dd15dfe60e12",
        "PrivateSubnet1": "subnet-04224163cebfbe417",
        "PrivateSubnet2": "subnet-08cfacdba9174b420",
        "AccountEDL1": "452253236614",
        "AccountEDL2": "245535966659",
        "ServiceUserEnvironment": "prod",
        "DynamoDBTableName": "fp-unity-metadata-prod",
        "VerticaDBMetadataTableName": "data_sink_job_status",
        "ClusterAvailabilityZone": "mon",
        "ClusterEnvironment": "prod",
        "ClusterRegion": "canada",
        "ClusterName": "ppbi_vertica",
        "AperiaClusterName": "aperia_mssql",
        "OracleMifClusterName": "oracle_mif_sql",
        "NotificationSESPath": "ppbi-unity/configs/usAcquiring/SesNotification-prod.json",
        "MgrBucketName" : "paysafe-unity-netbanx-mgr-452253236614-ca-central-1",
        "ExistingVPC": "vpc-0c8c058f0ee90c075",
        "ExistingSubnet": "subnet-08cfacdba9174b420",
        "Ec2InstanceType": "c6g.2xlarge",
        "Ec2ImageId": "ami-05e6ab9d279f9519f"
    }
}
