{
   "appName": "paymentProcessing_ukAcquiring_RS2_MERCHANT",
   "inputs": {
      "merchant": {
         "fileCustom": {
            "path": "${PAYMENTPROCESSING_UKACQUIRING_RS2_MERCHANT}",
            "format": "parquet",
            "schemaPath": "s3://${SRC_BUCKET}/pipeline-unity/schema/ukAcquiring/paymentProcessing_ukAcquiring_RS2_MERCHANT_schema.json",
            "cachedf": true
         }
      }
   },
   "connectionProperties": {
      "vertica": {
         "db": "${PPBI_VERTICA_DB}",
         "secretType": "AWSSECRET",
         "secretKey": "${PPBI_VERTICA_SECRETKEY}",
         "host": "${PPBI_VERTICA_HOST}"
      }
   },
   "stages": [
      {
         "dataFrameName": "MERCHANTDETAILS",
         "sql": "select TO_DATE(FILEDATE, 'yyyy-MM-dd') AS FILEDATE, O_FILEDATE AS FILENAME , cast(FileSequenceNumber as BIGINT) as FileSequenceNumber, TO_DATE(DateofExtraction,'yyyyMMdd') as DateofExtraction, cast(InstitutionNumber as BIGINT) as InstitutionNumber,cast(Sequence as BIGINT) as Sequence, cast(MerchantNumber as BIGINT) as MerchantNumber, cast(ClientNumber as BIGINT) as ClientNumber , cast(OurReference as BIGINT) as OurReference, cast(RecordType as BIGINT) as ClientType, cast(ClientStatus as BIGINT) as ClientStatus,TradeName,LegalName,ParentLegalName, cast(Country as BIGINT)  as Country, cast(MCCIndex as BIGINT) as MCCIndex, cast(MCCDescription as String) as MCCDescription, cast(ClientBranch as BIGINT) as ClientBranch, cast(RECORDTYPE as BIGINT) as RECORDTYPE, REGISTRATIONNUMBER, cast(LEGALFORM as BIGINT) as LEGALFORM, VATNUMBER, VISAIPVALUE, MCIPVALUE, cast(DOMESTICMCC as BIGINT) as DOMESTICMCC,cast(MCIPQUALIFICATION as BIGINT) as MCIPQUALIFICATION,cast(VISAIPQUALIFICATION as BIGINT) as VISAIPQUALIFICATION  from merchant where rowtype='001'"
      },
      {
         "dataFrameName": "CLIENTLINKS",
         "sql": "select TO_DATE(FILEDATE, 'yyyy-MM-dd') AS FILEDATE, O_FILEDATE AS FILENAME , cast(FileSequenceNumber as BIGINT) as FileSequenceNumber, TO_DATE(DateofExtraction,'yyyyMMdd') as DateofExtraction, cast(InstitutionNumber as BIGINT) as InstitutionNumber,cast(ClientNumber as BIGINT) as ClientNumber,  cast(Sequence as BIGINT) as Sequence,cast(GroupNumber as BIGINT) as GroupNumber,  TO_DATE(EffectiveDate, 'yyyyMMdd') as EffectiveDate, cast(ServiceContractID as BIGINT) as ServiceContractID, cast(ClientTariff as BIGINT) as ClientTariff, cast(ContractStatus as BIGINT) as ContractStatus, cast(ClientLevel as BIGINT) as ClientLevel, cast(MerchantTransactionTariff as BIGINT) as MerchantTransactionTariff, cast(PostingMethod as BIGINT) as PostingMethod, cast(SettlementMethod as BIGINT) as SettlementMethod, PARENTCLIENTNUMBER, cast(ClientBranch as BIGINT) as ClientBranch from merchant where rowtype='002'"
      },
      {
         "dataFrameName": "CLIENTADDRESSES",
         "sql": "select TO_DATE(FILEDATE, 'yyyy-MM-dd') AS FILEDATE, O_FILEDATE AS FILENAME , cast(FileSequenceNumber as BIGINT) as FileSequenceNumber, TO_DATE(DateofExtraction,'yyyyMMdd') as DateofExtraction, cast(InstitutionNumber as BIGINT) as InstitutionNumber,cast(ClientNumber as BIGINT) as ClientNumber,  cast(Sequence as BIGINT) as Sequence,  cast(AddressCategory as BIGINT) as AddressCategory, TO_DATE(EffectiveDate, 'yyyyMMdd') as EffectiveDate, AddressLine1, AddressLine2, cast(ClientCountry as BIGINT) as ClientCountry  from merchant where rowtype='003'"
      },
      {
         "dataFrameName": "CLIENTACCOUNT",
         "sql": "select TO_DATE(FILEDATE, 'yyyy-MM-dd') AS FILEDATE, O_FILEDATE AS FILENAME , cast(FileSequenceNumber as BIGINT) as FileSequenceNumber, TO_DATE(DateofExtraction,'yyyyMMdd') as DateofExtraction, cast(InstitutionNumber as BIGINT) as InstitutionNumber,cast(ClientNumber as BIGINT) as ClientNumber,   cast(Sequence as BIGINT) as Sequence,  cast(AccountNumber as BIGINT) as AccountNumber, cast(AccountTypeID as BIGINT) as AccountTypeID, cast(AccountStatus as BIGINT) as AccountStatus, AccountName, cast(AccountCurrency as BIGINT) as AccountCurrency, cast(ServiceContractID as BIGINT) as ServiceContractID, cast(SettlementNumber as BIGINT) as SettlementNumber, AccountChangeHistory_Note, cast(BillingLevel as BIGINT) as BillingLevel,cast(ClientLevel as BIGINT) as ClientLevel, PARENTACCOUNTNUMBER, PARENTCLIENTNUMBER, cast(RECORDTYPE as BIGINT) as RECORDTYPE, TO_DATE(LASTSETTLEMENTDATE,'yyyyMMdd') as LASTSETTLEMENTDATE, TO_DATE(LASTFEEDATE,'yyyyMMdd') as LASTFEEDATE, cast(STATEMENTGENERATION as BIGINT) as STATEMENTGENERATION, cast(STATEMENTTYPE as BIGINT) as STATEMENTTYPE from merchant where rowtype='004'"
      },
      {
         "dataFrameName": "CYCLEBOOKBALANCE",
         "sql": "select TO_DATE(FILEDATE, 'yyyy-MM-dd') AS FILEDATE, O_FILEDATE AS FILENAME , cast(FileSequenceNumber as BIGINT) as FileSequenceNumber, TO_DATE(DateofExtraction,'yyyyMMdd') as DateofExtraction, cast(InstitutionNumber as BIGINT) as InstitutionNumber,cast(ClientNumber as BIGINT) as ClientNumber,  cast(Sequence as BIGINT) as Sequence,  cast(AccountNumber as BIGINT) as AccountNumber, TO_DATE(DateCycleStart, 'yyyyMMdd') as DateCycleStart, TO_DATE(DateCycleEnd, 'yyyyMMdd') as DateCycleEnd, cast(AccountBalance_Settlement as Decimal(18,4)) as AccountBalance_Settlement,cast(BillingLevel as BIGINT) as BillingLevel,cast(ClientLevel as BIGINT) as ClientLevel  from merchant where rowtype='005'"
      },
      {
         "dataFrameName": "CLIENTSETTLEMENT",
         "sql": "select TO_DATE(FILEDATE, 'yyyy-MM-dd') AS FILEDATE, O_FILEDATE AS FILENAME , cast(FileSequenceNumber as BIGINT) as FileSequenceNumber, TO_DATE(DateofExtraction,'yyyyMMdd') as DateofExtraction, cast(InstitutionNumber as BIGINT) as InstitutionNumber,cast(ClientNumber as BIGINT) as ClientNumber,  cast(Sequence as BIGINT) as Sequence, cast(SettlementNumber as BIGINT) as SettlementNumber, FundingNarrative, BankClearingNumber, SettlementBankName, CounterBankAccount, cast(FundingClient as BIGINT) as FundingClient, cast(CorrespondingBankNumber as BIGINT) as CorrespondingBankNumber, cast(BankCountry as BIGINT) as BankCountry, CorrespondingBankAccount, NoteText,cast(BillingLevel as BIGINT) as BillingLevel,cast(ClientLevel as BIGINT) as ClientLevel, cast(SETTLEMENTCATEGORY as BIGINT) as SETTLEMENTCATEGORY,cast(ACCOUNTCURRENCY as BIGINT) as ACCOUNTCURRENCY from merchant where rowtype='006'"
      },
      {
         "dataFrameName": "LINKTYPES",
         "sql": "select TO_DATE(FILEDATE, 'yyyy-MM-dd') AS FILEDATE, O_FILEDATE AS FILENAME , cast(FileSequenceNumber as BIGINT) as FileSequenceNumber, TO_DATE(DateofExtraction,'yyyyMMdd') as DateofExtraction, cast(InstitutionNumber as BIGINT) as InstitutionNumber,cast(ClientNumber as BIGINT) as ClientNumber, cast(Sequence as BIGINT) as Sequence, cast(LINKTYPE as BIGINT) as LinkType, cast(LINKSTATUS as BIGINT) as LinkStatus, cast(DESTINATIONINSTITUTION as BIGINT) as  DestinationInstitution,  cast(DESTINATIONCLIENTNUMBER as BIGINT) as DestinationClientNumber from merchant where rowtype='007'"
      },
      {
         "dataFrameName": "MERCHANTSERVICES",
         "sql": "select TO_DATE(FILEDATE, 'yyyy-MM-dd') AS FILEDATE, O_FILEDATE AS FILENAME , cast(FileSequenceNumber as BIGINT) as FileSequenceNumber, TO_DATE(DateofExtraction,'yyyyMMdd') as DateofExtraction, cast(InstitutionNumber as BIGINT) as InstitutionNumber,cast(ClientNumber as BIGINT) as ClientNumber, cast(Sequence as BIGINT) as Sequence, cast(RECORDTYPE as BIGINT) as RECORDTYPE, cast(CLIENTTARIFF as BIGINT) as CLIENTTARIFF, cast(SERVICESTATUS as BIGINT) as  SERVICESTATUS,  cast(SERVICECATEGORY as BIGINT) as SERVICECATEGORY, cast(SERVICEID as BIGINT) as SERVICEID, TO_DATE(EFFECTIVEDATE,'yyyyMMdd') as EFFECTIVEDATE, TO_DATE(REVIEWDATE,'yyyyMMdd') as REVIEWDATE, TO_DATE(EXPIRYDATE,'yyyyMMdd') as EXPIRYDATE  from merchant where rowtype='008'"
      },
      {
         "dataFrameName": "DEVICELINK",
         "sql": "select TO_DATE(FILEDATE, 'yyyy-MM-dd') AS FILEDATE, O_FILEDATE AS FILENAME , cast(FileSequenceNumber as BIGINT) as FileSequenceNumber, TO_DATE(DateofExtraction,'yyyyMMdd') as DateofExtraction, cast(InstitutionNumber as BIGINT) as InstitutionNumber,cast(ClientNumber as BIGINT) as ClientNumber, cast(Sequence as BIGINT) as Sequence, TERMINALID, CARDACCEPTORID, SERIALNUMBER , TO_DATE(LASTCHANGEDDATE,'yyyyMMdd') as LASTCHANGEDDATE, TERMINALSTATUS, TERMINALTYPE, CONTACTNAME, DEVICECAPABILITY, TERMINALLOCATION, ENDOFDAYINDICATOR, TERMINALCURRENCY, TERMINALPINKEY, TERMINALMASTERKEY, FEETYPE, TO_DATE(FEEEFFECTIVEDATE,'yyyyMMdd') as FEEEFFECTIVEDATE, TO_DATE(FEEEXPIRYDATE,'yyyyMMdd') as FEEEXPIRYDATE, TO_DATE(LASTFEEDATE,'yyyyMMdd') as LASTFEEDATE, SYSTEMBATCHID, TO_DATE(SETTLEMENTDATE,'yyyyMMdd') as SETTLEMENTDATE, SETTLEMENTTIME, POSCODE, POSCITY, POSREGION from merchant where rowtype='009'"
      },
      {
         "dataFrameName": "METADATACOUNT",
         "sql": "select 'paymentProcessing_ukAcquiring_RS2_MERCHANT' as CONFIGID,TO_DATE(FILEDATE,'yyyy-MM-dd') as FILEDATE, O_FILEDATE AS FILENAME ,cast(count(1) as int) as RAWCOUNT,cast( count(1) as int) as PROCESSEDCOUNT,'ukAcquiring' as BUSINESSUNIT, 'ACTIVE' as status, false as ISCONFORMEDENTRY, 'RS2DATAMODELING-LOAD-VERTICA' as USECASE,'VERTICA' as SOURCE,'GREY' as Zone  from merchant group by FILEDATE,O_FILEDATE"
      }
   ],
   "outputs": {
      "METADATACOUNT": {
         "vertica": {
            "schema": "ppbi",
            "table": "DATA_SINK_META_DATA_LOG",
            "mode": "Append"
         }
      },
      "MERCHANTDETAILS": {
         "vertica": {
            "schema": "ukAcquiringRS2",
            "table": "MERCHANT_DETAILS",
            "mode": "Append"
         }
      },
      "CLIENTLINKS": {
         "vertica": {
            "schema": "ukAcquiringRS2",
            "table": "MERCHANT_CLIENT_LINKS",
            "mode": "Append"
         }
      },
      "CLIENTADDRESSES": {
         "vertica": {
            "schema": "ukAcquiringRS2",
            "table": "MERCHANT_CLIENT_ADDRESSES",
            "mode": "Append"
         }
      },
      "CLIENTACCOUNT": {
         "vertica": {
            "schema": "ukAcquiringRS2",
            "table": "MERCHANT_CLIENT_ACCOUNT",
            "mode": "Append"
         }
      },
      "CYCLEBOOKBALANCE": {
         "vertica": {
            "schema": "ukAcquiringRS2",
            "table": "MERCHANT_CYCLE_BOOK_BALANCE",
            "mode": "Append"
         }
      },
      "CLIENTSETTLEMENT": {
         "vertica": {
            "schema": "ukAcquiringRS2",
            "table": "MERCHANT_CLIENT_SETTLEMENT",
            "mode": "Append"
         }
      },
      "LINKTYPES": {
         "vertica": {
            "schema": "ukAcquiringRS2",
            "table": "MERCHANT_LINK_TYPES",
            "mode": "Append"
         }
      },
      "MERCHANTSERVICES": {
         "vertica": {
            "schema": "ukAcquiringRS2",
            "table": "MERCHANT_SERVICES",
            "mode": "Append"
         }
      },
      "DEVICELINK": {
         "vertica": {
            "schema": "ukAcquiringRS2",
            "table": "MERCHANT_DEVICE_LINK",
            "mode": "Append"
         }
      }
   },
   "explain": true,
   "showPreviewLines": 42,
   "showQuery": true,
   "cacheOnPreview": true,
   "logLevel": "WARN",
   "cacheCountOnOutput": false,
   "continueOnFailedStep": false,
   "enableHiveSupport": false
}