{
  "appName": "paymentProcessing_ukAcquiring_RS2_CHOICE",
  "inputs": {
    "choice": {
      "fileCustom": {
        "path": "${PAYMENTPROCESSING_UKACQUIRING_RS2_CHOICE}",
        "format": "parquet",
        "schemaPath": "s3://${SRC_BUCKET}/pipeline-unity/schema/ukAcquiring/paymentProcessing_ukAcquiring_RS2_CHOICE_schema.json",
        "cachedf": true
      }
    }
  },
  "connectionProperties": {
    "vertica": {
      "db": "${PPBI_VERTICA_DB}",
      "secretType": "AWSSECRET",
      "secretKey": "${PPBI_VERTICA_SECRETKEY}",
      "host": "${PPBI_VERTICA_HOST}"
    }
  },
  "stages": [
    {
      "dataFrameName": "SIGN_OPERATORS",
      "ignoreOnFailures": false,
      "showQuery": true,
      "sql": "select cast(INSTITUTION_NUMBER as Integer) as INSTITUTION_NUMBER,cast(INDEX_FIELD as Integer) as INDEX_FIELD, DESCRIPTION_1, DESCRIPTION_2 from choice where TABLE_ID='001'"
    },
    {
      "dataFrameName": "TRANSACTION_TYPE",
      "ignoreOnFailures": false,
      "showQuery": true,
      "sql": "select cast(INSTITUTION_NUMBER as Integer) as INSTITUTION_NUMBER,cast(INDEX_FIELD as Integer) as INDEX_FIELD, DESCRIPTION_1, DESCRIPTION_2 from choice where TABLE_ID='002'"
    },
    {
      "dataFrameName": "TRANSACTION_STATUS",
      "ignoreOnFailures": false,
      "showQuery": true,
      "sql": "select cast(INSTITUTION_NUMBER as Integer) as INSTITUTION_NUMBER,cast(INDEX_FIELD as Integer) as INDEX_FIELD, DESCRIPTION_1, DESCRIPTION_2 from choice where TABLE_ID='003'"
    },
    {
      "dataFrameName": "TRANSACTION_CLASS",
      "ignoreOnFailures": false,
      "showQuery": true,
      "sql": "select cast(INSTITUTION_NUMBER as Integer) as INSTITUTION_NUMBER,cast(INDEX_FIELD as Integer) as INDEX_FIELD, DESCRIPTION_1, DESCRIPTION_2 from choice where TABLE_ID='004'"
    },
    {
      "dataFrameName": "TRANSACTION_CATEGORY",
      "ignoreOnFailures": false,
      "showQuery": true,
      "sql": "select cast(INSTITUTION_NUMBER as Integer) as INSTITUTION_NUMBER,cast(INDEX_FIELD as Integer) as INDEX_FIELD, DESCRIPTION_1, DESCRIPTION_2 from choice where TABLE_ID='005'"
    },
    {
      "dataFrameName": "SETTLEMENT_CATEGORY",
      "ignoreOnFailures": false,
      "showQuery": true,
      "sql": "select cast(INSTITUTION_NUMBER as Integer) as INSTITUTION_NUMBER,cast(INDEX_FIELD as Integer) as INDEX_FIELD, DESCRIPTION_1, DESCRIPTION_2 from choice where TABLE_ID='006'"
    },
    {
      "dataFrameName": "SETTLEMENT_METHOD",
      "ignoreOnFailures": false,
      "showQuery": true,
      "sql": "select cast(INSTITUTION_NUMBER as Integer) as INSTITUTION_NUMBER,cast(INDEX_FIELD as Integer) as INDEX_FIELD, DESCRIPTION_1, DESCRIPTION_2 from choice where TABLE_ID='007'"
    },
    {
      "dataFrameName": "ACCOUNT_TYPE",
      "ignoreOnFailures": false,
      "showQuery": true,
      "sql": "select cast(INSTITUTION_NUMBER as Integer) as INSTITUTION_NUMBER,cast(INDEX_FIELD as Integer) as INDEX_FIELD, DESCRIPTION_1, DESCRIPTION_2 from choice where TABLE_ID='008'"
    },
    {
      "dataFrameName": "ACCOUNT_LEVEL",
      "ignoreOnFailures": false,
      "showQuery": true,
      "sql": "select cast(INSTITUTION_NUMBER as Integer) as INSTITUTION_NUMBER,cast(INDEX_FIELD as Integer) as INDEX_FIELD, DESCRIPTION_1, DESCRIPTION_2 from choice where TABLE_ID='009'"
    },
    {
      "dataFrameName": "ACCOUNT_STATUS",
      "ignoreOnFailures": false,
      "showQuery": true,
      "sql": "select cast(INSTITUTION_NUMBER as Integer) as INSTITUTION_NUMBER,cast(INDEX_FIELD as Integer) as INDEX_FIELD, DESCRIPTION_1, DESCRIPTION_2 from choice where TABLE_ID='010'"
    },
    {
      "dataFrameName": "CURRENCY",
      "ignoreOnFailures": false,
      "showQuery": true,
      "sql": "select cast(INSTITUTION_NUMBER as Integer) as INSTITUTION_NUMBER,cast(INDEX_FIELD as Integer) as INDEX_FIELD, DESCRIPTION_1, DESCRIPTION_2 from choice where TABLE_ID='011'"
    },
    {
      "dataFrameName": "COUNTRY",
      "ignoreOnFailures": false,
      "showQuery": true,
      "sql": "select cast(INSTITUTION_NUMBER as Integer) as INSTITUTION_NUMBER,cast(INDEX_FIELD as Integer) as INDEX_FIELD, DESCRIPTION_1, DESCRIPTION_2 from choice where TABLE_ID='012'"
    },
    {
      "dataFrameName": "BUSINESS_CLASS",
      "ignoreOnFailures": false,
      "showQuery": true,
      "sql": "select cast(INSTITUTION_NUMBER as Integer) as INSTITUTION_NUMBER,cast(INDEX_FIELD as Integer) as INDEX_FIELD, DESCRIPTION_1, DESCRIPTION_2 from choice where TABLE_ID='013'"
    },
    {
      "dataFrameName": "CARD_BRAND",
      "ignoreOnFailures": false,
      "showQuery": true,
      "sql": "select cast(INSTITUTION_NUMBER as Integer) as INSTITUTION_NUMBER,cast(INDEX_FIELD as Integer) as INDEX_FIELD, DESCRIPTION_1, DESCRIPTION_2 from choice where TABLE_ID='014'"
    },
    {
      "dataFrameName": "CLIENT_STATUS",
      "ignoreOnFailures": false,
      "showQuery": true,
      "sql": "select cast(INSTITUTION_NUMBER as Integer) as INSTITUTION_NUMBER,cast(INDEX_FIELD as Integer) as INDEX_FIELD, DESCRIPTION_1, DESCRIPTION_2 from choice where TABLE_ID='015'"
    },
    {
      "dataFrameName": "CLIENT_BRANCH",
      "ignoreOnFailures": false,
      "showQuery": true,
      "sql": "select cast(INSTITUTION_NUMBER as Integer) as INSTITUTION_NUMBER,cast(INDEX_FIELD as Integer) as INDEX_FIELD, DESCRIPTION_1, DESCRIPTION_2 from choice where TABLE_ID='016'"
    },
    {
      "dataFrameName": "CLIENT_LEVEL",
      "ignoreOnFailures": false,
      "showQuery": true,
      "sql": "select cast(INSTITUTION_NUMBER as Integer) as INSTITUTION_NUMBER,cast(INDEX_FIELD as Integer) as INDEX_FIELD, DESCRIPTION_1, DESCRIPTION_2 from choice where TABLE_ID='017'"
    },
    {
      "dataFrameName": "CLIENT_TYPE",
      "ignoreOnFailures": false,
      "showQuery": true,
      "sql": "select cast(INSTITUTION_NUMBER as Integer) as INSTITUTION_NUMBER,cast(INDEX_FIELD as Integer) as INDEX_FIELD, DESCRIPTION_1, DESCRIPTION_2 from choice where TABLE_ID='018'"
    },
    {
      "dataFrameName": "CLIENT_FEE_ID",
      "ignoreOnFailures": false,
      "showQuery": true,
      "sql": "select cast(INSTITUTION_NUMBER as Integer) as INSTITUTION_NUMBER,cast(INDEX_FIELD as Integer) as INDEX_FIELD, DESCRIPTION_1, DESCRIPTION_2 from choice where TABLE_ID='019'"
    },
    {
      "dataFrameName": "ADDRESS_CATEGORY",
      "ignoreOnFailures": false,
      "showQuery": true,
      "sql": "select cast(INSTITUTION_NUMBER as Integer) as INSTITUTION_NUMBER,cast(INDEX_FIELD as Integer) as INDEX_FIELD, DESCRIPTION_1, DESCRIPTION_2 from choice where TABLE_ID='020'"
    },
    {
      "dataFrameName": "CLEARING_CHANNEL",
      "ignoreOnFailures": false,
      "showQuery": true,
      "sql": "select cast(INSTITUTION_NUMBER as Integer) as INSTITUTION_NUMBER,cast(INDEX_FIELD as Integer) as INDEX_FIELD, DESCRIPTION_1, DESCRIPTION_2 from choice where TABLE_ID='021'"
    },
    {
      "dataFrameName": "SERVICE_CONTRACT",
      "ignoreOnFailures": false,
      "showQuery": true,
      "sql": "select cast(INSTITUTION_NUMBER as Integer) as INSTITUTION_NUMBER,cast(INDEX_FIELD as Integer) as INDEX_FIELD, DESCRIPTION_1, DESCRIPTION_2 from choice where TABLE_ID='022'"
    },
    {
      "dataFrameName": "POSTING_TARRIF",
      "ignoreOnFailures": false,
      "showQuery": true,
      "sql": "select cast(INSTITUTION_NUMBER as Integer) as INSTITUTION_NUMBER,cast(INDEX_FIELD as Integer) as INDEX_FIELD, DESCRIPTION_1, DESCRIPTION_2 from choice where TABLE_ID='023'"
    },
    {
      "dataFrameName": "CONDITION_SET",
      "ignoreOnFailures": false,
      "showQuery": true,
      "sql": "select cast(INSTITUTION_NUMBER as Integer) as INSTITUTION_NUMBER,cast(INDEX_FIELD as Integer) as INDEX_FIELD, DESCRIPTION_1, DESCRIPTION_2 from choice where TABLE_ID='024'"
    },
    {
      "dataFrameName": "SERVICES",
      "ignoreOnFailures": false,
      "showQuery": true,
      "sql": "select cast(INSTITUTION_NUMBER as Integer) as INSTITUTION_NUMBER,cast(INDEX_FIELD as Integer) as INDEX_FIELD, DESCRIPTION_1, DESCRIPTION_2 from choice where TABLE_ID='025'"
    },
    {
      "dataFrameName": "SERVICE_TYPE",
      "ignoreOnFailures": false,
      "showQuery": true,
      "sql": "select cast(INSTITUTION_NUMBER as Integer) as INSTITUTION_NUMBER,cast(INDEX_FIELD as Integer) as INDEX_FIELD, DESCRIPTION_1, DESCRIPTION_2 from choice where TABLE_ID='026'"
    },
    {
      "dataFrameName": "AREA_OF_ACTION",
      "ignoreOnFailures": false,
      "showQuery": true,
      "sql": "select cast(INSTITUTION_NUMBER as Integer) as INSTITUTION_NUMBER,cast(INDEX_FIELD as Integer) as INDEX_FIELD, DESCRIPTION_1, DESCRIPTION_2 from choice where TABLE_ID='027'"
    },
    {
      "dataFrameName": "PERIODIC_CYCLE",
      "ignoreOnFailures": false,
      "showQuery": true,
      "sql": "select cast(INSTITUTION_NUMBER as Integer) as INSTITUTION_NUMBER,cast(INDEX_FIELD as Integer) as INDEX_FIELD, DESCRIPTION_1, DESCRIPTION_2 from choice where TABLE_ID='028'"
    },
    {
      "dataFrameName": "CONFIRMATION",
      "ignoreOnFailures": false,
      "showQuery": true,
      "sql": "select cast(INSTITUTION_NUMBER as Integer) as INSTITUTION_NUMBER,cast(INDEX_FIELD as Integer) as INDEX_FIELD, DESCRIPTION_1, DESCRIPTION_2 from choice where TABLE_ID='029'"
    },
    {
      "dataFrameName": "CHARGE_TYPE",
      "ignoreOnFailures": false,
      "showQuery": true,
      "sql": "select cast(INSTITUTION_NUMBER as Integer) as INSTITUTION_NUMBER,cast(INDEX_FIELD as Integer) as INDEX_FIELD, DESCRIPTION_1, DESCRIPTION_2 from choice where TABLE_ID='030'"
    },
    {
      "dataFrameName": "LINK_TYPE",
      "ignoreOnFailures": false,
      "showQuery": true,
      "sql": "select cast(INSTITUTION_NUMBER as Integer) as INSTITUTION_NUMBER,cast(INDEX_FIELD as Integer) as INDEX_FIELD, DESCRIPTION_1, DESCRIPTION_2 from choice where TABLE_ID='031'"
    },
    {
      "dataFrameName": "FEE_IDENTIFIER",
      "ignoreOnFailures": false,
      "showQuery": true,
      "sql": "select cast(INSTITUTION_NUMBER as Integer) as INSTITUTION_NUMBER,cast(INDEX_FIELD as Integer) as INDEX_FIELD, DESCRIPTION_1, DESCRIPTION_2 from choice where TABLE_ID='032'"
    },
    {
      "dataFrameName": "TERMINAL_STATUS",
      "ignoreOnFailures": false,
      "showQuery": true,
      "sql": "select cast(INSTITUTION_NUMBER as Integer) as INSTITUTION_NUMBER,cast(INDEX_FIELD as Integer) as INDEX_FIELD, DESCRIPTION_1, DESCRIPTION_2 from choice where TABLE_ID='033'"
    },
    {
      "dataFrameName": "TERMINAL_TYPE",
      "ignoreOnFailures": false,
      "showQuery": true,
      "sql": "select cast(INSTITUTION_NUMBER as Integer) as INSTITUTION_NUMBER,cast(INDEX_FIELD as Integer) as INDEX_FIELD, DESCRIPTION_1, DESCRIPTION_2 from choice where TABLE_ID='034'"
    },
    {
      "dataFrameName": "DEVICE_CAPABILITY",
      "ignoreOnFailures": false,
      "showQuery": true,
      "sql": "select cast(INSTITUTION_NUMBER as Integer) as INSTITUTION_NUMBER,cast(INDEX_FIELD as Integer) as INDEX_FIELD, DESCRIPTION_1, DESCRIPTION_2 from choice where TABLE_ID='035'"
    },
    {
      "dataFrameName": "END_OF_DAY_INDICATOR",
      "ignoreOnFailures": false,
      "showQuery": true,
      "sql": "select cast(INSTITUTION_NUMBER as Integer) as INSTITUTION_NUMBER,cast(INDEX_FIELD as Integer) as INDEX_FIELD, DESCRIPTION_1, DESCRIPTION_2 from choice where TABLE_ID='036'"
    },
    {
      "dataFrameName": "REGION_PTT",
      "ignoreOnFailures": false,
      "showQuery": true,
      "sql": "select cast(INSTITUTION_NUMBER as Integer) as INSTITUTION_NUMBER,cast(INDEX_FIELD as Integer) as INDEX_FIELD, DESCRIPTION_1, DESCRIPTION_2 from choice where TABLE_ID='037'"
    },
    {
      "dataFrameName": "RECORD_TYPE",
      "ignoreOnFailures": false,
      "showQuery": true,
      "sql": "select cast(INSTITUTION_NUMBER as Integer) as INSTITUTION_NUMBER,cast(INDEX_FIELD as Integer) as INDEX_FIELD, DESCRIPTION_1, DESCRIPTION_2 from choice where TABLE_ID='038'"
    },
    {
      "dataFrameName": "LEGAL_FORM",
      "ignoreOnFailures": false,
      "showQuery": true,
      "sql": "select cast(INSTITUTION_NUMBER as Integer) as INSTITUTION_NUMBER,cast(INDEX_FIELD as Integer) as INDEX_FIELD, DESCRIPTION_1, DESCRIPTION_2 from choice where TABLE_ID='039'"
    },
    {
      "dataFrameName": "DOMESTIC_MCC",
      "ignoreOnFailures": false,
      "showQuery": true,
      "sql": "select cast(INSTITUTION_NUMBER as Integer) as INSTITUTION_NUMBER,cast(INDEX_FIELD as Integer) as INDEX_FIELD, DESCRIPTION_1, DESCRIPTION_2 from choice where TABLE_ID='040'"
    },
    {
      "dataFrameName": "CARD_ORGANIZATION",
      "ignoreOnFailures": false,
      "showQuery": true,
      "sql": "select cast(INSTITUTION_NUMBER as Integer) as INSTITUTION_NUMBER,cast(INDEX_FIELD as Integer) as INDEX_FIELD, DESCRIPTION_1, DESCRIPTION_2 from choice where TABLE_ID='041'"
    },
    {
      "dataFrameName": "STATEMENT_GENERATION",
      "ignoreOnFailures": false,
      "showQuery": true,
      "sql": "select cast(INSTITUTION_NUMBER as Integer) as INSTITUTION_NUMBER,cast(INDEX_FIELD as Integer) as INDEX_FIELD, DESCRIPTION_1, DESCRIPTION_2 from choice where TABLE_ID='042'"
    },
    {
      "dataFrameName": "STATEMENT_TYPE",
      "ignoreOnFailures": false,
      "showQuery": true,
      "sql": "select cast(INSTITUTION_NUMBER as Integer) as INSTITUTION_NUMBER,cast(INDEX_FIELD as Integer) as INDEX_FIELD, DESCRIPTION_1, DESCRIPTION_2 from choice where TABLE_ID='043'"
    },
    {
      "dataFrameName": "SERVICE_STATUS",
      "ignoreOnFailures": false,
      "showQuery": true,
      "sql": "select cast(INSTITUTION_NUMBER as Integer) as INSTITUTION_NUMBER,cast(INDEX_FIELD as Integer) as INDEX_FIELD, DESCRIPTION_1, DESCRIPTION_2 from choice where TABLE_ID='044'"
    },
    {
      "dataFrameName": "SERVICE_CATEGORY",
      "ignoreOnFailures": false,
      "showQuery": true,
      "sql": "select cast(INSTITUTION_NUMBER as Integer) as INSTITUTION_NUMBER,cast(INDEX_FIELD as Integer) as INDEX_FIELD, DESCRIPTION_1, DESCRIPTION_2 from choice where TABLE_ID='045'"
    },
    {
      "dataFrameName": "IP_QUALIFICATION",
      "ignoreOnFailures": false,
      "showQuery": true,
      "sql": "select cast(INSTITUTION_NUMBER as Integer) as INSTITUTION_NUMBER,cast(INDEX_FIELD as Integer) as INDEX_FIELD, DESCRIPTION_1, DESCRIPTION_2 from choice where TABLE_ID='046'"
    },
    {
      "dataFrameName": "OBJECT_LEVEL",
      "ignoreOnFailures": false,
      "showQuery": true,
      "sql": "select cast(INSTITUTION_NUMBER as Integer) as INSTITUTION_NUMBER,cast(INDEX_FIELD as Integer) as INDEX_FIELD, DESCRIPTION_1, DESCRIPTION_2 from choice where TABLE_ID='047'"
    },
    {
      "dataFrameName": "PERIODIC_REFERENCE",
      "ignoreOnFailures": false,
      "showQuery": true,
      "sql": "select cast(INSTITUTION_NUMBER as Integer) as INSTITUTION_NUMBER,cast(INDEX_FIELD as Integer) as INDEX_FIELD, DESCRIPTION_1, DESCRIPTION_2 from choice where TABLE_ID='048'"
    },
    {
      "dataFrameName": "REFERENCE_OBJECT",
      "ignoreOnFailures": false,
      "showQuery": true,
      "sql": "select cast(INSTITUTION_NUMBER as Integer) as INSTITUTION_NUMBER,cast(INDEX_FIELD as Integer) as INDEX_FIELD, DESCRIPTION_1, DESCRIPTION_2 from choice where TABLE_ID='049'"
    },
    {
      "dataFrameName": "RULE_ID",
      "ignoreOnFailures": false,
      "showQuery": true,
      "sql": "select cast(INSTITUTION_NUMBER as Integer) as INSTITUTION_NUMBER,cast(INDEX_FIELD as Integer) as INDEX_FIELD, DESCRIPTION_1, DESCRIPTION_2 from choice where TABLE_ID='050'"
    },
    {
      "dataFrameName": "Fee_Category",
      "ignoreOnFailures": false,
      "showQuery": true,
      "sql": "select cast(INSTITUTION_NUMBER as Integer) as INSTITUTION_NUMBER,cast(INDEX_FIELD as Integer) as INDEX_FIELD, DESCRIPTION_1, DESCRIPTION_2 from choice where TABLE_ID='051'"
    },
    {
      "dataFrameName": "Charge_Tier_Level",
      "ignoreOnFailures": false,
      "showQuery": true,
      "sql": "select cast(INSTITUTION_NUMBER as Integer) as INSTITUTION_NUMBER,cast(INDEX_FIELD as Integer) as INDEX_FIELD, DESCRIPTION_1, DESCRIPTION_2 from choice where TABLE_ID='052'"
    },
    {
      "dataFrameName": "Capture_Method",
      "ignoreOnFailures": false,
      "showQuery": true,
      "sql": "select cast(INSTITUTION_NUMBER as Integer) as INSTITUTION_NUMBER,cast(INDEX_FIELD as Integer) as INDEX_FIELD, DESCRIPTION_1, DESCRIPTION_2 from choice where TABLE_ID='053'"
    },
    {
      "dataFrameName": "Fee_Mode",
      "ignoreOnFailures": false,
      "showQuery": true,
      "sql": "select cast(INSTITUTION_NUMBER as Integer) as INSTITUTION_NUMBER,cast(INDEX_FIELD as Integer) as INDEX_FIELD, DESCRIPTION_1, DESCRIPTION_2 from choice where TABLE_ID='054'"
    },
    {
      "dataFrameName": "METADATACOUNT",
      "sql": "select 'paymentProcessing_ukAcquiring_RS2_CHOICE' as CONFIGID,TO_DATE(FILEDATE,'yyyy-MM-dd') as FILEDATE, O_FILEDATE AS FILENAME ,cast(count(1) as int) as RAWCOUNT,cast( count(1) as int) as PROCESSEDCOUNT,'ukAcquiring' as BUSINESSUNIT, 'ACTIVE' as status, false as ISCONFORMEDENTRY, 'RS2DATAMODELING-LOAD-VERTICA' as USECASE,'VERTICA' as SOURCE,'GREY' as Zone  from choice group by FILEDATE,O_FILEDATE"
    }
  ],
  "outputs": {
    "METADATACOUNT": {
      "vertica": {
        "schema": "ppbi",
        "table": "DATA_SINK_META_DATA_LOG",
        "mode": "Append"
      }
    },
    "SIGN_OPERATORS": {
      "vertica": {
        "schema": "ukAcquiringRS2",
        "table": "RS2_CHOICE_SIGN_OPERATORS",
        "mode": "Overwrite"
      }
    },
    "TRANSACTION_TYPE": {
      "vertica": {
        "schema": "ukAcquiringRS2",
        "table": "RS2_CHOICE_TRANSACTION_TYPE",
        "mode": "Overwrite"
      }
    },
    "TRANSACTION_STATUS": {
      "vertica": {
        "schema": "ukAcquiringRS2",
        "table": "RS2_CHOICE_TRANSACTION_STATUS",
        "mode": "Overwrite"
      }
    },
    "TRANSACTION_CLASS": {
      "vertica": {
        "schema": "ukAcquiringRS2",
        "table": "RS2_CHOICE_TRANSACTION_CLASS",
        "mode": "Overwrite"
      }
    },
    "TRANSACTION_CATEGORY": {
      "vertica": {
        "schema": "ukAcquiringRS2",
        "table": "RS2_CHOICE_TRANSACTION_CATEGORY",
        "mode": "Overwrite"
      }
    },
    "SETTLEMENT_CATEGORY": {
      "vertica": {
        "schema": "ukAcquiringRS2",
        "table": "RS2_CHOICE_SETTLEMENT_CATEGORY",
        "mode": "Overwrite"
      }
    },
    "SETTLEMENT_METHOD": {
      "vertica": {
        "schema": "ukAcquiringRS2",
        "table": "RS2_CHOICE_SETTLEMENT_METHOD",
        "mode": "Overwrite"
      }
    },
    "ACCOUNT_TYPE": {
      "vertica": {
        "schema": "ukAcquiringRS2",
        "table": "RS2_CHOICE_ACCOUNT_TYPE",
        "mode": "Overwrite"
      }
    },
    "ACCOUNT_LEVEL": {
      "vertica": {
        "schema": "ukAcquiringRS2",
        "table": "RS2_CHOICE_ACCOUNT_LEVEL",
        "mode": "Overwrite"
      }
    },
    "ACCOUNT_STATUS": {
      "vertica": {
        "schema": "ukAcquiringRS2",
        "table": "RS2_CHOICE_ACCOUNT_STATUS",
        "mode": "Overwrite"
      }
    },
    "CURRENCY": {
      "vertica": {
        "schema": "ukAcquiringRS2",
        "table": "RS2_CHOICE_CURRENCY",
        "mode": "Overwrite"
      }
    },
    "COUNTRY": {
      "vertica": {
        "schema": "ukAcquiringRS2",
        "table": "RS2_CHOICE_COUNTRY",
        "mode": "Overwrite"
      }
    },
    "BUSINESS_CLASS": {
      "vertica": {
        "schema": "ukAcquiringRS2",
        "table": "RS2_CHOICE_BUSINESS_CLASS",
        "mode": "Overwrite"
      }
    },
    "CARD_BRAND": {
      "vertica": {
        "schema": "ukAcquiringRS2",
        "table": "RS2_CHOICE_CARD_BRAND",
        "mode": "Overwrite"
      }
    },
    "CLIENT_STATUS": {
      "vertica": {
        "schema": "ukAcquiringRS2",
        "table": "RS2_CHOICE_CLIENT_STATUS",
        "mode": "Overwrite"
      }
    },
    "CLIENT_BRANCH": {
      "vertica": {
        "schema": "ukAcquiringRS2",
        "table": "RS2_CHOICE_CLIENT_BRANCH",
        "mode": "Overwrite"
      }
    },
    "CLIENT_LEVEL": {
      "vertica": {
        "schema": "ukAcquiringRS2",
        "table": "RS2_CHOICE_CLIENT_LEVEL",
        "mode": "Overwrite"
      }
    },
    "CLIENT_TYPE": {
      "vertica": {
        "schema": "ukAcquiringRS2",
        "table": "RS2_CHOICE_CLIENT_TYPE",
        "mode": "Overwrite"
      }
    },
    "CLIENT_FEE_ID": {
      "vertica": {
        "schema": "ukAcquiringRS2",
        "table": "RS2_CHOICE_CLIENT_FEE_ID",
        "mode": "Overwrite"
      }
    },
    "ADDRESS_CATEGORY": {
      "vertica": {
        "schema": "ukAcquiringRS2",
        "table": "RS2_CHOICE_ADDRESS_CATEGORY",
        "mode": "Overwrite"
      }
    },
    "CLEARING_CHANNEL": {
      "vertica": {
        "schema": "ukAcquiringRS2",
        "table": "RS2_CHOICE_CLEARING_CHANNEL",
        "mode": "Overwrite"
      }
    },
    "SERVICE_CONTRACT": {
      "vertica": {
        "schema": "ukAcquiringRS2",
        "table": "RS2_CHOICE_SERVICE_CONTRACT",
        "mode": "Overwrite"
      }
    },
    "POSTING_TARRIF": {
      "vertica": {
        "schema": "ukAcquiringRS2",
        "table": "RS2_CHOICE_POSTING_TARRIF",
        "mode": "Overwrite"
      }
    },
    "CONDITION_SET": {
      "vertica": {
        "schema": "ukAcquiringRS2",
        "table": "RS2_CHOICE_CONDITION_SET",
        "mode": "Overwrite"
      }
    },
    "SERVICES": {
      "vertica": {
        "schema": "ukAcquiringRS2",
        "table": "RS2_CHOICE_SERVICES",
        "mode": "Overwrite"
      }
    },
    "SERVICE_TYPE": {
      "vertica": {
        "schema": "ukAcquiringRS2",
        "table": "RS2_CHOICE_SERVICE_TYPE",
        "mode": "Overwrite"
      }
    },
    "AREA_OF_ACTION": {
      "vertica": {
        "schema": "ukAcquiringRS2",
        "table": "RS2_CHOICE_AREA_OF_ACTION",
        "mode": "Overwrite"
      }
    },
    "PERIODIC_CYCLE": {
      "vertica": {
        "schema": "ukAcquiringRS2",
        "table": "RS2_CHOICE_PERIODIC_CYCLE",
        "mode": "Overwrite"
      }
    },
    "CONFIRMATION": {
      "vertica": {
        "schema": "ukAcquiringRS2",
        "table": "RS2_CHOICE_CONFIRMATION",
        "mode": "Overwrite"
      }
    },
    "CHARGE_TYPE": {
      "vertica": {
        "schema": "ukAcquiringRS2",
        "table": "RS2_CHOICE_CHARGE_TYPE",
        "mode": "Overwrite"
      }
    },
    "LINK_TYPE": {
      "vertica": {
        "schema": "ukAcquiringRS2",
        "table": "RS2_CHOICE_LINK_TYPE",
        "mode": "Overwrite"
      }
    },
    "FEE_IDENTIFIER": {
      "vertica": {
        "schema": "ukAcquiringRS2",
        "table": "RS2_CHOICE_FEE_IDENTIFIER",
        "mode": "Overwrite"
      }
    },
    "TERMINAL_STATUS": {
      "vertica": {
        "schema": "ukAcquiringRS2",
        "table": "RS2_CHOICE_TERMINAL_STATUS",
        "mode": "Overwrite"
      }
    },
    "TERMINAL_TYPE": {
      "vertica": {
        "schema": "ukAcquiringRS2",
        "table": "RS2_CHOICE_TERMINAL_TYPE",
        "mode": "Overwrite"
      }
    },
    "DEVICE_CAPABILITY": {
      "vertica": {
        "schema": "ukAcquiringRS2",
        "table": "RS2_CHOICE_DEVICE_CAPABILITY",
        "mode": "Overwrite"
      }
    },
    "END_OF_DAY_INDICATOR": {
      "vertica": {
        "schema": "ukAcquiringRS2",
        "table": "RS2_CHOICE_END_OF_DAY_INDICATOR",
        "mode": "Overwrite"
      }
    },
    "REGION_PTT": {
      "vertica": {
        "schema": "ukAcquiringRS2",
        "table": "RS2_CHOICE_REGION_PTT",
        "mode": "Overwrite"
      }
    },
    "RECORD_TYPE": {
      "vertica": {
        "schema": "ukAcquiringRS2",
        "table": "RS2_CHOICE_RECORD_TYPE",
        "mode": "Overwrite"
      }
    },
    "LEGAL_FORM": {
      "vertica": {
        "schema": "ukAcquiringRS2",
        "table": "RS2_CHOICE_LEGAL_FORM",
        "mode": "Overwrite"
      }
    },
    "DOMESTIC_MCC": {
      "vertica": {
        "schema": "ukAcquiringRS2",
        "table": "RS2_CHOICE_DOMESTIC_MCC",
        "mode": "Overwrite"
      }
    },
    "CARD_ORGANIZATION": {
      "vertica": {
        "schema": "ukAcquiringRS2",
        "table": "RS2_CHOICE_CARD_ORGANIZATION",
        "mode": "Overwrite"
      }
    },
    "STATEMENT_GENERATION": {
      "vertica": {
        "schema": "ukAcquiringRS2",
        "table": "RS2_CHOICE_STATEMENT_GENERATION",
        "mode": "Overwrite"
      }
    },
    "STATEMENT_TYPE": {
      "vertica": {
        "schema": "ukAcquiringRS2",
        "table": "RS2_CHOICE_STATEMENT_TYPE",
        "mode": "Overwrite"
      }
    },
    "SERVICE_STATUS": {
      "vertica": {
        "schema": "ukAcquiringRS2",
        "table": "RS2_CHOICE_SERVICE_STATUS",
        "mode": "Overwrite"
      }
    },
    "SERVICE_CATEGORY": {
      "vertica": {
        "schema": "ukAcquiringRS2",
        "table": "RS2_CHOICE_SERVICE_CATEGORY",
        "mode": "Overwrite"
      }
    },
    "IP_QUALIFICATION": {
      "vertica": {
        "schema": "ukAcquiringRS2",
        "table": "RS2_CHOICE_IP_QUALIFICATION",
        "mode": "Overwrite"
      }
    },
    "OBJECT_LEVEL": {
      "vertica": {
        "schema": "ukAcquiringRS2",
        "table": "RS2_CHOICE_OBJECT_LEVEL",
        "mode": "Overwrite"
      }
    },
    "PERIODIC_REFERENCE": {
      "vertica": {
        "schema": "ukAcquiringRS2",
        "table": "RS2_CHOICE_PERIODIC_REFERENCE",
        "mode": "Overwrite"
      }
    },
    "REFERENCE_OBJECT": {
      "vertica": {
        "schema": "ukAcquiringRS2",
        "table": "RS2_CHOICE_REFERENCE_OBJECT",
        "mode": "Overwrite"
      }
    },
    "RULE_ID": {
      "vertica": {
        "schema": "ukAcquiringRS2",
        "table": "RS2_CHOICE_RULE_ID",
        "mode": "Overwrite"
      }
    },
    "Fee_Category": {
      "vertica": {
        "schema": "ukAcquiringRS2",
        "table": "RS2_CHOICE_Fee_Category",
        "mode": "Overwrite"
      }
    },
    "Charge_Tier_Level": {
      "vertica": {
        "schema": "ukAcquiringRS2",
        "table": "RS2_CHOICE_Charge_Tier_Level",
        "mode": "Overwrite"
      }
    },
    "Capture_Method": {
      "vertica": {
        "schema": "ukAcquiringRS2",
        "table": "RS2_CHOICE_Capture_Method",
        "mode": "Overwrite"
      }
    },
    "Fee_Mode": {
      "vertica": {
        "schema": "ukAcquiringRS2",
        "table": "RS2_CHOICE_Fee_Mode",
        "mode": "Overwrite"
      }
    }
  },
  "explain": true,
  "showPreviewLines": 42,
  "showQuery": true,
  "cacheOnPreview": true,
  "logLevel": "WARN",
  "cacheCountOnOutput": false,
  "continueOnFailedStep": false,
  "enableHiveSupport": false
}