{
   "appName":"PAYMENTPROCESSING_UKACQUIRING_RS2_SETUP",
   "inputs":{
      "setup":{
         "fileCustom":{
            "path":"${PAYMENTPROCESSING_UKACQUIRING_RS2_SETUP}",
            "format":"parquet",
            "schemaPath":"s3://${SRC_BUCKET}/pipeline-unity/schema/ukAcquiring/paymentProcessing_ukAcquiring_RS2_SETUP_schema.json",
            "cachedf":true
         }
      }
   },
   "connectionProperties":{
      "vertica":{
         "db":"${PPBI_VERTICA_DB}",
         "secretType":"AWSSECRET",
         "secretKey":"${PPBI_VERTICA_SECRETKEY}",
         "host":"${PPBI_VERTICA_HOST}"
      }
   },
   "stages": [{
      "dataFrameName": "SETUPTRANSACTION",
      "sql": "select TO_DATE(filedate,'yyyy-MM-dd') as FILEDATE, o_filedate as FILENAME, cast(FileSequenceNumber as BIGINT) as FILESEQUENCENUMBER, TO_DATE(DateofExtraction,'yyyyMMdd') as DATEOFEXTRACTION,  cast(InstitutionNumber as BIGINT) as INSTITUTIONNUMBER, cast(SEQUENCE as BIGINT) as SEQUENCE, cast(RecordIDNumber as BIGINT) as RECORDIDNUMBER , cast(ServiceContractID as BIGINT) as SERVICECONTRACTID, cast(ClientNumber as BIGINT) as CLIENTNUMBER, cast(ClientTariff as BIGINT) as CLIENTTARIFF, cast(ServiceID as BIGINT) as SERVICEID , cast(AreaofEvent as BIGINT) as AREAOFEVENT, cast(TransactionType as BIGINT)  as TRANSACTIONTYPE, cast(ServiceType as BIGINT) as SERVICETYPE, cast(PeriodicCycle as BIGINT) as PERIODICCYCLE, TO_DATE(EffectiveDate,'yyyyMMdd') as EFFECTIVEDATE, TO_DATE(ExpiryDate,'yyyyMMdd') as EXPIRYDATE, cast(FeeCurrency as BIGINT) as FEECURRENCY, cast(FeeRate as Decimal(18,4)) as FEERATE, cast(FeeBase as Decimal(18,4)) as FEEBASE,cast(FeeCategory as BIGINT) as FEECATEGORY, cast(ChargeTierLevel as BIGINT) as CHARGETIERLEVEL, cast(TransactionCurrency as BIGINT) as TRANSACTIONCURRENCY, cast(CaptureMethod as BIGINT) as CAPTUREMETHOD, cast(ChargeType as BIGINT) as CHARGETYPE, cast(FeeMinimum as Decimal(18,4)) as FEEMINIMUM, cast(FeeMaximum as Decimal(18,4)) as FEEMAXIMUM, cast(PLIndicatorInward as BIGINT) as PLINDICATORINWARD, cast(FeeMode as BIGINT) as FEEMODE, cast(PLINDICATOROUTWARD as BIGINT) as PLINDICATOROUTWARD, cast(MATHOPERATOR as BIGINT) as MATHOPERATOR, Cast(NUMBEROFDAYS as BIGINT) as NUMBEROFDAYS, cast(POSTINGMETHOD as BIGINT) as POSTINGMETHOD, cast(SOURCETRANSACTIONTYPE as BIGINT) as SOURCETRANSACTIONTYPE from setup where rowtype='001'"
   }, {
      "dataFrameName": "INTERCHANGEFEE",
      "sql": "select TO_DATE(filedate,'yyyy-MM-dd') as FILEDATE, o_filedate as FILENAME, cast(FileSequenceNumber as BIGINT) as FILESEQUENCENUMBER, TO_DATE(DateofExtraction,'yyyyMMdd') as DATEOFEXTRACTION,  cast(InstitutionNumber as BIGINT) as INSTITUTIONNUMBER, cast(SEQUENCE as BIGINT) as SEQUENCE, cast(RecordIDNumber as BIGINT) as RECORDIDNUMBER , cast(ServiceContractID as BIGINT) as SERVICECONTRACTID, cast(ClientNumber as BIGINT) as CLIENTNUMBER, cast(ChargeType as BIGINT) as CHARGETYPE, cast(ClientTariff as BIGINT) as CLIENTTARIFF, cast(ServiceID as BIGINT) as SERVICEID, cast(AreaofEvent as BIGINT) as AREAOFEVENT, cast(TransactionType as BIGINT)  as TRANSACTIONTYPE, cast(ServiceType as BIGINT) as SERVICETYPE,  cast(PeriodicCycle as BIGINT) as PERIODICCYCLE, TO_DATE(EffectiveDate,'yyyyMMdd') as EFFECTIVEDATE, TO_DATE(ExpiryDate,'yyyyMMdd') as EXPIRYDATE, cast(FeeCurrency as BIGINT) as FEECURRENCY, cast(FeePercent as Decimal(18,4)) as FEEPERCENT, cast(FeeBase as Decimal(18,4)) as FEEBASE, cast(FEEIDENTIFIER as BIGINT) as FEEIDENTIFIER from setup where rowtype='002'"
   }, {
      "dataFrameName": "SCHEMEFEE",
      "sql": "select TO_DATE(filedate,'yyyy-MM-dd') as FILEDATE, o_filedate as FILENAME, cast(FileSequenceNumber as BIGINT) as FILESEQUENCENUMBER, TO_DATE(DateofExtraction,'yyyyMMdd') as DATEOFEXTRACTION,  cast(InstitutionNumber as BIGINT) as INSTITUTIONNUMBER, cast(SEQUENCE as BIGINT) as SEQUENCE, cast(RecordIDNumber as BIGINT) as RECORDIDNUMBER, cast(ServiceContractID as BIGINT) as SERVICECONTRACTID, cast(ClientNumber as BIGINT) as CLIENTNUMBER, cast(ChargeType as BIGINT) as CHARGETYPE, cast(ClientTariff as BIGINT) as CLIENTTARIFF, cast(AreaofEvent as BIGINT) as AREAOFEVENT, cast(TransactionType as BIGINT)  as TRANSACTIONTYPE, cast(ServiceType as BIGINT) as SERVICETYPE, TO_DATE(EffectiveDate,'yyyyMMdd') as EFFECTIVEDATE, TO_DATE(ExpiryDate,'yyyyMMdd') as EXPIRYDATE, cast(FeeCurrency as BIGINT) as FEECURRENCY, cast(FeePercent as Decimal(18,4)) as FEEPERCENT, cast(FeeBase as Decimal(18,4)) as FEEBASE  from setup where rowtype='003'"
   }, {
      "dataFrameName": "MERCHANTFEE",
      "sql": "select TO_DATE(filedate,'yyyy-MM-dd') as FILEDATE, o_filedate as FILENAME, cast(FileSequenceNumber as BIGINT) as FILESEQUENCENUMBER, to_date(DateofExtraction,'yyyyMMdd') as DATEOFEXTRACTION,  cast(InstitutionNumber as BIGINT) as INSTITUTIONNUMBER, cast(SEQUENCE as BIGINT) as SEQUENCE, cast(RecordIDNumber as BIGINT) as RECORDIDNUMBER , cast(ServiceContractID as BIGINT) as SERVICECONTRACTID, cast(ClientNumber as BIGINT) as CLIENTNUMBER, cast(ClientTariff as BIGINT) as CLIENTTARIFF, TO_DATE(EffectiveDate,'yyyyMMdd') as EFFECTIVEDATE, TO_DATE(ExpiryDate,'yyyyMMdd') as EXPIRYDATE, cast(FeeCurrency as BIGINT) as FEECURRENCY, cast(FeeRate as Decimal(18,4)) as FEERATE, cast(FeeBase as Decimal(18,4)) as FEEBASE, cast(GroupNumber as BIGINT) as GROUPNUMBER, cast(AccountTypeID as BIGINT) as ACCOUNTTYPEID, cast(FeeTransactionType as BIGINT)  as FEETRANSACTIONTYPE, cast(FeeID as BIGINT) as FEEID,  cast(Frequency as BIGINT) as FREQUENCY, cast(FeeCategory as BIGINT) as FEECATEGORY, cast(ServiceID as BIGINT) as SERVICEID, cast(AccountCurrency as BIGINT) as ACCOUNTCURRENCY, cast(TriggerRuleID as BIGINT) as TRIGGERRULEID, cast(TriggerSource as BIGINT) as TRIGGERSOURCE, cast(TriggerOperator as BIGINT) as TRIGGEROPERATOR, cast(TriggerCurrency as BIGINT) as TRIGGERCURRENCY, cast(TriggerValueHigh as Decimal(18,4)) as TRIGGERVALUEHIGH, cast(TriggerValueLow as Decimal(18,4)) as TRIGGERVALUELOW,cast(ReferenceOperator as BIGINT) as REFRENCEOPERATOR, cast(FixedPeriod as BIGINT) as FIXEDPERIOD, cast(ObjectLevel as BIGINT) as OBJECTLEVEL, cast(FeeMinimum as Decimal(18,4)) as FEEMINIMUM, cast(FeeMaximum as Decimal(18,4)) as FEEMAXIMUM, cast(ChargeType as BIGINT) as CHARGETYPE, cast(FeeMode as BIGINT) as FEEMODE, cast(ChargeTierLevel as BIGINT) as CHARGETIERLEVEL, cast(SettlementMethod as BIGINT) as SETTLEMENTMETHOD, cast(PeriodReference as BIGINT) as PERIODREFERENCE from setup where rowtype='004'"
   }, {
      "dataFrameName": "SERVICEFEE",
      "sql": "select TO_DATE(filedate,'yyyy-MM-dd') as FILEDATE, o_filedate as FILENAME, cast(FILESEQUENCENUMBER as BIGINT) as FILESEQUENCENUMBER, TO_DATE(DATEOFEXTRACTION,'yyyyMMdd') as DATEOFEXTRACTION,  cast(InstitutionNumber as BIGINT) as INSTITUTIONNUMBER, cast(SEQUENCE as BIGINT) as SEQUENCE, cast (RECORDIDNUMBER as BIGINT) as RECORDIDNUMBER, cast(SERVICECONTRACTID as BIGINT) as SERVICECONTRACTID, cast(CLIENTNUMBER as BIGINT) as CLIENTNUMBER, cast(GROUPNUMBER as BIGINT) as GROUPNUMBER, cast(ACCOUNTTYPEID as BIGINT) as ACCOUNTTYPEID, cast(FEETRANSACTIONTYPE as BIGINT) as FEETRANSACTIONTYPE , cast(FEEID as BIGINT) as FEEID, cast(CLIENTTARIFF as BIGINT) as CLIENTTARIFF, TO_DATE(EFFECTIVEDATE,'yyyyMMdd') as EFFECTIVEDATE, TO_DATE(EXPIRYDATE,'yyyyMMdd') as EXPIRYDATE, cast(FREQUENCY as BIGINT) as FREQUENCY , cast(FEECURRENCY as BIGINT) as FEECURRENCY, cast(FEERATE as Decimal(18,4)) as FEERATE, cast(FEEBASE as Decimal(18,4)) as FEEBASE,  cast(FeeCategory as BIGINT) as FEECATEGORY, cast(ServiceID as BIGINT) as SERVICEID, cast(AccountCurrency as BIGINT) as ACCOUNTCURRENCY, cast(TriggerRuleID as BIGINT) as TRIGGERRULEID, cast(TriggerSource as BIGINT) as TRIGGERSOURCE, cast(TriggerOperator as BIGINT) as TRIGGEROPERATOR, cast(TriggerCurrency as BIGINT) as TRIGGERCURRENCY, cast(TriggerValueHigh as Decimal(18,4)) as TRIGGERVALUEHIGH, cast(TriggerValueLow as Decimal(18,4)) as TRIGGERVALUELOW,cast(ReferenceOperator as BIGINT) as REFRENCEOPERATOR, cast(FixedPeriod as BIGINT) as FIXEDPERIOD, cast(ObjectLevel as BIGINT) as OBJECTLEVEL, cast(FeeMinimum as Decimal(18,4)) as FEEMINIMUM, cast(FeeMaximum as Decimal(18,4)) as FEEMAXIMUM, cast(ChargeType as BIGINT) as CHARGETYPE, cast(FeeMode as BIGINT) as FEEMODE, cast(ChargeTierLevel as BIGINT) as CHARGETIERLEVEL, cast(SettlementMethod as BIGINT) as SETTLEMENTMETHOD, cast(PeriodReference as BIGINT) as PERIODREFERENCE from setup where ROWTYPE='005'"
   }, {
      "dataFrameName": "SETTLEMENTSCHEMEFEE",
      "sql": "select TO_DATE(filedate,'yyyy-MM-dd') as FILEDATE, o_filedate as FILENAME, cast(FILESEQUENCENUMBER as BIGINT) as FILESEQUENCENUMBER, TO_DATE(DATEOFEXTRACTION,'yyyyMMdd') as DATEOFEXTRACTION,  cast(InstitutionNumber as BIGINT) as INSTITUTIONNUMBER, cast(SEQUENCE as BIGINT) as SEQUENCE, cast(SERVICECONTRACTID as BIGINT) as SERVICECONTRACTID, cast(ACCOUNTNUMBER as BIGINT) as ACCOUNTNUMBER, cast(ACCOUNTTYPEID as BIGINT) as ACCOUNTTYPEID, cast(ACCOUNTCURRENCY as BIGINT) as ACCOUNTCURRENCY, cast(SETTLEMENTCATEGORY as BIGINT) as SETTLEMENTCATEGORY, cast(SETTLEMENTMETHOD as BIGINT) as SETTLEMENTMETHOD, cast(TRANSACTIONTYPE as BIGINT) as TRANSACTIONTYPE, TO_DATE(EFFECTIVEDATE,'yyyyMMdd') as EFFECTIVEDATE, TO_DATE(EXPIRYDATE,'yyyyMMdd') as EXPIRYDATE, cast(PERIODICCYCLE as BIGINT) as PERIODICCYCLE, cast(CHARGEFREQUENCY_DAYSINARREARS as BIGINT) as CHARGEFREQUENCY_DAYSINARREARS, cast(CLEARINGCHANNEL as BIGINT) as CLEARINGCHANNEL, cast(PAYMENTFREQUENCY as BIGINT) as PAYMENTFREQUENCY, BANKCHANNEL,  FUNDINGMETHOD, cast(SETTLEMENTRATE as Decimal(18,4)) as SETTLEMENTRATE, cast(SETTLEMENTBASE as Decimal(18,4)) as SETTLEMENTBASE, cast(SETTLEMENTMINIMUM as Decimal(18,4)) as SETTLEMENTMINIMUM, cast(SETTLEMENTMAXIMUM as Decimal(18,4)) as SETTLEMENTMAXIMUM, cast(TRIGGERVALUE as Decimal(18,4)) as TRIGGERVALUE from setup where ROWTYPE='006'"
   }, {
      "dataFrameName": "PAYMENTFEE",
      "sql": "select TO_DATE(filedate,'yyyy-MM-dd') as FILEDATE, o_filedate as FILENAME, cast(FILESEQUENCENUMBER as BIGINT) as FILESEQUENCENUMBER, TO_DATE(DATEOFEXTRACTION,'yyyyMMdd') as DATEOFEXTRACTION,  cast(INSTITUTIONNUMBER as BIGINT) as INSTITUTIONNUMBER, cast(SEQUENCE as BIGINT) as SEQUENCE, cast (RECORDIDNUMBER as BIGINT) as RECORDIDNUMBER, cast(SERVICECONTRACTID as BIGINT) as SERVICECONTRACTID, cast(CLIENTNUMBER as BIGINT) as CLIENTNUMBER, cast(CLIENTTARIFF as BIGINT) as CLIENTTARIFF, cast(TRANSACTIONTYPE as BIGINT) as TRANSACTIONTYPE, cast(PERIODICCYCLE as BIGINT) as PERIODICCYCLE, TO_DATE(EFFECTIVEDATE,'yyyyMMdd') as EFFECTIVEDATE, TO_DATE(EXPIRYDATE,'yyyyMMdd') as EXPIRYDATE, cast(FREQUENCY as BIGINT) as FREQUENCY, cast(FEECURRENCY as BIGINT) as FEECURRENCY, cast(FEERATE as Decimal(18,4)) as FEERATE, cast(FEEBASE as Decimal(18,4)) as FEEBASE, cast(FeeCategory as BIGINT) as FEECATEGORY, cast(ChargeType as BIGINT) as CHARGETYPE, cast(TransactionCurrency as BIGINT) as TRANSACTIONCURRENCY, cast(FeeMinimum as Decimal(18,4)) as FEEMINIMUM, cast(FeeMaximum as Decimal(18,4)) as FEEMAXIMUM, cast(PLIndicatorInward as BIGINT) as PLINDICATORINWARD, cast(FeeMode as BIGINT) as FEEMODE,cast(PLINDICATOROUTWARD as BIGINT) as PLINDICATOROUTWARD from setup where ROWTYPE='007'"
   }, {
      "dataFrameName": "PARTNERFEE",
      "sql": "select TO_DATE(filedate,'yyyy-MM-dd') as FILEDATE, o_filedate as FILENAME, cast(FILESEQUENCENUMBER as BIGINT) as FILESEQUENCENUMBER, TO_DATE(DATEOFEXTRACTION,'yyyyMMdd') as DATEOFEXTRACTION,  cast(INSTITUTIONNUMBER as BIGINT) as INSTITUTIONNUMBER, cast(SEQUENCE as BIGINT) as SEQUENCE, cast (RECORDIDNUMBER as BIGINT) as RECORDIDNUMBER, cast(SERVICECONTRACTID as BIGINT) as SERVICECONTRACTID, cast(CLIENTNUMBER as BIGINT) as CLIENTNUMBER, cast(GROUPNUMBER as BIGINT) as GROUPNUMBER, cast(ACCOUNTTYPEID as BIGINT) as ACCOUNTTYPEID,  cast(CLIENTTARIFF as BIGINT) as CLIENTTARIFF, cast(TRANSACTIONTYPE as BIGINT) as TRANSACTIONTYPE, TO_DATE(EFFECTIVEDATE,'yyyyMMdd') as EFFECTIVEDATE, TO_DATE(EXPIRYDATE,'yyyyMMdd') as EXPIRYDATE, cast(FREQUENCY as BIGINT) as FREQUENCY, cast(FEECURRENCY as BIGINT) as FEECURRENCY, cast(FEERATE as Decimal(18,4)) as FEERATE, cast(FEEBASE as Decimal(18,4)) as FEEBASE, cast(FeeCategory as BIGINT) as FEECATEGORY, cast(ServiceID as BIGINT) as SERVICEID, cast(AccountCurrency as BIGINT) as ACCOUNTCURRENCY, cast(TriggerRuleID as BIGINT) as TRIGGERRULEID, cast(TriggerSource as BIGINT) as TRIGGERSOURCE, cast(TriggerOperator as BIGINT) as TRIGGEROPERATOR, cast(TriggerCurrency as BIGINT) as TRIGGERCURRENCY, cast(TriggerValueHigh as Decimal(18,4)) as TRIGGERVALUEHIGH, cast(TriggerValueLow as Decimal(18,4)) as TRIGGERVALUELOW,cast(ReferenceOperator as BIGINT) as REFRENCEOPERATOR, cast(FixedPeriod as BIGINT) as FIXEDPERIOD, cast(ObjectLevel as BIGINT) as OBJECTLEVEL, cast(FeeMinimum as Decimal(18,4)) as FEEMINIMUM, cast(FeeMaximum as Decimal(18,4)) as FEEMAXIMUM, cast(ChargeType as BIGINT) as CHARGETYPE, cast(FeeTransactionType as BIGINT) as FEETRANSACTIONTYPE ,cast(FeeMode as BIGINT) as FEEMODE, cast(ChargeTierLevel as BIGINT) as CHARGETIERLEVEL, cast(SettlementMethod as BIGINT) as SETTLEMENTMETHOD, cast(PeriodReference as BIGINT) as PERIODREFERENCE from setup where ROWTYPE='008'"
   }, {
      "dataFrameName": "PAYMENTINSTRUCTION",
      "sql": "SELECT TO_DATE(filedate,'yyyy-MM-dd') as FILEDATE, o_filedate as FILENAME, cast(SEQUENCE as BIGINT) as SEQUENCE, TO_DATE(RECORDDATE, 'yyyyMMdd') AS RECORDDATE, INSTRUCTIONNUMBER, CAST(BILLINGACCOUNTNUMBER as BIGINT) as BILLINGACCOUNTNUMBER, CAST(PAYMENTCATEGORY as BIGINT) as PAYMENTCATEGORY, CAST(TRANSACTIONTYPE as BIGINT) as TRANSACTIONTYPE, CAST(CLEARINGCHANNEL as BIGINT) as CLEARINGCHANNEL, CAST(TRIGGERPERIOD as BIGINT) as TRIGGERPERIOD,  TO_DATE(TRIGGERSTARTDATE,'yyyyMMdd') as TRIGGERSTARTDATE, TO_DATE(TRIGGERENDDATE,'yyyyMMdd') as TRIGGERENDDATE, CAST(TRIGGERSOURCE as BIGINT) as TRIGGERSOURCE, CAST(TRIGGERRULEID as BIGINT) as TRIGGERRULEID, CAST(TRIGGEROPERATOR as BIGINT) as TRIGGEROPERATOR, CAST(TRIGGERVALUEHIGH as BIGINT) as TRIGGERVALUEHIGH, CAST(TRIGGERVALUELOW as BIGINT) as TRIGGERVALUELOW, cast(PAYMENTPERCENT as Decimal(18,4)) as PAYMENTPERCENT, cast(PAYMENTBASE as Decimal(18,4)) as PAYMENTBASE, cast(PAYMENTMINIMUM as Decimal(18,4)) as PAYMENTMINIMUM, cast(PAYMENTMAXIMUM as Decimal(18,4)) as PAYMENTMAXIMUM, cast(PERIODREFERENCE as STRING) as REFERENCEPERIOD, cast(REFERENCEOPERATOR as BIGINT) as REFERENCEOPERATOR, cast(FIXEDPERIOD as BIGINT) as FIXEDPERIOD, cast(POSTINGPERIODREFERENCE as BIGINT) as POSTINGPERIODREFERENCE, cast(POSTINGREFERENCEOPERATOR as BIGINT) as POSTINGREFERENCEOPERATOR, cast(POSTINGFIXEDPERIOD as BIGINT) as POSTINGFIXEDPERIOD, cast(DESTINATIONACCOUNTNUMBER as BIGINT) as DESTINATIONACCOUNTNUMBER, cast(DESTINATIONCLIENTNUMBER as BIGINT) as DESTINATIONCLIENTNUMBER, cast(DESTINATIONGROUPNUMBER as BIGINT) as DESTINATIONGROUPNUMBER, cast(DESTINATIONSERVICECONTRACTID as BIGINT) as DESTINATIONSERVICECONTRACTID, cast(DESTINATIONACCOUNTTYPEID as BIGINT) as DESTINATIONACCOUNTTYPEID,  cast(DESTINATIONACCOUNTCURRENCY as BIGINT) as DESTINATIONACCOUNTCURRENCY, cast(EXECUTIONPRIORITY as BIGINT) as EXECUTIONPRIORITY, cast(TOTALCOUNTLIMIT as BIGINT) as TOTALCOUNTLIMIT, cast(TOTALAMOUNTLIMIT as BIGINT) as TOTALAMOUNTLIMIT, TO_DATE(NEXTEXECUTIONDATE,'yyyyMMdd') as NEXTEXECUTIONDATE, TO_DATE(LASTEXECUTIONDATE,'yyyyMMdd') as LASTEXECUTIONDATE, cast(TOTALEXECUTIONCOUNTER as BIGINT) as TOTALEXECUTIONCOUNTER, cast(TOTALAMOUNTPAID as Decimal(18,4)) as TOTALAMOUNTPAID, cast(DESTINATIONINSTITUTIONNUMBER as BIGINT) as DESTINATIONINSTITUTIONNUMBER,  cast(ACCOUNTNUMBER as BIGINT) as ACCOUNTNUMBER, cast(PREVENTDEBITBALANCE as BIGINT) as PREVENTDEBITBALANCE, NOTETEXT, INSTRUCTIONREFERENCE from setup where ROWTYPE='009'"
   }, {
      "dataFrameName": "METADATACOUNT",
      "sql": "select 'paymentProcessing_ukAcquiring_RS2_SETUP' as CONFIGID,TO_DATE(FILEDATE,'yyyy-MM-dd') as FILEDATE, O_FILEDATE AS FILENAME ,cast(count(1) as int) as RAWCOUNT,cast( count(1) as int) as PROCESSEDCOUNT,'ukAcquiring' as BUSINESSUNIT, 'ACTIVE' as status, false as ISCONFORMEDENTRY, 'RS2DATAMODELING-LOAD-VERTICA' as USECASE,'VERTICA' as SOURCE,'GREY' as Zone   from setup group by FILEDATE,O_FILEDATE"
   }
   ],
   "outputs": {
      "METADATACOUNT": {
         "vertica": {
            "schema": "ppbi",
            "table": "DATA_SINK_META_DATA_LOG",
            "mode": "Append"
         }
      },
      "SETUPTRANSACTION": {
         "vertica": {
            "schema": "ukAcquiringRS2",
            "table": "SETUP_TRANSACTION",
            "mode": "Append"
         }
      },
      "INTERCHANGEFEE": {
         "vertica": {
            "schema": "ukAcquiringRS2",
            "table": "SETUP_INTERCHANGE_FEE",
            "mode": "Append"
         }
      },
      "SCHEMEFEE": {
         "vertica": {
            "schema": "ukAcquiringRS2",
            "table": "SETUP_SCHEME_FEE",
            "mode": "Append"
         }
      },
      "PARTNERFEE": {
         "vertica": {
            "schema": "ukAcquiringRS2",
            "table": "SETUP_PARTNER_FEE",
            "mode": "Append"
         }
      },
      "SERVICEFEE": {
         "vertica": {
            "schema": "ukAcquiringRS2",
            "table": "SETUP_SERVICE_FEE",
            "mode": "Append"
         }
      },
      "SETTLEMENTSCHEMEFEE": {
         "vertica": {
            "schema": "ukAcquiringRS2",
            "table": "SETUP_SETTLEMENTSCHEME_FEE",
            "mode": "Append"
         }
      },
      "PAYMENTFEE": {
         "vertica": {
            "schema": "ukAcquiringRS2",
            "table": "SETUP_PAYMENT_FEE",
            "mode": "Append"
         }
      },
      "MERCHANTFEE": {
         "vertica": {
            "schema": "ukAcquiringRS2",
            "table": "SETUP_MERCHANT_FEE",
            "mode": "Append"
         }
      },
      "PAYMENTINSTRUCTION": {
         "vertica": {
            "schema": "ukAcquiringRS2",
            "table": "SETUP_PAYMENT_INSTRUCTION",
            "mode": "Append"
         }
      }
   },
   "explain": true,
   "showPreviewLines": 42,
   "showQuery": true,
   "cacheOnPreview": true,
   "logLevel": "WARN",
   "cacheCountOnOutput": false,
   "continueOnFailedStep": false,
   "enableHiveSupport": false
}