{
   "appName":"paymentProcessing_ukAcquiring_RS2_TRANSACTION",
   "inputs":{
      "transaction":{
         "fileCustom":{
            "path":"${PAYMENTPROCESSING_UKACQUIRING_RS2_TRANSACTION}",
            "format":"parquet",
            "schemaPath":"s3://${SRC_BUCKET}/pipeline-unity/schema/ukAcquiring/paymentProcessing_ukAcquiring_RS2_TRANSACTION_schema.json",
            "cachedf":true
         }
      }
   },
   "connectionProperties":{
      "vertica":{
         "db":"${PPBI_VERTICA_DB}",
         "secretType":"AWSSECRET",
         "secretKey":"${PPBI_VERTICA_SECRETKEY}",
         "host":"${PPBI_VERTICA_HOST}"
      }
   },
   "stages":[
      {
         "dataFrameName":"TXNSUMMARY",
         "sql":"SELECT TO_DATE(FILEDATE, 'yyyy-MM-dd') AS FILEDATE, O_FILEDATE AS FILENAME,  TO_DATE(RECORDDATE, 'yyyy-MM-dd') AS RECORDDATE,  CAST(FILESEQUENCENUMBER AS BIGINT) AS FILESEQUENCENUMBER, TO_DATE(DATEOFEXTRACTION, 'yyyyMMdd') AS DATEOFEXTRACTION, CAST(INSTITUTIONNUMBER AS BIGINT) AS INSTITUTIONNUMBER,  CAST(SEQUENCE AS BIGINT) AS SEQUENCE, CAST(TRANSACTIONSLIPNUMBER AS LONG) AS TRANSACTIONSLIPNUMBER,  CAST(SUMMARYSETTLEMENT AS LONG) AS SUMMARYSETTLEMENT, CAST(NUMBERORIGINALSLIP AS LONG) AS NUMBERORIGINALSLIP, CAST(SOURCESETTLEMENT AS LONG) AS SOURCESETTLEMENT, CAST(CLIENTNUMBER AS BIGINT) AS CLIENTNUMBER, CAST(ACCOUNTNUMBER AS BIGINT) AS ACCOUNTNUMBER, CAST(GROUPNUMBER AS BIGINT) AS GROUPNUMBER, CAST(FILENUMBER AS BIGINT) AS FILENUMBER, TO_DATE(VALUEDATE, 'yyyy-MM-dd') AS VALUEDATE, CAST(TRANSACTIONSTATUS AS BIGINT) AS TRANSACTIONSTATUS, CAST(TRANSACTIONTYPE AS BIGINT) AS TRANSACTIONTYPE, CAST(INWARDFEENUMBER AS BIGINT) AS INWARDFEENUMBER, CAST(OUTWARDFEENUMBER AS BIGINT) AS OUTWARDFEENUMBER, O_TRANSACTIONCURRENCY AS TRANSACTIONCURRENCY, CAST( TRANSACTIONAMOUNT_PROCESSING AS DECIMAL(18,5)) AS TRANSACTIONAMOUNT_PROCESSING, CAST( FX_USD_TRANSACTIONAMOUNT_PROCESSING_RATE AS DECIMAL(18,5) ) AS FX_USD_TRANSACTIONAMOUNT_PROCESSING_RATE, CAST( FX_USD_TRANSACTIONAMOUNT_PROCESSING AS DECIMAL(18,5)) AS FX_USD_TRANSACTIONAMOUNT_PROCESSING, CAST( FX_EUR_TRANSACTIONAMOUNT_PROCESSING_RATE AS DECIMAL(18,5)) AS FX_EUR_TRANSACTIONAMOUNT_PROCESSING_RATE, CAST( FX_EUR_TRANSACTIONAMOUNT_PROCESSING AS DECIMAL(18,5) ) AS FX_EUR_TRANSACTIONAMOUNT_PROCESSING, CAST( FX_GBP_TRANSACTIONAMOUNT_PROCESSING_RATE AS DECIMAL(18,5) ) AS FX_GBP_TRANSACTIONAMOUNT_PROCESSING_RATE, CAST( FX_GBP_TRANSACTIONAMOUNT_PROCESSING AS DECIMAL(18,5) ) AS FX_GBP_TRANSACTIONAMOUNT_PROCESSING, CAST( FX_CAD_TRANSACTIONAMOUNT_PROCESSING_RATE AS DECIMAL(18,5) ) AS FX_CAD_TRANSACTIONAMOUNT_PROCESSING_RATE, CAST( FX_CAD_TRANSACTIONAMOUNT_PROCESSING AS DECIMAL(18,5) ) AS FX_CAD_TRANSACTIONAMOUNT_PROCESSING, O_SETTLEMENTCURRENCY AS SETTLEMENTCURRENCY, CAST( TRANSACTIONAMOUNT_SETTLEMENT AS DECIMAL(18,5) ) AS TRANSACTIONAMOUNT_SETTLEMENT, CAST( FX_USD_TRANSACTIONAMOUNT_SETTLEMENT_RATE AS DECIMAL(18,5) ) AS FX_USD_TRANSACTIONAMOUNT_SETTLEMENT_RATE, CAST( FX_USD_TRANSACTIONAMOUNT_SETTLEMENT AS DECIMAL(18,5)) AS FX_USD_TRANSACTIONAMOUNT_SETTLEMENT, CAST( FX_EUR_TRANSACTIONAMOUNT_SETTLEMENT_RATE AS DECIMAL(18,5)) AS FX_EUR_TRANSACTIONAMOUNT_SETTLEMENT_RATE, CAST( FX_EUR_TRANSACTIONAMOUNT_SETTLEMENT AS DECIMAL(18,5) ) AS FX_EUR_TRANSACTIONAMOUNT_SETTLEMENT, CAST( FX_GBP_TRANSACTIONAMOUNT_SETTLEMENT_RATE AS DECIMAL(18,5) ) AS FX_GBP_TRANSACTIONAMOUNT_SETTLEMENT_RATE, CAST( FX_GBP_TRANSACTIONAMOUNT_SETTLEMENT AS DECIMAL(18,5) ) AS FX_GBP_TRANSACTIONAMOUNT_SETTLEMENT, CAST( FX_CAD_TRANSACTIONAMOUNT_SETTLEMENT_RATE AS DECIMAL(18,5) ) AS FX_CAD_TRANSACTIONAMOUNT_SETTLEMENT_RATE, CAST( FX_CAD_TRANSACTIONAMOUNT_SETTLEMENT AS DECIMAL(18,5) ) AS FX_CAD_TRANSACTIONAMOUNT_SETTLEMENT, O_ACCOUNTCURRENCY AS ACCOUNTCURRENCY, CAST( TRANSACTIONAMOUNT_ACCOUNT AS DECIMAL(18,5) ) AS TRANSACTIONAMOUNT_ACCOUNT, CAST( FX_USD_TRANSACTIONAMOUNT_ACCOUNT_RATE AS DECIMAL(18,5) ) AS FX_USD_TRANSACTIONAMOUNT_ACCOUNT_RATE, CAST( FX_USD_TRANSACTIONAMOUNT_ACCOUNT AS DECIMAL(18,5)) AS FX_USD_TRANSACTIONAMOUNT_ACCOUNT, CAST( FX_EUR_TRANSACTIONAMOUNT_ACCOUNT_RATE AS DECIMAL(18,5)) AS FX_EUR_TRANSACTIONAMOUNT_ACCOUNT_RATE, CAST( FX_EUR_TRANSACTIONAMOUNT_ACCOUNT AS DECIMAL(18,5) ) AS FX_EUR_TRANSACTIONAMOUNT_ACCOUNT, CAST( FX_GBP_TRANSACTIONAMOUNT_ACCOUNT_RATE AS DECIMAL(18,5) ) AS FX_GBP_TRANSACTIONAMOUNT_ACCOUNT_RATE, CAST( FX_GBP_TRANSACTIONAMOUNT_ACCOUNT AS DECIMAL(18,5) ) AS FX_GBP_TRANSACTIONAMOUNT_ACCOUNT, CAST( FX_CAD_TRANSACTIONAMOUNT_ACCOUNT_RATE AS DECIMAL(18,5) ) AS FX_CAD_TRANSACTIONAMOUNT_ACCOUNT_RATE, CAST( FX_CAD_TRANSACTIONAMOUNT_ACCOUNT AS DECIMAL(18,5) ) AS FX_CAD_TRANSACTIONAMOUNT_ACCOUNT,  CAST(REVERSAL AS BIGINT) AS REVERSAL, DRCRINDICATOR, CAST(LOCALTOACCOUNTRATE AS DECIMAL(18,5)) AS LOCALTOACCOUNTRATE, CAST(TRANSACTIONTOSETTLEMENTRATE AS DECIMAL(18,5)) AS TRANSACTIONTOSETTLEMENTRATE, O_LOCALCURRENCY AS LOCALCURRENCY, CAST(TRANSACTIONAMOUNT_LOCALCURRENCY AS DECIMAL(18,5)) AS TRANSACTIONAMOUNT_LOCALCURRENCY, CAST(SETTLEMENTTOLOCALRATE AS DECIMAL(18,5)) AS SETTLEMENTTOLOCALRATE, CAST(NUMBEROFSLIPS AS BIGINT) AS NUMBEROFSLIPS, CAST(CARDORGANIZATION AS BIGINT) AS CARDORGANIZATION, FORWARDINGMEMBERID, PROCESSINGCLASS, TO_DATE(SETTLEMENTDATE, 'yyyy-MM-dd') AS SETTLEMENTDATE, CAST(CASHBACKAMOUNT AS DECIMAL(18,5)) AS CASHBACKAMOUNT, CAST(RECEIVINGMEMBERID AS BIGINT) AS RECEIVINGMEMBERID, RETRIEVALREFERENCE, CAST(CARDBRAND AS BIGINT) AS CARDBRAND, CAST(TERMINALID AS BIGINT) AS TERMINALID FROM transaction WHERE ROWTYPE = '001'"
      },
      {
         "dataFrameName":"TXNTRANSACTIONS",
         "sql":"SELECT TO_DATE(FILEDATE, 'yyyy-MM-dd') AS FILEDATE, O_FILEDATE AS FILENAME , CAST(FILESEQUENCENUMBER AS BIGINT) AS FILESEQUENCENUMBER, TO_DATE(DATEOFEXTRACTION, 'yyyyMMdd') AS DATEOFEXTRACTION, TO_DATE(RECORDDATE, 'yyyy-MM-dd') AS RECORDDATE, CAST(INSTITUTIONNUMBER AS BIGINT) AS INSTITUTIONNUMBER,  CAST(SEQUENCE AS BIGINT) AS SEQUENCE,  CAST(TRANSACTIONSLIPNUMBER AS LONG) AS TRANSACTIONSLIPNUMBER,  CAST(SUMMARYSETTLEMENT AS LONG) AS SUMMARYSETTLEMENT, CAST(NUMBERORIGINALSLIP AS LONG) AS NUMBERORIGINALSLIP, CAST(SOURCESETTLEMENT AS LONG) AS SOURCESETTLEMENT, CAST(CLIENTNUMBER AS BIGINT) AS CLIENTNUMBER, CAST(ACCOUNTNUMBER AS BIGINT) AS ACCOUNTNUMBER, CAST(GROUPNUMBER AS BIGINT) AS GROUPNUMBER, AUTHCODE, CAST(FILENUMBER AS BIGINT) AS FILENUMBER, TO_DATE(VALUEDATE, 'yyyy-MM-dd') AS VALUEDATE, CAST(TRANSACTIONSTATUS AS BIGINT) AS TRANSACTIONSTATUS, CAST(TRANSACTIONCATEGORY AS BIGINT) AS TRANSACTIONCATEGORY,  CAST(TRANSACTIONTYPE AS BIGINT) AS TRANSACTIONTYPE, CAST(INWARDFEENUMBER AS BIGINT) AS INWARDFEENUMBER, O_TRANSACTIONCURRENCY AS TRANSACTIONCURRENCY, CAST( TRANSACTIONAMOUNT_PROCESSING AS DECIMAL(18, 4) ) AS TRANSACTIONAMOUNT_PROCESSING, CAST( FX_USD_TRANSACTIONAMOUNT_PROCESSING_RATE AS DECIMAL(18, 4) ) AS FX_USD_TRANSACTIONAMOUNT_PROCESSING_RATE, CAST( FX_USD_TRANSACTIONAMOUNT_PROCESSING AS DECIMAL(18, 4) ) AS FX_USD_TRANSACTIONAMOUNT_PROCESSING, CAST( FX_EUR_TRANSACTIONAMOUNT_PROCESSING_RATE AS DECIMAL(18, 4) ) AS FX_EUR_TRANSACTIONAMOUNT_PROCESSING_RATE, CAST( FX_EUR_TRANSACTIONAMOUNT_PROCESSING AS DECIMAL(18, 4) ) AS FX_EUR_TRANSACTIONAMOUNT_PROCESSING, CAST( FX_GBP_TRANSACTIONAMOUNT_PROCESSING_RATE AS DECIMAL(18, 4) ) AS FX_GBP_TRANSACTIONAMOUNT_PROCESSING_RATE, CAST( FX_GBP_TRANSACTIONAMOUNT_PROCESSING AS DECIMAL(18, 4) ) AS FX_GBP_TRANSACTIONAMOUNT_PROCESSING, CAST( FX_CAD_TRANSACTIONAMOUNT_PROCESSING_RATE AS DECIMAL(18, 4) ) AS FX_CAD_TRANSACTIONAMOUNT_PROCESSING_RATE, CAST( FX_CAD_TRANSACTIONAMOUNT_PROCESSING AS DECIMAL(18, 4) ) AS FX_CAD_TRANSACTIONAMOUNT_PROCESSING, O_SETTLEMENTCURRENCY AS SETTLEMENTCURRENCY, CAST( TRANSACTIONAMOUNT_SETTLEMENT AS DECIMAL(18,4) ) AS TRANSACTIONAMOUNT_SETTLEMENT, CAST( FX_USD_TRANSACTIONAMOUNT_SETTLEMENT_RATE AS DECIMAL(18,4) ) AS FX_USD_TRANSACTIONAMOUNT_SETTLEMENT_RATE, CAST( FX_USD_TRANSACTIONAMOUNT_SETTLEMENT AS DECIMAL(18,4)) AS FX_USD_TRANSACTIONAMOUNT_SETTLEMENT, CAST( FX_EUR_TRANSACTIONAMOUNT_SETTLEMENT_RATE AS DECIMAL(18,4)) AS FX_EUR_TRANSACTIONAMOUNT_SETTLEMENT_RATE, CAST( FX_EUR_TRANSACTIONAMOUNT_SETTLEMENT AS DECIMAL(18,4) ) AS FX_EUR_TRANSACTIONAMOUNT_SETTLEMENT, CAST( FX_GBP_TRANSACTIONAMOUNT_SETTLEMENT_RATE AS DECIMAL(18,4) ) AS FX_GBP_TRANSACTIONAMOUNT_SETTLEMENT_RATE, CAST( FX_GBP_TRANSACTIONAMOUNT_SETTLEMENT AS DECIMAL(18,4) ) AS FX_GBP_TRANSACTIONAMOUNT_SETTLEMENT, CAST( FX_CAD_TRANSACTIONAMOUNT_SETTLEMENT_RATE AS DECIMAL(18,4) ) AS FX_CAD_TRANSACTIONAMOUNT_SETTLEMENT_RATE, CAST( FX_CAD_TRANSACTIONAMOUNT_SETTLEMENT AS DECIMAL(18,4) ) AS FX_CAD_TRANSACTIONAMOUNT_SETTLEMENT, O_ACCOUNTCURRENCY AS ACCOUNTCURRENCY, CAST( TRANSACTIONAMOUNT_ACCOUNT AS DECIMAL(18,4) ) AS TRANSACTIONAMOUNT_ACCOUNT, CAST( FX_USD_TRANSACTIONAMOUNT_ACCOUNT_RATE AS DECIMAL(18,4) ) AS FX_USD_TRANSACTIONAMOUNT_ACCOUNT_RATE, CAST( FX_USD_TRANSACTIONAMOUNT_ACCOUNT AS DECIMAL(18,4)) AS FX_USD_TRANSACTIONAMOUNT_ACCOUNT, CAST( FX_EUR_TRANSACTIONAMOUNT_ACCOUNT_RATE AS DECIMAL(18,4)) AS FX_EUR_TRANSACTIONAMOUNT_ACCOUNT_RATE, CAST( FX_EUR_TRANSACTIONAMOUNT_ACCOUNT AS DECIMAL(18,4) ) AS FX_EUR_TRANSACTIONAMOUNT_ACCOUNT, CAST( FX_GBP_TRANSACTIONAMOUNT_ACCOUNT_RATE AS DECIMAL(18,4) ) AS FX_GBP_TRANSACTIONAMOUNT_ACCOUNT_RATE, CAST( FX_GBP_TRANSACTIONAMOUNT_ACCOUNT AS DECIMAL(18,4) ) AS FX_GBP_TRANSACTIONAMOUNT_ACCOUNT, CAST( FX_CAD_TRANSACTIONAMOUNT_ACCOUNT_RATE AS DECIMAL(18,4) ) AS FX_CAD_TRANSACTIONAMOUNT_ACCOUNT_RATE, CAST( FX_CAD_TRANSACTIONAMOUNT_ACCOUNT AS DECIMAL(18,4) ) AS FX_CAD_TRANSACTIONAMOUNT_ACCOUNT, CAST( MSCAMOUNT_PROCESSING AS DECIMAL(18, 4) ) AS MSCAMOUNT_PROCESSING, CAST( FX_USD_MSCAMOUNT_PROCESSING_RATE AS DECIMAL(18, 4) ) AS FX_USD_MSCAMOUNT_PROCESSING_RATE, CAST( FX_USD_MSCAMOUNT_PROCESSING AS DECIMAL(18, 4) ) AS FX_USD_MSCAMOUNT_PROCESSING, CAST( FX_EUR_MSCAMOUNT_PROCESSING_RATE AS DECIMAL(18, 4) ) AS FX_EUR_MSCAMOUNT_PROCESSING_RATE, CAST( FX_EUR_MSCAMOUNT_PROCESSING AS DECIMAL(18, 4) ) AS FX_EUR_MSCAMOUNT_PROCESSING, CAST( FX_GBP_MSCAMOUNT_PROCESSING_RATE AS DECIMAL(18, 4) ) AS FX_GBP_MSCAMOUNT_PROCESSING_RATE, CAST( FX_GBP_MSCAMOUNT_PROCESSING AS DECIMAL(18, 4) ) AS FX_GBP_MSCAMOUNT_PROCESSING, CAST( FX_CAD_MSCAMOUNT_PROCESSING_RATE AS DECIMAL(18, 4) ) AS FX_CAD_MSCAMOUNT_PROCESSING_RATE, CAST( FX_CAD_MSCAMOUNT_PROCESSING AS DECIMAL(18, 4) ) AS FX_CAD_MSCAMOUNT_PROCESSING, CAST( MSCAMOUNT_SETTLEMENT AS DECIMAL(18, 4) ) AS MSCAMOUNT_SETTLEMENT, CAST( INTERCHANGEAMOUNT_PROCESSING AS DECIMAL(18, 4) ) AS INTERCHANGEAMOUNT_PROCESSING, CAST( FX_USD_INTERCHANGEAMOUNT_PROCESSING_RATE AS DECIMAL(18, 4) ) AS FX_USD_INTERCHANGEAMOUNT_PROCESSING_RATE, CAST( FX_USD_INTERCHANGEAMOUNT_PROCESSING AS DECIMAL(18, 4) ) AS FX_USD_INTERCHANGEAMOUNT_PROCESSING, CAST( FX_EUR_INTERCHANGEAMOUNT_PROCESSING_RATE AS DECIMAL(18, 4) ) AS FX_EUR_INTERCHANGEAMOUNT_PROCESSING_RATE, CAST( FX_EUR_INTERCHANGEAMOUNT_PROCESSING AS DECIMAL(18, 4) ) AS FX_EUR_INTERCHANGEAMOUNT_PROCESSING, CAST( FX_GBP_INTERCHANGEAMOUNT_PROCESSING_RATE AS DECIMAL(18, 4) ) AS FX_GBP_INTERCHANGEAMOUNT_PROCESSING_RATE, CAST( FX_GBP_INTERCHANGEAMOUNT_PROCESSING AS DECIMAL(18, 4) ) AS FX_GBP_INTERCHANGEAMOUNT_PROCESSING, CAST( FX_CAD_INTERCHANGEAMOUNT_PROCESSING_RATE AS DECIMAL(18, 4) ) AS FX_CAD_INTERCHANGEAMOUNT_PROCESSING_RATE, CAST( FX_CAD_INTERCHANGEAMOUNT_PROCESSING AS DECIMAL(18, 4) ) AS FX_CAD_INTERCHANGEAMOUNT_PROCESSING, CAST( INTERCHANGEAMOUNT_SETTLEMENT AS DECIMAL(18, 4) ) AS INTERCHANGEAMOUNT_SETTLEMENT, CAST(FX_USD_MSCAMOUNT_SETTLEMENT_RATE AS DECIMAL(18,4) ) AS FX_USD_MSCAMOUNT_SETTLEMENT_RATE, CAST(FX_USD_MSCAMOUNT_SETTLEMENT AS DECIMAL(18,4) ) AS FX_USD_MSCAMOUNT_SETTLEMENT, CAST(FX_EUR_MSCAMOUNT_SETTLEMENT_RATE AS DECIMAL(18,4) ) AS FX_EUR_MSCAMOUNT_SETTLEMENT_RATE, CAST(FX_EUR_MSCAMOUNT_SETTLEMENT AS DECIMAL(18,4) ) AS FX_EUR_MSCAMOUNT_SETTLEMENT, CAST(FX_GBP_MSCAMOUNT_SETTLEMENT_RATE AS DECIMAL(18,4) ) AS FX_GBP_MSCAMOUNT_SETTLEMENT_RATE, CAST(FX_GBP_MSCAMOUNT_SETTLEMENT AS DECIMAL(18,4) ) AS FX_GBP_MSCAMOUNT_SETTLEMENT, CAST(FX_CAD_MSCAMOUNT_SETTLEMENT_RATE AS DECIMAL(18,4) ) AS FX_CAD_MSCAMOUNT_SETTLEMENT_RATE, CAST(FX_CAD_MSCAMOUNT_SETTLEMENT AS DECIMAL(18,4) ) AS FX_CAD_MSCAMOUNT_SETTLEMENT, CAST(CARDBRAND AS BIGINT) AS CARDBRAND, CAST(CARDFLAG AS BIGINT) AS CARDFLAG, CAST(REVERSAL AS BIGINT) AS REVERSAL, ORIGINALREFERENCENUMBER, CAST( AQUIRERREFERENCE AS DECIMAL(28, 0) ) AS AQUIRERREFERENCE, DRCRINDICATOR, CAST(LOCALTOACCOUNTRATE AS DECIMAL(18,5)) AS LOCALTOACCOUNTRATE, CAST(TRANSACTIONTOSETTLEMENTRATE AS DECIMAL(18,5)) AS TRANSACTIONTOSETTLEMENTRATE, O_LOCALCURRENCY AS LOCALCURRENCY, CAST(TRANSACTIONAMOUNT_LOCALCURRENCY AS DECIMAL(18,5)) AS TRANSACTIONAMOUNT_LOCALCURRENCY, CAST(SETTLEMENTTOLOCALRATE AS DECIMAL(18,5)) AS SETTLEMENTTOLOCALRATE, CAST(NUMBEROFSLIPS AS BIGINT) AS NUMBEROFSLIPS, CAST(CARDORGANIZATION AS BIGINT) AS CARDORGANIZATION, FORWARDINGMEMBERID, PROCESSINGCLASS, TO_DATE(SETTLEMENTDATE, 'yyyy-MM-dd') AS SETTLEMENTDATE, CAST(CASHBACKAMOUNT AS DECIMAL(18,5)) AS CASHBACKAMOUNT, CAST(RECEIVINGMEMBERID AS BIGINT) AS RECEIVINGMEMBERID, RETRIEVALREFERENCE, TRACEID, CAST(MERCHANTNUMBER AS BIGINT) AS MERCHANTNUMBER, CAST(TERMINALID AS BIGINT) AS TERMINALID, FEERULE, CAST(MARGINPERCENT AS DECIMAL(18,5)) AS MARGINPERCENT, CAST(MARGINAMOUNT AS DECIMAL(18,5)) AS MARGINAMOUNT, CAST(TRANSACTIONDESTINATION AS BIGINT) AS TRANSACTIONDESTINATION  FROM transaction WHERE ROWTYPE = '002'"
      },
      {
         "dataFrameName":"TXNINTERCHANGEFEE",
         "sql":"SELECT TO_DATE(FILEDATE, 'yyyy-MM-dd') AS FILEDATE, O_FILEDATE AS FILENAME , TO_DATE(RECORDDATE, 'yyyy-MM-dd') AS RECORDDATE,  CAST(FILESEQUENCENUMBER AS BIGINT) AS FILESEQUENCENUMBER, TO_DATE(DATEOFEXTRACTION, 'yyyyMMdd') AS DATEOFEXTRACTION, CAST(INSTITUTIONNUMBER AS BIGINT) AS INSTITUTIONNUMBER,  CAST(SEQUENCE AS BIGINT) AS SEQUENCE,  CAST(TRANSACTIONSLIPNUMBER AS LONG) AS TRANSACTIONSLIPNUMBER, CAST(ORIGINALCLEARINGSLIP AS LONG) AS ORIGINALCLEARINGSLIP, CAST(CLIENTNUMBER AS BIGINT) AS CLIENTNUMBER, CAST(ACCOUNTNUMBER AS BIGINT) AS ACCOUNTNUMBER, CAST(GROUPNUMBER AS BIGINT) AS GROUPNUMBER, CAST(FILENUMBER AS BIGINT) AS FILENUMBER, TO_DATE(VALUEDATE, 'yyyy-MM-dd') AS VALUEDATE, CAST(TRANSACTIONSTATUS AS BIGINT) AS TRANSACTIONSTATUS, CAST(TRANSACTIONTYPE AS BIGINT) AS TRANSACTIONTYPE, CAST(RECORDIDNUMBER AS BIGINT) AS RECORDIDNUMBER, CAST(CHARGEINSTITUTION AS BIGINT) AS CHARGEINSTITUTION, CAST(CHARGETYPE AS BIGINT) AS CHARGETYPE, O_TRANSACTIONCURRENCY AS TRANSACTIONCURRENCY, CAST( TRANSACTIONAMOUNT_PROCESSING AS DECIMAL(18, 4) ) AS TRANSACTIONAMOUNT_PROCESSING, CAST( FX_USD_TRANSACTIONAMOUNT_PROCESSING_RATE AS DECIMAL(18, 4) ) AS FX_USD_TRANSACTIONAMOUNT_PROCESSING_RATE, CAST( FX_USD_TRANSACTIONAMOUNT_PROCESSING AS DECIMAL(18, 4) ) AS FX_USD_TRANSACTIONAMOUNT_PROCESSING, CAST( FX_EUR_TRANSACTIONAMOUNT_PROCESSING_RATE AS DECIMAL(18, 4) ) AS FX_EUR_TRANSACTIONAMOUNT_PROCESSING_RATE, CAST( FX_EUR_TRANSACTIONAMOUNT_PROCESSING AS DECIMAL(18, 4) ) AS FX_EUR_TRANSACTIONAMOUNT_PROCESSING, CAST( FX_GBP_TRANSACTIONAMOUNT_PROCESSING_RATE AS DECIMAL(18, 4) ) AS FX_GBP_TRANSACTIONAMOUNT_PROCESSING_RATE, CAST( FX_GBP_TRANSACTIONAMOUNT_PROCESSING AS DECIMAL(18, 4) ) AS FX_GBP_TRANSACTIONAMOUNT_PROCESSING, CAST( FX_CAD_TRANSACTIONAMOUNT_PROCESSING_RATE AS DECIMAL(18, 4) ) AS FX_CAD_TRANSACTIONAMOUNT_PROCESSING_RATE, CAST( FX_CAD_TRANSACTIONAMOUNT_PROCESSING AS DECIMAL(18, 4) ) AS FX_CAD_TRANSACTIONAMOUNT_PROCESSING,O_SETTLEMENTCURRENCY AS SETTLEMENTCURRENCY, CAST( TRANSACTIONAMOUNT_SETTLEMENT AS DECIMAL(18,4) ) AS TRANSACTIONAMOUNT_SETTLEMENT, CAST( FX_USD_TRANSACTIONAMOUNT_SETTLEMENT_RATE AS DECIMAL(18,4) ) AS FX_USD_TRANSACTIONAMOUNT_SETTLEMENT_RATE, CAST( FX_USD_TRANSACTIONAMOUNT_SETTLEMENT AS DECIMAL(18,4)) AS FX_USD_TRANSACTIONAMOUNT_SETTLEMENT, CAST( FX_EUR_TRANSACTIONAMOUNT_SETTLEMENT_RATE AS DECIMAL(18,4)) AS FX_EUR_TRANSACTIONAMOUNT_SETTLEMENT_RATE, CAST( FX_EUR_TRANSACTIONAMOUNT_SETTLEMENT AS DECIMAL(18,4) ) AS FX_EUR_TRANSACTIONAMOUNT_SETTLEMENT, CAST( FX_GBP_TRANSACTIONAMOUNT_SETTLEMENT_RATE AS DECIMAL(18,4) ) AS FX_GBP_TRANSACTIONAMOUNT_SETTLEMENT_RATE, CAST( FX_GBP_TRANSACTIONAMOUNT_SETTLEMENT AS DECIMAL(18,4) ) AS FX_GBP_TRANSACTIONAMOUNT_SETTLEMENT, CAST( FX_CAD_TRANSACTIONAMOUNT_SETTLEMENT_RATE AS DECIMAL(18,4) ) AS FX_CAD_TRANSACTIONAMOUNT_SETTLEMENT_RATE, CAST( FX_CAD_TRANSACTIONAMOUNT_SETTLEMENT AS DECIMAL(18,4) ) AS FX_CAD_TRANSACTIONAMOUNT_SETTLEMENT, O_ACCOUNTCURRENCY AS ACCOUNTCURRENCY, CAST( TRANSACTIONAMOUNT_ACCOUNT AS DECIMAL(18,4) ) AS TRANSACTIONAMOUNT_ACCOUNT, CAST( FX_USD_TRANSACTIONAMOUNT_ACCOUNT_RATE AS DECIMAL(18,4) ) AS FX_USD_TRANSACTIONAMOUNT_ACCOUNT_RATE, CAST( FX_USD_TRANSACTIONAMOUNT_ACCOUNT AS DECIMAL(18,4)) AS FX_USD_TRANSACTIONAMOUNT_ACCOUNT, CAST( FX_EUR_TRANSACTIONAMOUNT_ACCOUNT_RATE AS DECIMAL(18,4)) AS FX_EUR_TRANSACTIONAMOUNT_ACCOUNT_RATE, CAST( FX_EUR_TRANSACTIONAMOUNT_ACCOUNT AS DECIMAL(18,4) ) AS FX_EUR_TRANSACTIONAMOUNT_ACCOUNT, CAST( FX_GBP_TRANSACTIONAMOUNT_ACCOUNT_RATE AS DECIMAL(18,4) ) AS FX_GBP_TRANSACTIONAMOUNT_ACCOUNT_RATE, CAST( FX_GBP_TRANSACTIONAMOUNT_ACCOUNT AS DECIMAL(18,4) ) AS FX_GBP_TRANSACTIONAMOUNT_ACCOUNT, CAST( FX_CAD_TRANSACTIONAMOUNT_ACCOUNT_RATE AS DECIMAL(18,4) ) AS FX_CAD_TRANSACTIONAMOUNT_ACCOUNT_RATE, CAST( FX_CAD_TRANSACTIONAMOUNT_ACCOUNT AS DECIMAL(18,4) ) AS FX_CAD_TRANSACTIONAMOUNT_ACCOUNT, CAST( ORIGINALAMOUNT_PROCESSING AS DECIMAL(18, 4) ) AS ORIGINALAMOUNT_PROCESSING, CAST( FX_USD_ORIGINALAMOUNT_PROCESSING_RATE AS DECIMAL(18, 4) ) AS FX_USD_ORIGINALAMOUNT_PROCESSING_RATE, CAST( FX_USD_ORIGINALAMOUNT_PROCESSING AS DECIMAL(18, 4) ) AS FX_USD_ORIGINALAMOUNT_PROCESSING, CAST( FX_EUR_ORIGINALAMOUNT_PROCESSING_RATE AS DECIMAL(18, 4) ) AS FX_EUR_ORIGINALAMOUNT_PROCESSING_RATE, CAST( FX_EUR_ORIGINALAMOUNT_PROCESSING AS DECIMAL(18, 4) ) AS FX_EUR_ORIGINALAMOUNT_PROCESSING, CAST( FX_GBP_ORIGINALAMOUNT_PROCESSING_RATE AS DECIMAL(18, 4) ) AS FX_GBP_ORIGINALAMOUNT_PROCESSING_RATE, CAST( FX_GBP_ORIGINALAMOUNT_PROCESSING AS DECIMAL(18, 4) ) AS FX_GBP_ORIGINALAMOUNT_PROCESSING, CAST( FX_CAD_ORIGINALAMOUNT_PROCESSING_RATE AS DECIMAL(18, 4) ) AS FX_CAD_ORIGINALAMOUNT_PROCESSING_RATE, CAST( FX_CAD_ORIGINALAMOUNT_PROCESSING AS DECIMAL(18, 4) ) AS FX_CAD_ORIGINALAMOUNT_PROCESSING, CAST( ORIGINALAMOUNT_SETTLEMENT AS DECIMAL(18, 4) ) AS ORIGINALAMOUNT_SETTLEMENT, CAST( TOTALCHARGEAMOUNT_PROCESSING AS DECIMAL(18, 4) ) AS TOTALCHARGEAMOUNT_PROCESSING, CAST( TOTALCHARGEAMOUNT_SETTLEMENT AS DECIMAL(18, 4) ) AS TOTALCHARGEAMOUNT_SETTLEMENT, CAST(FX_USD_ORIGINALAMOUNT_SETTLEMENT_RATE AS DECIMAL(18,4) ) AS FX_USD_ORIGINALAMOUNT_SETTLEMENT_RATE, CAST(FX_USD_ORIGINALAMOUNT_SETTLEMENT AS DECIMAL(18,4) ) AS FX_USD_ORIGINALAMOUNT_SETTLEMENT, CAST(FX_EUR_ORIGINALAMOUNT_SETTLEMENT_RATE AS DECIMAL(18,4) ) AS FX_EUR_ORIGINALAMOUNT_SETTLEMENT_RATE, CAST(FX_EUR_ORIGINALAMOUNT_SETTLEMENT AS DECIMAL(18,4) ) AS FX_EUR_ORIGINALAMOUNT_SETTLEMENT, CAST(FX_GBP_ORIGINALAMOUNT_SETTLEMENT_RATE AS DECIMAL(18,4) ) AS FX_GBP_ORIGINALAMOUNT_SETTLEMENT_RATE, CAST(FX_GBP_ORIGINALAMOUNT_SETTLEMENT AS DECIMAL(18,4) ) AS FX_GBP_ORIGINALAMOUNT_SETTLEMENT, CAST(FX_CAD_ORIGINALAMOUNT_SETTLEMENT_RATE AS DECIMAL(18,4) ) AS FX_CAD_ORIGINALAMOUNT_SETTLEMENT_RATE, CAST(FX_CAD_ORIGINALAMOUNT_SETTLEMENT AS DECIMAL(18,4) ) AS FX_CAD_ORIGINALAMOUNT_SETTLEMENT, DRCRINDICATOR, CAST(LOCALTOACCOUNTRATE AS DECIMAL(18,5)) AS LOCALTOACCOUNTRATE, CAST(TRANSACTIONTOSETTLEMENTRATE AS DECIMAL(18,5)) AS TRANSACTIONTOSETTLEMENTRATE, O_LOCALCURRENCY AS LOCALCURRENCY, CAST(TRANSACTIONAMOUNT_LOCALCURRENCY AS DECIMAL(18,5)) AS TRANSACTIONAMOUNT_LOCALCURRENCY, CAST(SETTLEMENTTOLOCALRATE AS DECIMAL(18,5)) AS SETTLEMENTTOLOCALRATE, CAST(NUMBEROFSLIPS AS BIGINT) AS NUMBEROFSLIPS, CAST(CARDORGANIZATION AS BIGINT) AS CARDORGANIZATION, FORWARDINGMEMBERID, PROCESSINGCLASS, TO_DATE(SETTLEMENTDATE, 'yyyy-MM-dd') AS SETTLEMENTDATE, CAST(CASHBACKAMOUNT AS DECIMAL(18,5)) AS CASHBACKAMOUNT, CAST(RECEIVINGMEMBERID AS BIGINT) AS RECEIVINGMEMBERID, RETRIEVALREFERENCE, CAST(CARDBRAND AS BIGINT) AS CARDBRAND FROM transaction WHERE ROWTYPE = '003'"
      },
      {
         "dataFrameName":"TXNSCHEMEFEE",
         "sql":"SELECT TO_DATE(FILEDATE, 'yyyy-MM-dd') AS FILEDATE, O_FILEDATE AS FILENAME ,  TO_DATE(RECORDDATE, 'yyyy-MM-dd') AS RECORDDATE, CAST(FILESEQUENCENUMBER AS BIGINT) AS FILESEQUENCENUMBER, TO_DATE(DATEOFEXTRACTION, 'yyyyMMdd') AS DATEOFEXTRACTION, CAST(INSTITUTIONNUMBER AS BIGINT) AS INSTITUTIONNUMBER,  CAST(SEQUENCE AS BIGINT) AS SEQUENCE,  CAST(TRANSACTIONSLIPNUMBER AS LONG) AS TRANSACTIONSLIPNUMBER, CAST(NUMBERORIGINALSLIP AS LONG) AS NUMBERORIGINALSLIP, CAST(CLIENTNUMBER AS BIGINT) AS CLIENTNUMBER, CAST(ACCOUNTNUMBER AS BIGINT) AS ACCOUNTNUMBER, CAST(GROUPNUMBER AS BIGINT) AS GROUPNUMBER, CAST(FILENUMBER AS BIGINT) AS FILENUMBER, TO_DATE(VALUEDATE, 'yyyy-MM-dd') AS VALUEDATE, CAST(TRANSACTIONSTATUS AS BIGINT) AS TRANSACTIONSTATUS, CAST(TRANSACTIONTYPE AS BIGINT) AS TRANSACTIONTYPE, CAST(RECORDIDNUMBER AS BIGINT) AS RECORDIDNUMBER, CAST(CHARGEINSTITUTION AS BIGINT) AS CHARGEINSTITUTION, CAST(CHARGETYPE AS BIGINT) AS CHARGETYPE, O_TRANSACTIONCURRENCY AS TRANSACTIONCURRENCY, CAST( TRANSACTIONAMOUNT_PROCESSING AS DECIMAL(18, 4) ) AS TRANSACTIONAMOUNT_PROCESSING, CAST( FX_USD_TRANSACTIONAMOUNT_PROCESSING_RATE AS DECIMAL(18, 4) ) AS FX_USD_TRANSACTIONAMOUNT_PROCESSING_RATE, CAST( FX_USD_TRANSACTIONAMOUNT_PROCESSING AS DECIMAL(18, 4) ) AS FX_USD_TRANSACTIONAMOUNT_PROCESSING, CAST( FX_EUR_TRANSACTIONAMOUNT_PROCESSING_RATE AS DECIMAL(18, 4) ) AS FX_EUR_TRANSACTIONAMOUNT_PROCESSING_RATE, CAST( FX_EUR_TRANSACTIONAMOUNT_PROCESSING AS DECIMAL(18, 4) ) AS FX_EUR_TRANSACTIONAMOUNT_PROCESSING, CAST( FX_GBP_TRANSACTIONAMOUNT_PROCESSING_RATE AS DECIMAL(18, 4) ) AS FX_GBP_TRANSACTIONAMOUNT_PROCESSING_RATE, CAST( FX_GBP_TRANSACTIONAMOUNT_PROCESSING AS DECIMAL(18, 4) ) AS FX_GBP_TRANSACTIONAMOUNT_PROCESSING, CAST( FX_CAD_TRANSACTIONAMOUNT_PROCESSING_RATE AS DECIMAL(18, 4) ) AS FX_CAD_TRANSACTIONAMOUNT_PROCESSING_RATE, CAST( FX_CAD_TRANSACTIONAMOUNT_PROCESSING AS DECIMAL(18, 4) ) AS FX_CAD_TRANSACTIONAMOUNT_PROCESSING, O_SETTLEMENTCURRENCY AS SETTLEMENTCURRENCY, CAST( TRANSACTIONAMOUNT_SETTLEMENT AS DECIMAL(18,4) ) AS TRANSACTIONAMOUNT_SETTLEMENT, CAST( FX_USD_TRANSACTIONAMOUNT_SETTLEMENT_RATE AS DECIMAL(18,4) ) AS FX_USD_TRANSACTIONAMOUNT_SETTLEMENT_RATE, CAST( FX_USD_TRANSACTIONAMOUNT_SETTLEMENT AS DECIMAL(18,4)) AS FX_USD_TRANSACTIONAMOUNT_SETTLEMENT, CAST( FX_EUR_TRANSACTIONAMOUNT_SETTLEMENT_RATE AS DECIMAL(18,4)) AS FX_EUR_TRANSACTIONAMOUNT_SETTLEMENT_RATE, CAST( FX_EUR_TRANSACTIONAMOUNT_SETTLEMENT AS DECIMAL(18,4) ) AS FX_EUR_TRANSACTIONAMOUNT_SETTLEMENT, CAST( FX_GBP_TRANSACTIONAMOUNT_SETTLEMENT_RATE AS DECIMAL(18,4) ) AS FX_GBP_TRANSACTIONAMOUNT_SETTLEMENT_RATE, CAST( FX_GBP_TRANSACTIONAMOUNT_SETTLEMENT AS DECIMAL(18,4) ) AS FX_GBP_TRANSACTIONAMOUNT_SETTLEMENT, CAST( FX_CAD_TRANSACTIONAMOUNT_SETTLEMENT_RATE AS DECIMAL(18,4) ) AS FX_CAD_TRANSACTIONAMOUNT_SETTLEMENT_RATE, CAST( FX_CAD_TRANSACTIONAMOUNT_SETTLEMENT AS DECIMAL(18,4) ) AS FX_CAD_TRANSACTIONAMOUNT_SETTLEMENT, O_ACCOUNTCURRENCY AS ACCOUNTCURRENCY, CAST( TRANSACTIONAMOUNT_ACCOUNT AS DECIMAL(18,4) ) AS TRANSACTIONAMOUNT_ACCOUNT, CAST( FX_USD_TRANSACTIONAMOUNT_ACCOUNT_RATE AS DECIMAL(18,4) ) AS FX_USD_TRANSACTIONAMOUNT_ACCOUNT_RATE, CAST( FX_USD_TRANSACTIONAMOUNT_ACCOUNT AS DECIMAL(18,4)) AS FX_USD_TRANSACTIONAMOUNT_ACCOUNT, CAST( FX_EUR_TRANSACTIONAMOUNT_ACCOUNT_RATE AS DECIMAL(18,4)) AS FX_EUR_TRANSACTIONAMOUNT_ACCOUNT_RATE, CAST( FX_EUR_TRANSACTIONAMOUNT_ACCOUNT AS DECIMAL(18,4) ) AS FX_EUR_TRANSACTIONAMOUNT_ACCOUNT, CAST( FX_GBP_TRANSACTIONAMOUNT_ACCOUNT_RATE AS DECIMAL(18,4) ) AS FX_GBP_TRANSACTIONAMOUNT_ACCOUNT_RATE, CAST( FX_GBP_TRANSACTIONAMOUNT_ACCOUNT AS DECIMAL(18,4) ) AS FX_GBP_TRANSACTIONAMOUNT_ACCOUNT, CAST( FX_CAD_TRANSACTIONAMOUNT_ACCOUNT_RATE AS DECIMAL(18,4) ) AS FX_CAD_TRANSACTIONAMOUNT_ACCOUNT_RATE, CAST( FX_CAD_TRANSACTIONAMOUNT_ACCOUNT AS DECIMAL(18,4) ) AS FX_CAD_TRANSACTIONAMOUNT_ACCOUNT, CAST( ORIGINALAMOUNT_PROCESSING AS DECIMAL(18, 4) ) AS ORIGINALAMOUNT_PROCESSING, CAST( FX_USD_ORIGINALAMOUNT_PROCESSING_RATE AS DECIMAL(18, 4) ) AS FX_USD_ORIGINALAMOUNT_PROCESSING_RATE, CAST( FX_USD_ORIGINALAMOUNT_PROCESSING AS DECIMAL(18, 4) ) AS FX_USD_ORIGINALAMOUNT_PROCESSING, CAST( FX_EUR_ORIGINALAMOUNT_PROCESSING_RATE AS DECIMAL(18, 4) ) AS FX_EUR_ORIGINALAMOUNT_PROCESSING_RATE, CAST( FX_EUR_ORIGINALAMOUNT_PROCESSING AS DECIMAL(18, 4) ) AS FX_EUR_ORIGINALAMOUNT_PROCESSING, CAST( FX_GBP_ORIGINALAMOUNT_PROCESSING_RATE AS DECIMAL(18, 4) ) AS FX_GBP_ORIGINALAMOUNT_PROCESSING_RATE, CAST( FX_GBP_ORIGINALAMOUNT_PROCESSING AS DECIMAL(18, 4) ) AS FX_GBP_ORIGINALAMOUNT_PROCESSING, CAST( FX_CAD_ORIGINALAMOUNT_PROCESSING_RATE AS DECIMAL(18, 4) ) AS FX_CAD_ORIGINALAMOUNT_PROCESSING_RATE, CAST( FX_CAD_ORIGINALAMOUNT_PROCESSING AS DECIMAL(18, 4) ) AS FX_CAD_ORIGINALAMOUNT_PROCESSING, CAST( ORIGINALAMOUNT_SETTLEMENT AS DECIMAL(18, 4) ) AS ORIGINALAMOUNT_SETTLEMENT, CAST( TOTALCHARGEAMOUNT_PROCESSING AS DECIMAL(18, 4) ) AS TOTALCHARGEAMOUNT_PROCESSING, CAST( TOTALCHARGEAMOUNT_SETTLEMENT AS DECIMAL(18, 4) ) AS TOTALCHARGEAMOUNT_SETTLEMENT, CAST(FX_USD_ORIGINALAMOUNT_SETTLEMENT_RATE AS DECIMAL(18,4) ) AS FX_USD_ORIGINALAMOUNT_SETTLEMENT_RATE, CAST(FX_USD_ORIGINALAMOUNT_SETTLEMENT AS DECIMAL(18,4) ) AS FX_USD_ORIGINALAMOUNT_SETTLEMENT, CAST(FX_EUR_ORIGINALAMOUNT_SETTLEMENT_RATE AS DECIMAL(18,4) ) AS FX_EUR_ORIGINALAMOUNT_SETTLEMENT_RATE, CAST(FX_EUR_ORIGINALAMOUNT_SETTLEMENT AS DECIMAL(18,4) ) AS FX_EUR_ORIGINALAMOUNT_SETTLEMENT, CAST(FX_GBP_ORIGINALAMOUNT_SETTLEMENT_RATE AS DECIMAL(18,4) ) AS FX_GBP_ORIGINALAMOUNT_SETTLEMENT_RATE, CAST(FX_GBP_ORIGINALAMOUNT_SETTLEMENT AS DECIMAL(18,4) ) AS FX_GBP_ORIGINALAMOUNT_SETTLEMENT, CAST(FX_CAD_ORIGINALAMOUNT_SETTLEMENT_RATE AS DECIMAL(18,4) ) AS FX_CAD_ORIGINALAMOUNT_SETTLEMENT_RATE, CAST(FX_CAD_ORIGINALAMOUNT_SETTLEMENT AS DECIMAL(18,4) ) AS FX_CAD_ORIGINALAMOUNT_SETTLEMENT, DRCRINDICATOR, CAST(LOCALTOACCOUNTRATE AS DECIMAL(18,5)) AS LOCALTOACCOUNTRATE, CAST(TRANSACTIONTOSETTLEMENTRATE AS DECIMAL(18,5)) AS TRANSACTIONTOSETTLEMENTRATE, O_LOCALCURRENCY AS LOCALCURRENCY, CAST(TRANSACTIONAMOUNT_LOCALCURRENCY AS DECIMAL(18,5)) AS TRANSACTIONAMOUNT_LOCALCURRENCY, CAST(SETTLEMENTTOLOCALRATE AS DECIMAL(18,5)) AS SETTLEMENTTOLOCALRATE, CAST(NUMBEROFSLIPS AS BIGINT) AS NUMBEROFSLIPS,CAST(CARDORGANIZATION AS BIGINT) AS CARDORGANIZATION, FORWARDINGMEMBERID, PROCESSINGCLASS, TO_DATE(SETTLEMENTDATE, 'yyyy-MM-dd') AS SETTLEMENTDATE, CAST(CASHBACKAMOUNT AS DECIMAL(18,5)) AS CASHBACKAMOUNT, CAST(RECEIVINGMEMBERID AS BIGINT) AS RECEIVINGMEMBERID, RETRIEVALREFERENCE, CAST(CARDBRAND AS BIGINT) AS CARDBRAND FROM transaction WHERE ROWTYPE = '004'"
      },
      {
         "dataFrameName":"TXNMERCHANTFEE",
         "sql":"SELECT TO_DATE(FILEDATE, 'yyyy-MM-dd') AS FILEDATE, O_FILEDATE AS FILENAME ,  TO_DATE(RECORDDATE, 'yyyy-MM-dd') AS RECORDDATE, CAST(FILESEQUENCENUMBER AS BIGINT) AS FILESEQUENCENUMBER, TO_DATE(DATEOFEXTRACTION, 'yyyyMMdd') AS DATEOFEXTRACTION, CAST(INSTITUTIONNUMBER AS BIGINT) AS INSTITUTIONNUMBER,  CAST(SEQUENCE AS BIGINT) AS SEQUENCE,  CAST(TRANSACTIONSLIPNUMBER AS LONG) AS TRANSACTIONSLIPNUMBER, CAST(CLIENTNUMBER AS BIGINT) AS CLIENTNUMBER, CAST(ACCOUNTNUMBER AS BIGINT) AS ACCOUNTNUMBER, CAST(GROUPNUMBER AS BIGINT) AS GROUPNUMBER, CAST(FILENUMBER AS BIGINT) AS FILENUMBER, TO_DATE(VALUEDATE, 'yyyy-MM-dd') AS VALUEDATE, CAST(TRANSACTIONSTATUS AS BIGINT) AS TRANSACTIONSTATUS, CAST(TRANSACTIONTYPE AS BIGINT) AS TRANSACTIONTYPE, CAST(INWARDFEENUMBER AS BIGINT) AS INWARDFEENUMBER, CAST( TRANSACTIONAMOUNT_PROCESSING AS DECIMAL(18, 4) ) AS TRANSACTIONAMOUNT_PROCESSING, CAST( FX_USD_TRANSACTIONAMOUNT_PROCESSING_RATE AS DECIMAL(18, 4) ) AS FX_USD_TRANSACTIONAMOUNT_PROCESSING_RATE, CAST( FX_USD_TRANSACTIONAMOUNT_PROCESSING AS DECIMAL(18, 4) ) AS FX_USD_TRANSACTIONAMOUNT_PROCESSING, CAST( FX_EUR_TRANSACTIONAMOUNT_PROCESSING_RATE AS DECIMAL(18, 4) ) AS FX_EUR_TRANSACTIONAMOUNT_PROCESSING_RATE, CAST( FX_EUR_TRANSACTIONAMOUNT_PROCESSING AS DECIMAL(18, 4) ) AS FX_EUR_TRANSACTIONAMOUNT_PROCESSING, CAST( FX_GBP_TRANSACTIONAMOUNT_PROCESSING_RATE AS DECIMAL(18, 4) ) AS FX_GBP_TRANSACTIONAMOUNT_PROCESSING_RATE, CAST( FX_GBP_TRANSACTIONAMOUNT_PROCESSING AS DECIMAL(18, 4) ) AS FX_GBP_TRANSACTIONAMOUNT_PROCESSING, CAST( FX_CAD_TRANSACTIONAMOUNT_PROCESSING_RATE AS DECIMAL(18, 4) ) AS FX_CAD_TRANSACTIONAMOUNT_PROCESSING_RATE, CAST( FX_CAD_TRANSACTIONAMOUNT_PROCESSING AS DECIMAL(18, 4) ) AS FX_CAD_TRANSACTIONAMOUNT_PROCESSING,O_TRANSACTIONCURRENCY AS TRANSACTIONCURRENCY, O_SETTLEMENTCURRENCY AS SETTLEMENTCURRENCY, CAST( TRANSACTIONAMOUNT_SETTLEMENT AS DECIMAL(18,4) ) AS TRANSACTIONAMOUNT_SETTLEMENT, CAST( FX_USD_TRANSACTIONAMOUNT_SETTLEMENT_RATE AS DECIMAL(18,4) ) AS FX_USD_TRANSACTIONAMOUNT_SETTLEMENT_RATE, CAST( FX_USD_TRANSACTIONAMOUNT_SETTLEMENT AS DECIMAL(18,4)) AS FX_USD_TRANSACTIONAMOUNT_SETTLEMENT, CAST( FX_EUR_TRANSACTIONAMOUNT_SETTLEMENT_RATE AS DECIMAL(18,4)) AS FX_EUR_TRANSACTIONAMOUNT_SETTLEMENT_RATE, CAST( FX_EUR_TRANSACTIONAMOUNT_SETTLEMENT AS DECIMAL(18,4) ) AS FX_EUR_TRANSACTIONAMOUNT_SETTLEMENT, CAST( FX_GBP_TRANSACTIONAMOUNT_SETTLEMENT_RATE AS DECIMAL(18,4) ) AS FX_GBP_TRANSACTIONAMOUNT_SETTLEMENT_RATE, CAST( FX_GBP_TRANSACTIONAMOUNT_SETTLEMENT AS DECIMAL(18,4) ) AS FX_GBP_TRANSACTIONAMOUNT_SETTLEMENT, CAST( FX_CAD_TRANSACTIONAMOUNT_SETTLEMENT_RATE AS DECIMAL(18,4) ) AS FX_CAD_TRANSACTIONAMOUNT_SETTLEMENT_RATE, CAST( FX_CAD_TRANSACTIONAMOUNT_SETTLEMENT AS DECIMAL(18,4) ) AS FX_CAD_TRANSACTIONAMOUNT_SETTLEMENT, O_ACCOUNTCURRENCY AS ACCOUNTCURRENCY, CAST( TRANSACTIONAMOUNT_ACCOUNT AS DECIMAL(18,4) ) AS TRANSACTIONAMOUNT_ACCOUNT, CAST( FX_USD_TRANSACTIONAMOUNT_ACCOUNT_RATE AS DECIMAL(18,4) ) AS FX_USD_TRANSACTIONAMOUNT_ACCOUNT_RATE, CAST( FX_USD_TRANSACTIONAMOUNT_ACCOUNT AS DECIMAL(18,4)) AS FX_USD_TRANSACTIONAMOUNT_ACCOUNT, CAST( FX_EUR_TRANSACTIONAMOUNT_ACCOUNT_RATE AS DECIMAL(18,4)) AS FX_EUR_TRANSACTIONAMOUNT_ACCOUNT_RATE, CAST( FX_EUR_TRANSACTIONAMOUNT_ACCOUNT AS DECIMAL(18,4) ) AS FX_EUR_TRANSACTIONAMOUNT_ACCOUNT, CAST( FX_GBP_TRANSACTIONAMOUNT_ACCOUNT_RATE AS DECIMAL(18,4) ) AS FX_GBP_TRANSACTIONAMOUNT_ACCOUNT_RATE, CAST( FX_GBP_TRANSACTIONAMOUNT_ACCOUNT AS DECIMAL(18,4) ) AS FX_GBP_TRANSACTIONAMOUNT_ACCOUNT, CAST( FX_CAD_TRANSACTIONAMOUNT_ACCOUNT_RATE AS DECIMAL(18,4) ) AS FX_CAD_TRANSACTIONAMOUNT_ACCOUNT_RATE, CAST( FX_CAD_TRANSACTIONAMOUNT_ACCOUNT AS DECIMAL(18,4) ) AS FX_CAD_TRANSACTIONAMOUNT_ACCOUNT, NOTE, DRCRINDICATOR,  CAST(NUMBEROFSLIPS AS BIGINT) AS NUMBEROFSLIPS, CAST(LOCALTOACCOUNTRATE AS DECIMAL(18,5)) AS LOCALTOACCOUNTRATE, CAST(TRANSACTIONTOSETTLEMENTRATE AS DECIMAL(18,5)) AS TRANSACTIONTOSETTLEMENTRATE, O_LOCALCURRENCY AS LOCALCURRENCY, CAST(TRANSACTIONAMOUNT_LOCALCURRENCY AS DECIMAL(18,5)) AS TRANSACTIONAMOUNT_LOCALCURRENCY, CAST(SETTLEMENTTOLOCALRATE AS DECIMAL(18,5)) AS SETTLEMENTTOLOCALRATE,CAST(CARDORGANIZATION AS BIGINT) AS CARDORGANIZATION, FORWARDINGMEMBERID, PROCESSINGCLASS, TO_DATE(SETTLEMENTDATE, 'yyyy-MM-dd') AS SETTLEMENTDATE, CAST(CASHBACKAMOUNT AS DECIMAL(18,5)) AS CASHBACKAMOUNT, CAST(RECEIVINGMEMBERID AS BIGINT) AS RECEIVINGMEMBERID, RETRIEVALREFERENCE FROM transaction WHERE ROWTYPE = '005'"
      },
      {
         "dataFrameName":"TXNSERVICEFEE",
         "sql":"SELECT TO_DATE(FILEDATE, 'yyyy-MM-dd') AS FILEDATE, O_FILEDATE AS FILENAME , TO_DATE(RECORDDATE, 'yyyy-MM-dd') AS RECORDDATE,  CAST(FILESEQUENCENUMBER AS BIGINT) AS FILESEQUENCENUMBER, TO_DATE(DATEOFEXTRACTION, 'yyyyMMdd') AS DATEOFEXTRACTION, CAST(INSTITUTIONNUMBER AS BIGINT) AS INSTITUTIONNUMBER,  CAST(SEQUENCE AS BIGINT) AS SEQUENCE,  CAST(TRANSACTIONSLIPNUMBER AS LONG) AS TRANSACTIONSLIPNUMBER, CAST(CLIENTNUMBER AS BIGINT) AS CLIENTNUMBER, CAST(ACCOUNTNUMBER AS BIGINT) AS ACCOUNTNUMBER, CAST(GROUPNUMBER AS BIGINT) AS GROUPNUMBER, CAST(FILENUMBER AS BIGINT) AS FILENUMBER, TO_DATE(VALUEDATE, 'yyyy-MM-dd') AS VALUEDATE,  CAST(TRANSACTIONSTATUS AS BIGINT) AS TRANSACTIONSTATUS, CAST(TRANSACTIONTYPE AS BIGINT) AS TRANSACTIONTYPE, CAST(INWARDFEENUMBER AS BIGINT) AS INWARDFEENUMBER, CAST( FEEAMOUNT_PROCESSING AS DECIMAL(18, 4) ) AS FEEAMOUNT_PROCESSING, CAST( FEEAMOUNT_SETTLEMENT AS DECIMAL(18, 4) ) AS FEEAMOUNT_SETTLEMENT,  O_TRANSACTIONCURRENCY AS TRANSACTIONCURRENCY, O_SETTLEMENTCURRENCY AS SETTLEMENTCURRENCY, O_ACCOUNTCURRENCY AS ACCOUNTCURRENCY, CAST( TRANSACTIONAMOUNT_ACCOUNT AS DECIMAL(18,4) ) AS TRANSACTIONAMOUNT_ACCOUNT, CAST( FX_USD_TRANSACTIONAMOUNT_ACCOUNT_RATE AS DECIMAL(18,4) ) AS FX_USD_TRANSACTIONAMOUNT_ACCOUNT_RATE, CAST( FX_USD_TRANSACTIONAMOUNT_ACCOUNT AS DECIMAL(18,4)) AS FX_USD_TRANSACTIONAMOUNT_ACCOUNT, CAST( FX_EUR_TRANSACTIONAMOUNT_ACCOUNT_RATE AS DECIMAL(18,4)) AS FX_EUR_TRANSACTIONAMOUNT_ACCOUNT_RATE, CAST( FX_EUR_TRANSACTIONAMOUNT_ACCOUNT AS DECIMAL(18,4) ) AS FX_EUR_TRANSACTIONAMOUNT_ACCOUNT, CAST( FX_GBP_TRANSACTIONAMOUNT_ACCOUNT_RATE AS DECIMAL(18,4) ) AS FX_GBP_TRANSACTIONAMOUNT_ACCOUNT_RATE, CAST( FX_GBP_TRANSACTIONAMOUNT_ACCOUNT AS DECIMAL(18,4) ) AS FX_GBP_TRANSACTIONAMOUNT_ACCOUNT, CAST( FX_CAD_TRANSACTIONAMOUNT_ACCOUNT_RATE AS DECIMAL(18,4) ) AS FX_CAD_TRANSACTIONAMOUNT_ACCOUNT_RATE, CAST( FX_CAD_TRANSACTIONAMOUNT_ACCOUNT AS DECIMAL(18,4) ) AS FX_CAD_TRANSACTIONAMOUNT_ACCOUNT, DRCRINDICATOR,  CAST(NUMBEROFSLIPS AS BIGINT) AS NUMBEROFSLIPS,CAST(LOCALTOACCOUNTRATE AS DECIMAL(18,5)) AS LOCALTOACCOUNTRATE, CAST(TRANSACTIONTOSETTLEMENTRATE AS DECIMAL(18,5)) AS TRANSACTIONTOSETTLEMENTRATE, O_LOCALCURRENCY AS LOCALCURRENCY, CAST(FEEAMOUNT_LOCALCURRENCY AS DECIMAL(18,5)) AS FEEAMOUNT_LOCALCURRENCY, CAST(SETTLEMENTTOLOCALRATE AS DECIMAL(18,5)) AS SETTLEMENTTOLOCALRATE, CAST(CARDORGANIZATION AS BIGINT) AS CARDORGANIZATION, FORWARDINGMEMBERID, PROCESSINGCLASS, TO_DATE(SETTLEMENTDATE, 'yyyy-MM-dd') AS SETTLEMENTDATE, CAST(CASHBACKAMOUNT AS DECIMAL(18,5)) AS CASHBACKAMOUNT, CAST(RECEIVINGMEMBERID AS BIGINT) AS RECEIVINGMEMBERID  FROM transaction WHERE ROWTYPE = '006'"
      },
      {
         "dataFrameName":"TXNPAYMENTSSUMMARY",
         "sql":"SELECT TO_DATE(FILEDATE, 'yyyy-MM-dd') AS FILEDATE, O_FILEDATE AS FILENAME ,  TO_DATE(RECORDDATE, 'yyyy-MM-dd') AS RECORDDATE, CAST(FILESEQUENCENUMBER AS BIGINT) AS FILESEQUENCENUMBER, TO_DATE(DATEOFEXTRACTION, 'yyyyMMdd') AS DATEOFEXTRACTION, CAST(INSTITUTIONNUMBER AS BIGINT) AS INSTITUTIONNUMBER,  CAST(SEQUENCE AS BIGINT) AS SEQUENCE,  CAST(TRANSACTIONSLIPNUMBER AS LONG) AS TRANSACTIONSLIPNUMBER, CAST(NUMBERORIGINALSLIP AS LONG) AS NUMBERORIGINALSLIP, CAST(CLIENTNUMBER AS BIGINT) AS CLIENTNUMBER, CAST(ACCOUNTNUMBER AS BIGINT) AS ACCOUNTNUMBER,  CAST(GROUPNUMBER AS BIGINT) AS GROUPNUMBER, CAST(FILENUMBER AS BIGINT) AS FILENUMBER, TO_DATE(VALUEDATE, 'yyyy-MM-dd') AS VALUEDATE, CAST(TRANSACTIONSTATUS AS BIGINT) AS TRANSACTIONSTATUS, CAST(TRANSACTIONTYPE AS BIGINT) AS TRANSACTIONTYPE, CAST(CARDFLAG AS BIGINT) AS DRCRINDICATOR, CAST(REVERSAL AS BIGINT) AS REVERSAL, CAST( TRANSACTIONAMOUNT_PROCESSING AS DECIMAL(18, 4) ) AS TRANSACTIONAMOUNT_PROCESSING, CAST( FX_USD_TRANSACTIONAMOUNT_PROCESSING_RATE AS DECIMAL(18, 4) ) AS FX_USD_TRANSACTIONAMOUNT_PROCESSING_RATE, CAST( FX_USD_TRANSACTIONAMOUNT_PROCESSING AS DECIMAL(18, 4) ) AS FX_USD_TRANSACTIONAMOUNT_PROCESSING, CAST( FX_EUR_TRANSACTIONAMOUNT_PROCESSING_RATE AS DECIMAL(18, 4) ) AS FX_EUR_TRANSACTIONAMOUNT_PROCESSING_RATE, CAST( FX_EUR_TRANSACTIONAMOUNT_PROCESSING AS DECIMAL(18, 4) ) AS FX_EUR_TRANSACTIONAMOUNT_PROCESSING, CAST( FX_GBP_TRANSACTIONAMOUNT_PROCESSING_RATE AS DECIMAL(18, 4) ) AS FX_GBP_TRANSACTIONAMOUNT_PROCESSING_RATE, CAST( FX_GBP_TRANSACTIONAMOUNT_PROCESSING AS DECIMAL(18, 4) ) AS FX_GBP_TRANSACTIONAMOUNT_PROCESSING, CAST( FX_CAD_TRANSACTIONAMOUNT_PROCESSING_RATE AS DECIMAL(18, 4) ) AS FX_CAD_TRANSACTIONAMOUNT_PROCESSING_RATE, CAST( FX_CAD_TRANSACTIONAMOUNT_PROCESSING AS DECIMAL(18, 4) ) AS FX_CAD_TRANSACTIONAMOUNT_PROCESSING, O_TRANSACTIONCURRENCY AS TRANSACTIONCURRENCY, O_SETTLEMENTCURRENCY AS SETTLEMENTCURRENCY, CAST( TRANSACTIONAMOUNT_SETTLEMENT AS DECIMAL(18,4) ) AS TRANSACTIONAMOUNT_SETTLEMENT, CAST( FX_USD_TRANSACTIONAMOUNT_SETTLEMENT_RATE AS DECIMAL(18,4) ) AS FX_USD_TRANSACTIONAMOUNT_SETTLEMENT_RATE, CAST( FX_USD_TRANSACTIONAMOUNT_SETTLEMENT AS DECIMAL(18,4)) AS FX_USD_TRANSACTIONAMOUNT_SETTLEMENT, CAST( FX_EUR_TRANSACTIONAMOUNT_SETTLEMENT_RATE AS DECIMAL(18,4)) AS FX_EUR_TRANSACTIONAMOUNT_SETTLEMENT_RATE, CAST( FX_EUR_TRANSACTIONAMOUNT_SETTLEMENT AS DECIMAL(18,4) ) AS FX_EUR_TRANSACTIONAMOUNT_SETTLEMENT, CAST( FX_GBP_TRANSACTIONAMOUNT_SETTLEMENT_RATE AS DECIMAL(18,4) ) AS FX_GBP_TRANSACTIONAMOUNT_SETTLEMENT_RATE, CAST( FX_GBP_TRANSACTIONAMOUNT_SETTLEMENT AS DECIMAL(18,4) ) AS FX_GBP_TRANSACTIONAMOUNT_SETTLEMENT, CAST( FX_CAD_TRANSACTIONAMOUNT_SETTLEMENT_RATE AS DECIMAL(18,4) ) AS FX_CAD_TRANSACTIONAMOUNT_SETTLEMENT_RATE, CAST( FX_CAD_TRANSACTIONAMOUNT_SETTLEMENT AS DECIMAL(18,4) ) AS FX_CAD_TRANSACTIONAMOUNT_SETTLEMENT, O_ACCOUNTCURRENCY AS ACCOUNTCURRENCY, CAST( TRANSACTIONAMOUNT_ACCOUNT AS DECIMAL(18,4) ) AS TRANSACTIONAMOUNT_ACCOUNT, CAST( FX_USD_TRANSACTIONAMOUNT_ACCOUNT_RATE AS DECIMAL(18,4) ) AS FX_USD_TRANSACTIONAMOUNT_ACCOUNT_RATE, CAST( FX_USD_TRANSACTIONAMOUNT_ACCOUNT AS DECIMAL(18,4)) AS FX_USD_TRANSACTIONAMOUNT_ACCOUNT, CAST( FX_EUR_TRANSACTIONAMOUNT_ACCOUNT_RATE AS DECIMAL(18,4)) AS FX_EUR_TRANSACTIONAMOUNT_ACCOUNT_RATE, CAST( FX_EUR_TRANSACTIONAMOUNT_ACCOUNT AS DECIMAL(18,4) ) AS FX_EUR_TRANSACTIONAMOUNT_ACCOUNT, CAST( FX_GBP_TRANSACTIONAMOUNT_ACCOUNT_RATE AS DECIMAL(18,4) ) AS FX_GBP_TRANSACTIONAMOUNT_ACCOUNT_RATE, CAST( FX_GBP_TRANSACTIONAMOUNT_ACCOUNT AS DECIMAL(18,4) ) AS FX_GBP_TRANSACTIONAMOUNT_ACCOUNT, CAST( FX_CAD_TRANSACTIONAMOUNT_ACCOUNT_RATE AS DECIMAL(18,4) ) AS FX_CAD_TRANSACTIONAMOUNT_ACCOUNT_RATE, CAST( FX_CAD_TRANSACTIONAMOUNT_ACCOUNT AS DECIMAL(18,4) ) AS FX_CAD_TRANSACTIONAMOUNT_ACCOUNT, CAST(LOCALTOACCOUNTRATE AS DECIMAL(18,5)) AS LOCALTOACCOUNTRATE, CAST(TRANSACTIONTOSETTLEMENTRATE AS DECIMAL(18,5)) AS TRANSACTIONTOSETTLEMENTRATE, O_LOCALCURRENCY AS LOCALCURRENCY, CAST(TRANSACTIONAMOUNT_LOCALCURRENCY AS DECIMAL(18,5)) AS TRANSACTIONAMOUNT_LOCALCURRENCY, CAST(SETTLEMENTTOLOCALRATE AS DECIMAL(18,5)) AS SETTLEMENTTOLOCALRATE, CAST(NUMBEROFSLIPS AS BIGINT) AS NUMBEROFSLIPS, CAST(CARDORGANIZATION AS BIGINT) AS CARDORGANIZATION, FORWARDINGMEMBERID, PROCESSINGCLASS, TO_DATE(SETTLEMENTDATE, 'yyyy-MM-dd') AS SETTLEMENTDATE, CAST(CASHBACKAMOUNT AS DECIMAL(18,5)) AS CASHBACKAMOUNT, CAST(INWARDFEENUMBER AS BIGINT) AS INWARDFEENUMBER, CAST(OUTWARDFEENUMBER AS BIGINT) AS OUTWARDFEENUMBER FROM transaction WHERE ROWTYPE = '007'"
      },
      {
         "dataFrameName":"TXNPAYMENTS",
         "sql":"SELECT TO_DATE(FILEDATE, 'yyyy-MM-dd') AS FILEDATE, O_FILEDATE AS FILENAME ,  TO_DATE(RECORDDATE, 'yyyy-MM-dd') AS RECORDDATE, CAST(FILESEQUENCENUMBER AS BIGINT) AS FILESEQUENCENUMBER, TO_DATE(DATEOFEXTRACTION, 'yyyyMMdd') AS DATEOFEXTRACTION, CAST(INSTITUTIONNUMBER AS BIGINT) AS INSTITUTIONNUMBER,  CAST(SEQUENCE AS BIGINT) AS SEQUENCE,  CAST(TRANSACTIONSLIPNUMBER AS LONG) AS TRANSACTIONSLIPNUMBER, CAST(NUMBERORIGINALSLIP AS LONG) AS NUMBERORIGINALSLIP, CAST(CLIENTNUMBER AS BIGINT) AS CLIENTNUMBER, CAST(ACCOUNTNUMBER AS BIGINT) AS ACCOUNTNUMBER, CAST(GROUPNUMBER AS BIGINT) AS GROUPNUMBER, CAST(FILENUMBER AS BIGINT) AS FILENUMBER, TO_DATE(VALUEDATE, 'yyyy-MM-dd') AS VALUEDATE, CAST(TRANSACTIONSTATUS AS BIGINT) AS TRANSACTIONSTATUS, CAST(TRANSACTIONTYPE AS BIGINT) AS TRANSACTIONTYPE, CAST(CARDFLAG AS BIGINT) AS DRCRINDICATOR, CAST(REVERSAL AS BIGINT) AS REVERSAL, CAST( TRANSACTIONAMOUNT_PROCESSING AS DECIMAL(18, 4) ) AS TRANSACTIONAMOUNT_PROCESSING, CAST( FX_USD_TRANSACTIONAMOUNT_PROCESSING_RATE AS DECIMAL(18, 4) ) AS FX_USD_TRANSACTIONAMOUNT_PROCESSING_RATE, CAST( FX_USD_TRANSACTIONAMOUNT_PROCESSING AS DECIMAL(18, 4) ) AS FX_USD_TRANSACTIONAMOUNT_PROCESSING, CAST( FX_EUR_TRANSACTIONAMOUNT_PROCESSING_RATE AS DECIMAL(18, 4) ) AS FX_EUR_TRANSACTIONAMOUNT_PROCESSING_RATE, CAST( FX_EUR_TRANSACTIONAMOUNT_PROCESSING AS DECIMAL(18, 4) ) AS FX_EUR_TRANSACTIONAMOUNT_PROCESSING, CAST( FX_GBP_TRANSACTIONAMOUNT_PROCESSING_RATE AS DECIMAL(18, 4) ) AS FX_GBP_TRANSACTIONAMOUNT_PROCESSING_RATE, CAST( FX_GBP_TRANSACTIONAMOUNT_PROCESSING AS DECIMAL(18, 4) ) AS FX_GBP_TRANSACTIONAMOUNT_PROCESSING, CAST( FX_CAD_TRANSACTIONAMOUNT_PROCESSING_RATE AS DECIMAL(18, 4) ) AS FX_CAD_TRANSACTIONAMOUNT_PROCESSING_RATE, CAST( FX_CAD_TRANSACTIONAMOUNT_PROCESSING AS DECIMAL(18, 4) ) AS FX_CAD_TRANSACTIONAMOUNT_PROCESSING, O_TRANSACTIONCURRENCY AS TRANSACTIONCURRENCY, O_SETTLEMENTCURRENCY AS SETTLEMENTCURRENCY, CAST( TRANSACTIONAMOUNT_SETTLEMENT AS DECIMAL(18,4) ) AS TRANSACTIONAMOUNT_SETTLEMENT, CAST( FX_USD_TRANSACTIONAMOUNT_SETTLEMENT_RATE AS DECIMAL(18,4) ) AS FX_USD_TRANSACTIONAMOUNT_SETTLEMENT_RATE, CAST( FX_USD_TRANSACTIONAMOUNT_SETTLEMENT AS DECIMAL(18,4)) AS FX_USD_TRANSACTIONAMOUNT_SETTLEMENT, CAST( FX_EUR_TRANSACTIONAMOUNT_SETTLEMENT_RATE AS DECIMAL(18,4)) AS FX_EUR_TRANSACTIONAMOUNT_SETTLEMENT_RATE, CAST( FX_EUR_TRANSACTIONAMOUNT_SETTLEMENT AS DECIMAL(18,4) ) AS FX_EUR_TRANSACTIONAMOUNT_SETTLEMENT, CAST( FX_GBP_TRANSACTIONAMOUNT_SETTLEMENT_RATE AS DECIMAL(18,4) ) AS FX_GBP_TRANSACTIONAMOUNT_SETTLEMENT_RATE, CAST( FX_GBP_TRANSACTIONAMOUNT_SETTLEMENT AS DECIMAL(18,4) ) AS FX_GBP_TRANSACTIONAMOUNT_SETTLEMENT, CAST( FX_CAD_TRANSACTIONAMOUNT_SETTLEMENT_RATE AS DECIMAL(18,4) ) AS FX_CAD_TRANSACTIONAMOUNT_SETTLEMENT_RATE, CAST( FX_CAD_TRANSACTIONAMOUNT_SETTLEMENT AS DECIMAL(18,4) ) AS FX_CAD_TRANSACTIONAMOUNT_SETTLEMENT, O_ACCOUNTCURRENCY AS ACCOUNTCURRENCY, CAST( TRANSACTIONAMOUNT_ACCOUNT AS DECIMAL(18,4) ) AS TRANSACTIONAMOUNT_ACCOUNT, CAST( FX_USD_TRANSACTIONAMOUNT_ACCOUNT_RATE AS DECIMAL(18,4) ) AS FX_USD_TRANSACTIONAMOUNT_ACCOUNT_RATE, CAST( FX_USD_TRANSACTIONAMOUNT_ACCOUNT AS DECIMAL(18,4)) AS FX_USD_TRANSACTIONAMOUNT_ACCOUNT, CAST( FX_EUR_TRANSACTIONAMOUNT_ACCOUNT_RATE AS DECIMAL(18,4)) AS FX_EUR_TRANSACTIONAMOUNT_ACCOUNT_RATE, CAST( FX_EUR_TRANSACTIONAMOUNT_ACCOUNT AS DECIMAL(18,4) ) AS FX_EUR_TRANSACTIONAMOUNT_ACCOUNT, CAST( FX_GBP_TRANSACTIONAMOUNT_ACCOUNT_RATE AS DECIMAL(18,4) ) AS FX_GBP_TRANSACTIONAMOUNT_ACCOUNT_RATE, CAST( FX_GBP_TRANSACTIONAMOUNT_ACCOUNT AS DECIMAL(18,4) ) AS FX_GBP_TRANSACTIONAMOUNT_ACCOUNT, CAST( FX_CAD_TRANSACTIONAMOUNT_ACCOUNT_RATE AS DECIMAL(18,4) ) AS FX_CAD_TRANSACTIONAMOUNT_ACCOUNT_RATE, CAST( FX_CAD_TRANSACTIONAMOUNT_ACCOUNT AS DECIMAL(18,4) ) AS FX_CAD_TRANSACTIONAMOUNT_ACCOUNT, CAST(TRANSACTIONDESTINATION AS BIGINT) AS TRANSACTIONDESTINATION, CAST(TRANSACTIONTOSETTLEMENTRATE AS DECIMAL(18,5)) AS TRANSACTIONTOSETTLEMENTRATE, CAST(NUMBEROFSLIPS AS BIGINT) AS NUMBEROFSLIPS, CAST(CARDORGANIZATION AS BIGINT) AS CARDORGANIZATION, FORWARDINGMEMBERID, PROCESSINGCLASS, TO_DATE(SETTLEMENTDATE, 'yyyy-MM-dd') AS SETTLEMENTDATE, CAST(CASHBACKAMOUNT AS DECIMAL(18,5)) AS CASHBACKAMOUNT, CAST(INWARDFEENUMBER AS BIGINT) AS INWARDFEENUMBER, CAST(OUTWARDFEENUMBER AS BIGINT) AS OUTWARDFEENUMBER, CAST(RECEIVINGMEMBERID AS BIGINT) AS RECEIVINGMEMBERID, RETRIEVALREFERENCE, TRACEID FROM transaction WHERE ROWTYPE = '008'"
      },
      {
         "dataFrameName":"TXNPAYMENTSFEE",
         "sql":"SELECT TO_DATE(FILEDATE, 'yyyy-MM-dd') AS FILEDATE, O_FILEDATE AS FILENAME , TO_DATE(RECORDDATE, 'yyyy-MM-dd') AS RECORDDATE,  CAST(FILESEQUENCENUMBER AS BIGINT) AS FILESEQUENCENUMBER, TO_DATE(DATEOFEXTRACTION, 'yyyyMMdd') AS DATEOFEXTRACTION, CAST(INSTITUTIONNUMBER AS BIGINT) AS INSTITUTIONNUMBER,  CAST(SEQUENCE AS BIGINT) AS SEQUENCE,  CAST(TRANSACTIONSLIPNUMBER AS LONG) AS TRANSACTIONSLIPNUMBER,  CAST(NUMBERORIGINALSLIP AS LONG) AS NUMBERORIGINALSLIP, CAST(CLIENTNUMBER AS BIGINT) AS CLIENTNUMBER, CAST(ACCOUNTNUMBER AS BIGINT) AS ACCOUNTNUMBER, CAST(GROUPNUMBER AS BIGINT) AS GROUPNUMBER, CAST(FILENUMBER AS BIGINT) AS FILENUMBER, TO_DATE(VALUEDATE, 'yyyy-MM-dd') AS VALUEDATE, CAST(TRANSACTIONSTATUS AS BIGINT) AS TRANSACTIONSTATUS, CAST(TRANSACTIONTYPE AS BIGINT) AS TRANSACTIONTYPE, CAST(OUTWARDFEENUMBER AS BIGINT) AS OUTWARDFEENUMBER, CAST( TRANSACTIONAMOUNT_PROCESSING AS DECIMAL(18, 4) ) AS TRANSACTIONAMOUNT_PROCESSING, CAST( FX_USD_TRANSACTIONAMOUNT_PROCESSING_RATE AS DECIMAL(18, 4) ) AS FX_USD_TRANSACTIONAMOUNT_PROCESSING_RATE, CAST( FX_USD_TRANSACTIONAMOUNT_PROCESSING AS DECIMAL(18, 4) ) AS FX_USD_TRANSACTIONAMOUNT_PROCESSING, CAST( FX_EUR_TRANSACTIONAMOUNT_PROCESSING_RATE AS DECIMAL(18, 4) ) AS FX_EUR_TRANSACTIONAMOUNT_PROCESSING_RATE, CAST( FX_EUR_TRANSACTIONAMOUNT_PROCESSING AS DECIMAL(18, 4) ) AS FX_EUR_TRANSACTIONAMOUNT_PROCESSING, CAST( FX_GBP_TRANSACTIONAMOUNT_PROCESSING_RATE AS DECIMAL(18, 4) ) AS FX_GBP_TRANSACTIONAMOUNT_PROCESSING_RATE, CAST( FX_GBP_TRANSACTIONAMOUNT_PROCESSING AS DECIMAL(18, 4) ) AS FX_GBP_TRANSACTIONAMOUNT_PROCESSING, CAST( FX_CAD_TRANSACTIONAMOUNT_PROCESSING_RATE AS DECIMAL(18, 4) ) AS FX_CAD_TRANSACTIONAMOUNT_PROCESSING_RATE, CAST( FX_CAD_TRANSACTIONAMOUNT_PROCESSING AS DECIMAL(18, 4) ) AS FX_CAD_TRANSACTIONAMOUNT_PROCESSING, O_TRANSACTIONCURRENCY AS TRANSACTIONCURRENCY, O_SETTLEMENTCURRENCY AS SETTLEMENTCURRENCY, CAST( TRANSACTIONAMOUNT_SETTLEMENT AS DECIMAL(18,4) ) AS TRANSACTIONAMOUNT_SETTLEMENT, CAST( FX_USD_TRANSACTIONAMOUNT_SETTLEMENT_RATE AS DECIMAL(18,4) ) AS FX_USD_TRANSACTIONAMOUNT_SETTLEMENT_RATE, CAST( FX_USD_TRANSACTIONAMOUNT_SETTLEMENT AS DECIMAL(18,4)) AS FX_USD_TRANSACTIONAMOUNT_SETTLEMENT, CAST( FX_EUR_TRANSACTIONAMOUNT_SETTLEMENT_RATE AS DECIMAL(18,4)) AS FX_EUR_TRANSACTIONAMOUNT_SETTLEMENT_RATE, CAST( FX_EUR_TRANSACTIONAMOUNT_SETTLEMENT AS DECIMAL(18,4) ) AS FX_EUR_TRANSACTIONAMOUNT_SETTLEMENT, CAST( FX_GBP_TRANSACTIONAMOUNT_SETTLEMENT_RATE AS DECIMAL(18,4) ) AS FX_GBP_TRANSACTIONAMOUNT_SETTLEMENT_RATE, CAST( FX_GBP_TRANSACTIONAMOUNT_SETTLEMENT AS DECIMAL(18,4) ) AS FX_GBP_TRANSACTIONAMOUNT_SETTLEMENT, CAST( FX_CAD_TRANSACTIONAMOUNT_SETTLEMENT_RATE AS DECIMAL(18,4) ) AS FX_CAD_TRANSACTIONAMOUNT_SETTLEMENT_RATE, CAST( FX_CAD_TRANSACTIONAMOUNT_SETTLEMENT AS DECIMAL(18,4) ) AS FX_CAD_TRANSACTIONAMOUNT_SETTLEMENT, O_ACCOUNTCURRENCY AS ACCOUNTCURRENCY, CAST( TRANSACTIONAMOUNT_ACCOUNT AS DECIMAL(18,4) ) AS TRANSACTIONAMOUNT_ACCOUNT, CAST( FX_USD_TRANSACTIONAMOUNT_ACCOUNT_RATE AS DECIMAL(18,4) ) AS FX_USD_TRANSACTIONAMOUNT_ACCOUNT_RATE, CAST( FX_USD_TRANSACTIONAMOUNT_ACCOUNT AS DECIMAL(18,4)) AS FX_USD_TRANSACTIONAMOUNT_ACCOUNT, CAST( FX_EUR_TRANSACTIONAMOUNT_ACCOUNT_RATE AS DECIMAL(18,4)) AS FX_EUR_TRANSACTIONAMOUNT_ACCOUNT_RATE, CAST( FX_EUR_TRANSACTIONAMOUNT_ACCOUNT AS DECIMAL(18,4) ) AS FX_EUR_TRANSACTIONAMOUNT_ACCOUNT, CAST( FX_GBP_TRANSACTIONAMOUNT_ACCOUNT_RATE AS DECIMAL(18,4) ) AS FX_GBP_TRANSACTIONAMOUNT_ACCOUNT_RATE, CAST( FX_GBP_TRANSACTIONAMOUNT_ACCOUNT AS DECIMAL(18,4) ) AS FX_GBP_TRANSACTIONAMOUNT_ACCOUNT, CAST( FX_CAD_TRANSACTIONAMOUNT_ACCOUNT_RATE AS DECIMAL(18,4) ) AS FX_CAD_TRANSACTIONAMOUNT_ACCOUNT_RATE, CAST( FX_CAD_TRANSACTIONAMOUNT_ACCOUNT AS DECIMAL(18,4) ) AS FX_CAD_TRANSACTIONAMOUNT_ACCOUNT, DRCRINDICATOR, CAST(LOCALTOACCOUNTRATE AS DECIMAL(18,5)) AS LOCALTOACCOUNTRATE, CAST(TRANSACTIONTOSETTLEMENTRATE AS DECIMAL(18,5)) AS TRANSACTIONTOSETTLEMENTRATE, O_LOCALCURRENCY AS LOCALCURRENCY, CAST(TRANSACTIONAMOUNT_LOCALCURRENCY AS DECIMAL(18,5)) AS TRANSACTIONAMOUNT_LOCALCURRENCY, CAST(SETTLEMENTTOLOCALRATE AS DECIMAL(18,5)) AS SETTLEMENTTOLOCALRATE, CAST(NUMBEROFSLIPS AS BIGINT) AS NUMBEROFSLIPS, CAST(CARDORGANIZATION AS BIGINT) AS CARDORGANIZATION, FORWARDINGMEMBERID, PROCESSINGCLASS, TO_DATE(SETTLEMENTDATE, 'yyyy-MM-dd') AS SETTLEMENTDATE, CAST(CASHBACKAMOUNT AS DECIMAL(18,5)) AS CASHBACKAMOUNT, CAST(INWARDFEENUMBER AS BIGINT) AS INWARDFEENUMBER, CAST(RECEIVINGMEMBERID AS BIGINT) AS RECEIVINGMEMBERID FROM transaction WHERE ROWTYPE = '009'"
      },
      {
         "dataFrameName": "TXNDISPUTESOURCESUMMARY",
         "sql": "SELECT TO_DATE(FILEDATE, 'yyyy-MM-dd') AS FILEDATE, O_FILEDATE AS FILENAME ,  TO_DATE(RECORDDATE, 'yyyy-MM-dd') AS RECORDDATE, CAST(FILESEQUENCENUMBER AS BIGINT) AS FILESEQUENCENUMBER, TO_DATE(DATEOFEXTRACTION, 'yyyyMMdd') AS DATEOFEXTRACTION, CAST(INSTITUTIONNUMBER AS BIGINT) AS INSTITUTIONNUMBER,  CAST(SEQUENCE AS BIGINT) AS SEQUENCE,  CAST(TRANSACTIONSLIPNUMBER AS LONG) AS TRANSACTIONSLIPNUMBER,  CAST(SUMMARYSETTLEMENT AS LONG) AS SUMMARYSETTLEMENT,  CAST(NUMBERORIGINALSLIP AS LONG) AS NUMBERORIGINALSLIP, CAST(SOURCESETTLEMENT AS LONG) AS SOURCESETTLEMENT, CAST(CLIENTNUMBER AS BIGINT) AS CLIENTNUMBER, CAST(ACCOUNTNUMBER AS BIGINT) AS ACCOUNTNUMBER, CAST(GROUPNUMBER AS BIGINT) AS GROUPNUMBER, CAST(FILENUMBER AS BIGINT) AS FILENUMBER, TO_DATE(VALUEDATE, 'yyyy-MM-dd') AS VALUEDATE, CAST(TRANSACTIONSTATUS AS BIGINT) AS TRANSACTIONSTATUS, CAST(TRANSACTIONTYPE AS BIGINT) AS TRANSACTIONTYPE, CAST(INWARDFEENUMBER AS BIGINT) AS INWARDFEENUMBER, CAST(OUTWARDFEENUMBER AS BIGINT) AS OUTWARDFEENUMBER, O_TRANSACTIONCURRENCY AS TRANSACTIONCURRENCY, CAST( TRANSACTIONAMOUNT_PROCESSING AS DECIMAL(18, 4) ) AS TRANSACTIONAMOUNT_PROCESSING, CAST( FX_USD_TRANSACTIONAMOUNT_PROCESSING_RATE AS DECIMAL(18, 4) ) AS FX_USD_TRANSACTIONAMOUNT_PROCESSING_RATE, CAST( FX_USD_TRANSACTIONAMOUNT_PROCESSING AS DECIMAL(18, 4) ) AS FX_USD_TRANSACTIONAMOUNT_PROCESSING, CAST( FX_EUR_TRANSACTIONAMOUNT_PROCESSING_RATE AS DECIMAL(18, 4) ) AS FX_EUR_TRANSACTIONAMOUNT_PROCESSING_RATE, CAST( FX_EUR_TRANSACTIONAMOUNT_PROCESSING AS DECIMAL(18, 4) ) AS FX_EUR_TRANSACTIONAMOUNT_PROCESSING, CAST( FX_GBP_TRANSACTIONAMOUNT_PROCESSING_RATE AS DECIMAL(18, 4) ) AS FX_GBP_TRANSACTIONAMOUNT_PROCESSING_RATE, CAST( FX_GBP_TRANSACTIONAMOUNT_PROCESSING AS DECIMAL(18, 4) ) AS FX_GBP_TRANSACTIONAMOUNT_PROCESSING, CAST( FX_CAD_TRANSACTIONAMOUNT_PROCESSING_RATE AS DECIMAL(18, 4) ) AS FX_CAD_TRANSACTIONAMOUNT_PROCESSING_RATE, CAST( FX_CAD_TRANSACTIONAMOUNT_PROCESSING AS DECIMAL(18, 4) ) AS FX_CAD_TRANSACTIONAMOUNT_PROCESSING, O_SETTLEMENTCURRENCY AS SETTLEMENTCURRENCY, CAST( TRANSACTIONAMOUNT_SETTLEMENT AS DECIMAL(18,4) ) AS TRANSACTIONAMOUNT_SETTLEMENT, CAST( FX_USD_TRANSACTIONAMOUNT_SETTLEMENT_RATE AS DECIMAL(18,4) ) AS FX_USD_TRANSACTIONAMOUNT_SETTLEMENT_RATE, CAST( FX_USD_TRANSACTIONAMOUNT_SETTLEMENT AS DECIMAL(18,4)) AS FX_USD_TRANSACTIONAMOUNT_SETTLEMENT, CAST( FX_EUR_TRANSACTIONAMOUNT_SETTLEMENT_RATE AS DECIMAL(18,4)) AS FX_EUR_TRANSACTIONAMOUNT_SETTLEMENT_RATE, CAST( FX_EUR_TRANSACTIONAMOUNT_SETTLEMENT AS DECIMAL(18,4) ) AS FX_EUR_TRANSACTIONAMOUNT_SETTLEMENT, CAST( FX_GBP_TRANSACTIONAMOUNT_SETTLEMENT_RATE AS DECIMAL(18,4) ) AS FX_GBP_TRANSACTIONAMOUNT_SETTLEMENT_RATE, CAST( FX_GBP_TRANSACTIONAMOUNT_SETTLEMENT AS DECIMAL(18,4) ) AS FX_GBP_TRANSACTIONAMOUNT_SETTLEMENT, CAST( FX_CAD_TRANSACTIONAMOUNT_SETTLEMENT_RATE AS DECIMAL(18,4) ) AS FX_CAD_TRANSACTIONAMOUNT_SETTLEMENT_RATE, CAST( FX_CAD_TRANSACTIONAMOUNT_SETTLEMENT AS DECIMAL(18,4) ) AS FX_CAD_TRANSACTIONAMOUNT_SETTLEMENT, CAST(TRANSACTIONTOSETTLEMENTRATE AS DECIMAL(18,5)) AS TRANSACTIONTOSETTLEMENTRATE, O_ACCOUNTCURRENCY AS ACCOUNTCURRENCY, CAST( TRANSACTIONAMOUNT_ACCOUNT AS DECIMAL(18,4) ) AS TRANSACTIONAMOUNT_ACCOUNT, CAST( FX_USD_TRANSACTIONAMOUNT_ACCOUNT_RATE AS DECIMAL(18,4) ) AS FX_USD_TRANSACTIONAMOUNT_ACCOUNT_RATE, CAST( FX_USD_TRANSACTIONAMOUNT_ACCOUNT AS DECIMAL(18,4)) AS FX_USD_TRANSACTIONAMOUNT_ACCOUNT, CAST( FX_EUR_TRANSACTIONAMOUNT_ACCOUNT_RATE AS DECIMAL(18,4)) AS FX_EUR_TRANSACTIONAMOUNT_ACCOUNT_RATE, CAST( FX_EUR_TRANSACTIONAMOUNT_ACCOUNT AS DECIMAL(18,4) ) AS FX_EUR_TRANSACTIONAMOUNT_ACCOUNT, CAST( FX_GBP_TRANSACTIONAMOUNT_ACCOUNT_RATE AS DECIMAL(18,4) ) AS FX_GBP_TRANSACTIONAMOUNT_ACCOUNT_RATE, CAST( FX_GBP_TRANSACTIONAMOUNT_ACCOUNT AS DECIMAL(18,4) ) AS FX_GBP_TRANSACTIONAMOUNT_ACCOUNT, CAST( FX_CAD_TRANSACTIONAMOUNT_ACCOUNT_RATE AS DECIMAL(18,4) ) AS FX_CAD_TRANSACTIONAMOUNT_ACCOUNT_RATE, CAST( FX_CAD_TRANSACTIONAMOUNT_ACCOUNT AS DECIMAL(18,4) ) AS FX_CAD_TRANSACTIONAMOUNT_ACCOUNT, CAST(LOCALTOACCOUNTRATE AS DECIMAL(18,5)) AS LOCALTOACCOUNTRATE, O_LOCALCURRENCY AS LOCALCURRENCY, CAST(TRANSACTIONAMOUNT_LOCALCURRENCY AS DECIMAL(18,5)) AS TRANSACTIONAMOUNT_LOCALCURRENCY, CAST(SETTLEMENTTOLOCALRATE AS DECIMAL(18,5)) AS SETTLEMENTTOLOCALRATE, CAST(REVERSAL AS BIGINT) AS REVERSAL, DRCRINDICATOR, CAST(NUMBEROFSLIPS AS BIGINT) AS NUMBEROFSLIPS,  CAST(CARDORGANIZATION AS BIGINT) AS CARDORGANIZATION, FORWARDINGMEMBERID, PROCESSINGCLASS, TO_DATE(SETTLEMENTDATE, 'yyyy-MM-dd') AS SETTLEMENTDATE, CAST(CASHBACKAMOUNT AS DECIMAL(18,5)) AS CASHBACKAMOUNT, CAST(RECEIVINGMEMBERID AS BIGINT) AS RECEIVINGMEMBERID, RETRIEVALREFERENCE, CAST(CARDBRAND AS BIGINT) AS CARDBRAND, CAST(TERMINALID AS BIGINT) AS TERMINALID FROM transaction WHERE ROWTYPE = '010'"
      },
      {
         "dataFrameName": "TXNDISPUTECLEARINGTRANSACTIONS",
         "sql": "SELECT TO_DATE(FILEDATE, 'yyyy-MM-dd') AS FILEDATE, O_FILEDATE AS FILENAME ,  TO_DATE(RECORDDATE, 'yyyy-MM-dd') AS RECORDDATE, CAST(FILESEQUENCENUMBER AS BIGINT) AS FILESEQUENCENUMBER, TO_DATE(DATEOFEXTRACTION, 'yyyyMMdd') AS DATEOFEXTRACTION, CAST(INSTITUTIONNUMBER AS BIGINT) AS INSTITUTIONNUMBER,  CAST(SEQUENCE AS BIGINT) AS SEQUENCE,  CAST(TRANSACTIONSLIPNUMBER AS LONG) AS TRANSACTIONSLIPNUMBER,  CAST(SUMMARYSETTLEMENT AS LONG) AS SUMMARYSETTLEMENT,  CAST(NUMBERORIGINALSLIP AS LONG) AS NUMBERORIGINALSLIP, CAST(SOURCESETTLEMENT AS LONG) AS SOURCESETTLEMENT, CAST(CLIENTNUMBER AS BIGINT) AS CLIENTNUMBER, CAST(ACCOUNTNUMBER AS BIGINT) AS ACCOUNTNUMBER, CAST(GROUPNUMBER AS BIGINT) AS GROUPNUMBER, CAST(AUTHCODE AS BIGINT) AS AUTHCODE, CAST(FILENUMBER AS BIGINT) AS FILENUMBER, TO_DATE(VALUEDATE, 'yyyy-MM-dd') AS VALUEDATE, CAST(TRANSACTIONSTATUS AS BIGINT) AS TRANSACTIONSTATUS, CAST(TRANSACTIONCATEGORY AS BIGINT) AS TRANSACTIONCATEGORY, CAST(TRANSACTIONTYPE AS BIGINT) AS TRANSACTIONTYPE, CAST(INWARDFEENUMBER AS BIGINT) AS INWARDFEENUMBER, CAST(OUTWARDFEENUMBER AS BIGINT) AS OUTWARDFEENUMBER, O_TRANSACTIONCURRENCY AS TRANSACTIONCURRENCY, CAST( TRANSACTIONAMOUNT_PROCESSING AS DECIMAL(18, 4) ) AS TRANSACTIONAMOUNT_PROCESSING, CAST( FX_USD_TRANSACTIONAMOUNT_PROCESSING_RATE AS DECIMAL(18, 4) ) AS FX_USD_TRANSACTIONAMOUNT_PROCESSING_RATE, CAST( FX_USD_TRANSACTIONAMOUNT_PROCESSING AS DECIMAL(18, 4) ) AS FX_USD_TRANSACTIONAMOUNT_PROCESSING, CAST( FX_EUR_TRANSACTIONAMOUNT_PROCESSING_RATE AS DECIMAL(18, 4) ) AS FX_EUR_TRANSACTIONAMOUNT_PROCESSING_RATE, CAST( FX_EUR_TRANSACTIONAMOUNT_PROCESSING AS DECIMAL(18, 4) ) AS FX_EUR_TRANSACTIONAMOUNT_PROCESSING, CAST( FX_GBP_TRANSACTIONAMOUNT_PROCESSING_RATE AS DECIMAL(18, 4) ) AS FX_GBP_TRANSACTIONAMOUNT_PROCESSING_RATE, CAST( FX_GBP_TRANSACTIONAMOUNT_PROCESSING AS DECIMAL(18, 4) ) AS FX_GBP_TRANSACTIONAMOUNT_PROCESSING, CAST( FX_CAD_TRANSACTIONAMOUNT_PROCESSING_RATE AS DECIMAL(18, 4) ) AS FX_CAD_TRANSACTIONAMOUNT_PROCESSING_RATE, CAST( FX_CAD_TRANSACTIONAMOUNT_PROCESSING AS DECIMAL(18, 4) ) AS FX_CAD_TRANSACTIONAMOUNT_PROCESSING, CAST( MSCAMOUNT_PROCESSING AS DECIMAL(18, 4) ) AS MSCAMOUNT_PROCESSING, CAST( FX_USD_MSCAMOUNT_PROCESSING_RATE AS DECIMAL(18, 4) ) AS FX_USD_MSCAMOUNT_PROCESSING_RATE, CAST( FX_USD_MSCAMOUNT_PROCESSING AS DECIMAL(18, 4) ) AS FX_USD_MSCAMOUNT_PROCESSING, CAST( FX_EUR_MSCAMOUNT_PROCESSING_RATE AS DECIMAL(18, 4) ) AS FX_EUR_MSCAMOUNT_PROCESSING_RATE, CAST( FX_EUR_MSCAMOUNT_PROCESSING AS DECIMAL(18, 4) ) AS FX_EUR_MSCAMOUNT_PROCESSING, CAST( FX_GBP_MSCAMOUNT_PROCESSING_RATE AS DECIMAL(18, 4) ) AS FX_GBP_MSCAMOUNT_PROCESSING_RATE, CAST( FX_GBP_MSCAMOUNT_PROCESSING AS DECIMAL(18, 4) ) AS FX_GBP_MSCAMOUNT_PROCESSING, CAST( FX_CAD_MSCAMOUNT_PROCESSING_RATE AS DECIMAL(18, 4) ) AS FX_CAD_MSCAMOUNT_PROCESSING_RATE, CAST( FX_CAD_MSCAMOUNT_PROCESSING AS DECIMAL(18, 4) ) AS FX_CAD_MSCAMOUNT_PROCESSING, CAST( MSCAMOUNT_SETTLEMENT AS DECIMAL(18,4) ) AS MSCAMOUNT_SETTLEMENT, CAST( FX_USD_MSCAMOUNT_SETTLEMENT_RATE AS DECIMAL(18,4) ) AS FX_USD_MSCAMOUNT_SETTLEMENT_RATE, CAST( FX_USD_MSCAMOUNT_SETTLEMENT AS DECIMAL(18,4)) AS FX_USD_MSCAMOUNT_SETTLEMENT, CAST( FX_EUR_MSCAMOUNT_SETTLEMENT_RATE AS DECIMAL(18,4)) AS FX_EUR_MSCAMOUNT_SETTLEMENT_RATE, CAST( FX_EUR_MSCAMOUNT_SETTLEMENT AS DECIMAL(18,4) ) AS FX_EUR_MSCAMOUNT_SETTLEMENT, CAST( FX_GBP_MSCAMOUNT_SETTLEMENT_RATE AS DECIMAL(18,4) ) AS FX_GBP_MSCAMOUNT_SETTLEMENT_RATE, CAST( FX_GBP_MSCAMOUNT_SETTLEMENT AS DECIMAL(18,4) ) AS FX_GBP_MSCAMOUNT_SETTLEMENT, CAST( FX_CAD_MSCAMOUNT_SETTLEMENT_RATE AS DECIMAL(18,4) ) AS FX_CAD_MSCAMOUNT_SETTLEMENT_RATE, CAST( FX_CAD_MSCAMOUNT_SETTLEMENT AS DECIMAL(18,4) ) AS FX_CAD_MSCAMOUNT_SETTLEMENT,  CAST( INTERCHANGEAMOUNT_PROCESSING AS DECIMAL(18, 4) ) AS INTERCHANGEAMOUNT_PROCESSING, CAST( FX_USD_INTERCHANGEAMOUNT_PROCESSING_RATE AS DECIMAL(18, 4) ) AS FX_USD_INTERCHANGEAMOUNT_PROCESSING_RATE, CAST( FX_USD_INTERCHANGEAMOUNT_PROCESSING AS DECIMAL(18, 4) ) AS FX_USD_INTERCHANGEAMOUNT_PROCESSING, CAST( FX_EUR_INTERCHANGEAMOUNT_PROCESSING_RATE AS DECIMAL(18, 4) ) AS FX_EUR_INTERCHANGEAMOUNT_PROCESSING_RATE, CAST( FX_EUR_INTERCHANGEAMOUNT_PROCESSING AS DECIMAL(18, 4) ) AS FX_EUR_INTERCHANGEAMOUNT_PROCESSING, CAST( FX_GBP_INTERCHANGEAMOUNT_PROCESSING_RATE AS DECIMAL(18, 4) ) AS FX_GBP_INTERCHANGEAMOUNT_PROCESSING_RATE, CAST( FX_GBP_INTERCHANGEAMOUNT_PROCESSING AS DECIMAL(18, 4) ) AS FX_GBP_INTERCHANGEAMOUNT_PROCESSING, CAST( FX_CAD_INTERCHANGEAMOUNT_PROCESSING_RATE AS DECIMAL(18, 4) ) AS FX_CAD_INTERCHANGEAMOUNT_PROCESSING_RATE, CAST( FX_CAD_INTERCHANGEAMOUNT_PROCESSING AS DECIMAL(18, 4) ) AS FX_CAD_INTERCHANGEAMOUNT_PROCESSING, CAST( INTERCHANGEAMOUNT_SETTLEMENT AS DECIMAL(18,4) ) AS INTERCHANGEAMOUNT_SETTLEMENT, CAST( FX_USD_INTERCHANGEAMOUNT_SETTLEMENT_RATE AS DECIMAL(18,4) ) AS FX_USD_INTERCHANGEAMOUNT_SETTLEMENT_RATE, CAST( FX_USD_INTERCHANGEAMOUNT_SETTLEMENT AS DECIMAL(18,4)) AS FX_USD_INTERCHANGEAMOUNT_SETTLEMENT, CAST( FX_EUR_INTERCHANGEAMOUNT_SETTLEMENT_RATE AS DECIMAL(18,4)) AS FX_EUR_INTERCHANGEAMOUNT_SETTLEMENT_RATE, CAST( FX_EUR_INTERCHANGEAMOUNT_SETTLEMENT AS DECIMAL(18,4) ) AS FX_EUR_INTERCHANGEAMOUNT_SETTLEMENT, CAST( FX_GBP_INTERCHANGEAMOUNT_SETTLEMENT_RATE AS DECIMAL(18,4) ) AS FX_GBP_INTERCHANGEAMOUNT_SETTLEMENT_RATE, CAST( FX_GBP_INTERCHANGEAMOUNT_SETTLEMENT AS DECIMAL(18,4) ) AS FX_GBP_INTERCHANGEAMOUNT_SETTLEMENT, CAST( FX_CAD_INTERCHANGEAMOUNT_SETTLEMENT_RATE AS DECIMAL(18,4) ) AS FX_CAD_INTERCHANGEAMOUNT_SETTLEMENT_RATE, CAST( FX_CAD_INTERCHANGEAMOUNT_SETTLEMENT AS DECIMAL(18,4) ) AS FX_CAD_INTERCHANGEAMOUNT_SETTLEMENT, O_SETTLEMENTCURRENCY AS SETTLEMENTCURRENCY, CAST( TRANSACTIONAMOUNT_SETTLEMENT AS DECIMAL(18,4) ) AS TRANSACTIONAMOUNT_SETTLEMENT, CAST( FX_USD_TRANSACTIONAMOUNT_SETTLEMENT_RATE AS DECIMAL(18,4) ) AS FX_USD_TRANSACTIONAMOUNT_SETTLEMENT_RATE, CAST( FX_USD_TRANSACTIONAMOUNT_SETTLEMENT AS DECIMAL(18,4)) AS FX_USD_TRANSACTIONAMOUNT_SETTLEMENT, CAST( FX_EUR_TRANSACTIONAMOUNT_SETTLEMENT_RATE AS DECIMAL(18,4)) AS FX_EUR_TRANSACTIONAMOUNT_SETTLEMENT_RATE, CAST( FX_EUR_TRANSACTIONAMOUNT_SETTLEMENT AS DECIMAL(18,4) ) AS FX_EUR_TRANSACTIONAMOUNT_SETTLEMENT, CAST( FX_GBP_TRANSACTIONAMOUNT_SETTLEMENT_RATE AS DECIMAL(18,4) ) AS FX_GBP_TRANSACTIONAMOUNT_SETTLEMENT_RATE, CAST( FX_GBP_TRANSACTIONAMOUNT_SETTLEMENT AS DECIMAL(18,4) ) AS FX_GBP_TRANSACTIONAMOUNT_SETTLEMENT, CAST( FX_CAD_TRANSACTIONAMOUNT_SETTLEMENT_RATE AS DECIMAL(18,4) ) AS FX_CAD_TRANSACTIONAMOUNT_SETTLEMENT_RATE, CAST( FX_CAD_TRANSACTIONAMOUNT_SETTLEMENT AS DECIMAL(18,4) ) AS FX_CAD_TRANSACTIONAMOUNT_SETTLEMENT, CAST(TRANSACTIONTOSETTLEMENTRATE AS DECIMAL(18,5)) AS TRANSACTIONTOSETTLEMENTRATE, O_ACCOUNTCURRENCY AS ACCOUNTCURRENCY, CAST( TRANSACTIONAMOUNT_ACCOUNT AS DECIMAL(18,4) ) AS TRANSACTIONAMOUNT_ACCOUNT, CAST( FX_USD_TRANSACTIONAMOUNT_ACCOUNT_RATE AS DECIMAL(18,4) ) AS FX_USD_TRANSACTIONAMOUNT_ACCOUNT_RATE, CAST( FX_USD_TRANSACTIONAMOUNT_ACCOUNT AS DECIMAL(18,4)) AS FX_USD_TRANSACTIONAMOUNT_ACCOUNT, CAST( FX_EUR_TRANSACTIONAMOUNT_ACCOUNT_RATE AS DECIMAL(18,4)) AS FX_EUR_TRANSACTIONAMOUNT_ACCOUNT_RATE, CAST( FX_EUR_TRANSACTIONAMOUNT_ACCOUNT AS DECIMAL(18,4) ) AS FX_EUR_TRANSACTIONAMOUNT_ACCOUNT, CAST( FX_GBP_TRANSACTIONAMOUNT_ACCOUNT_RATE AS DECIMAL(18,4) ) AS FX_GBP_TRANSACTIONAMOUNT_ACCOUNT_RATE, CAST( FX_GBP_TRANSACTIONAMOUNT_ACCOUNT AS DECIMAL(18,4) ) AS FX_GBP_TRANSACTIONAMOUNT_ACCOUNT, CAST( FX_CAD_TRANSACTIONAMOUNT_ACCOUNT_RATE AS DECIMAL(18,4) ) AS FX_CAD_TRANSACTIONAMOUNT_ACCOUNT_RATE, CAST( FX_CAD_TRANSACTIONAMOUNT_ACCOUNT AS DECIMAL(18,4) ) AS FX_CAD_TRANSACTIONAMOUNT_ACCOUNT, CAST(LOCALTOACCOUNTRATE AS DECIMAL(18,5)) AS LOCALTOACCOUNTRATE, O_LOCALCURRENCY AS LOCALCURRENCY, CAST(TRANSACTIONAMOUNT_LOCALCURRENCY AS DECIMAL(18,5)) AS TRANSACTIONAMOUNT_LOCALCURRENCY, CAST(SETTLEMENTTOLOCALRATE AS DECIMAL(18,5)) AS SETTLEMENTTOLOCALRATE, CAST(CARDBRAND AS BIGINT) AS CARDBRAND, CAST(CARDFLAG AS BIGINT) AS CARDFLAG, CAST(REVERSAL AS BIGINT) AS REVERSAL, ORIGINALREFERENCENUMBER, CAST(ACQUIRERREFERENCE AS DECIMAL(38,0)) AS ACQUIRERREFERENCE, CAST(TRANSACTIONDESTINATION AS BIGINT) AS TRANSACTIONDESTINATION, DRCRINDICATOR, CAST(NUMBEROFSLIPS AS BIGINT) AS NUMBEROFSLIPS,  CAST(CARDORGANIZATION AS BIGINT) AS CARDORGANIZATION, FORWARDINGMEMBERID, PROCESSINGCLASS, TO_DATE(SETTLEMENTDATE, 'yyyy-MM-dd') AS SETTLEMENTDATE, CAST(CASHBACKAMOUNT AS DECIMAL(18,5)) AS CASHBACKAMOUNT, CAST(RECEIVINGMEMBERID AS BIGINT) AS RECEIVINGMEMBERID, RETRIEVALREFERENCE, TRACEID, CAST(MERCHANTNUMBER AS BIGINT) AS MERCHANTNUMBER,  CAST(TERMINALID AS BIGINT) AS TERMINALID, FEERULE, CAST(RDRFLAG AS BIGINT) AS RDRFLAG, CAST(MARGINPERCENT AS DECIMAL(18,5)) AS MARGINPERCENT, CAST(MARGINAMOUNT AS DECIMAL(18,5)) AS MARGINAMOUNT FROM transaction WHERE ROWTYPE = '011'"
      },
      {
         "dataFrameName": "TXNDISPUTESCHEMESETTLEMENT",
         "sql": "SELECT TO_DATE(FILEDATE, 'yyyy-MM-dd') AS FILEDATE, O_FILEDATE AS FILENAME ,  TO_DATE(RECORDDATE, 'yyyy-MM-dd') AS RECORDDATE, CAST(FILESEQUENCENUMBER AS BIGINT) AS FILESEQUENCENUMBER, TO_DATE(DATEOFEXTRACTION, 'yyyyMMdd') AS DATEOFEXTRACTION, CAST(INSTITUTIONNUMBER AS BIGINT) AS INSTITUTIONNUMBER,  CAST(SEQUENCE AS BIGINT) AS SEQUENCE,  CAST(TRANSACTIONSLIPNUMBER AS LONG) AS TRANSACTIONSLIPNUMBER,  CAST(SUMMARYSETTLEMENT AS LONG) AS SUMMARYSETTLEMENT,  CAST(NUMBERORIGINALSLIP AS LONG) AS NUMBERORIGINALSLIP, CAST(SOURCESETTLEMENT AS LONG) AS SOURCESETTLEMENT, CAST(CLIENTNUMBER AS BIGINT) AS CLIENTNUMBER, CAST(ACCOUNTNUMBER AS BIGINT) AS ACCOUNTNUMBER, CAST(GROUPNUMBER AS BIGINT) AS GROUPNUMBER, CAST(FILENUMBER AS BIGINT) AS FILENUMBER, TO_DATE(VALUEDATE, 'yyyy-MM-dd') AS VALUEDATE, CAST(TRANSACTIONSTATUS AS BIGINT) AS TRANSACTIONSTATUS, CAST(TRANSACTIONCLASS AS BIGINT) AS TRANSACTIONCLASS, CAST(TRANSACTIONCATEGORY AS BIGINT) AS TRANSACTIONCATEGORY, CAST(TRANSACTIONTYPE AS BIGINT) AS TRANSACTIONTYPE, O_TRANSACTIONCURRENCY AS TRANSACTIONCURRENCY, CAST( TRANSACTIONAMOUNT_PROCESSING AS DECIMAL(18, 4) ) AS TRANSACTIONAMOUNT_PROCESSING, CAST( FX_USD_TRANSACTIONAMOUNT_PROCESSING_RATE AS DECIMAL(18, 4) ) AS FX_USD_TRANSACTIONAMOUNT_PROCESSING_RATE, CAST( FX_USD_TRANSACTIONAMOUNT_PROCESSING AS DECIMAL(18, 4) ) AS FX_USD_TRANSACTIONAMOUNT_PROCESSING, CAST( FX_EUR_TRANSACTIONAMOUNT_PROCESSING_RATE AS DECIMAL(18, 4) ) AS FX_EUR_TRANSACTIONAMOUNT_PROCESSING_RATE, CAST( FX_EUR_TRANSACTIONAMOUNT_PROCESSING AS DECIMAL(18, 4) ) AS FX_EUR_TRANSACTIONAMOUNT_PROCESSING, CAST( FX_GBP_TRANSACTIONAMOUNT_PROCESSING_RATE AS DECIMAL(18, 4) ) AS FX_GBP_TRANSACTIONAMOUNT_PROCESSING_RATE, CAST( FX_GBP_TRANSACTIONAMOUNT_PROCESSING AS DECIMAL(18, 4) ) AS FX_GBP_TRANSACTIONAMOUNT_PROCESSING, CAST( FX_CAD_TRANSACTIONAMOUNT_PROCESSING_RATE AS DECIMAL(18, 4) ) AS FX_CAD_TRANSACTIONAMOUNT_PROCESSING_RATE, CAST( FX_CAD_TRANSACTIONAMOUNT_PROCESSING AS DECIMAL(18, 4) ) AS FX_CAD_TRANSACTIONAMOUNT_PROCESSING, O_SETTLEMENTCURRENCY AS SETTLEMENTCURRENCY, CAST( TRANSACTIONAMOUNT_SETTLEMENT AS DECIMAL(18,4) ) AS TRANSACTIONAMOUNT_SETTLEMENT, CAST( FX_USD_TRANSACTIONAMOUNT_SETTLEMENT_RATE AS DECIMAL(18,4) ) AS FX_USD_TRANSACTIONAMOUNT_SETTLEMENT_RATE, CAST( FX_USD_TRANSACTIONAMOUNT_SETTLEMENT AS DECIMAL(18,4)) AS FX_USD_TRANSACTIONAMOUNT_SETTLEMENT, CAST( FX_EUR_TRANSACTIONAMOUNT_SETTLEMENT_RATE AS DECIMAL(18,4)) AS FX_EUR_TRANSACTIONAMOUNT_SETTLEMENT_RATE, CAST( FX_EUR_TRANSACTIONAMOUNT_SETTLEMENT AS DECIMAL(18,4) ) AS FX_EUR_TRANSACTIONAMOUNT_SETTLEMENT, CAST( FX_GBP_TRANSACTIONAMOUNT_SETTLEMENT_RATE AS DECIMAL(18,4) ) AS FX_GBP_TRANSACTIONAMOUNT_SETTLEMENT_RATE, CAST( FX_GBP_TRANSACTIONAMOUNT_SETTLEMENT AS DECIMAL(18,4) ) AS FX_GBP_TRANSACTIONAMOUNT_SETTLEMENT, CAST( FX_CAD_TRANSACTIONAMOUNT_SETTLEMENT_RATE AS DECIMAL(18,4) ) AS FX_CAD_TRANSACTIONAMOUNT_SETTLEMENT_RATE, CAST( FX_CAD_TRANSACTIONAMOUNT_SETTLEMENT AS DECIMAL(18,4) ) AS FX_CAD_TRANSACTIONAMOUNT_SETTLEMENT, CAST(TRANSACTIONTOSETTLEMENTRATE AS DECIMAL(18,5)) AS TRANSACTIONTOSETTLEMENTRATE, O_ACCOUNTCURRENCY AS ACCOUNTCURRENCY, CAST( TRANSACTIONAMOUNT_ACCOUNT AS DECIMAL(18,4) ) AS TRANSACTIONAMOUNT_ACCOUNT, CAST( FX_USD_TRANSACTIONAMOUNT_ACCOUNT_RATE AS DECIMAL(18,4) ) AS FX_USD_TRANSACTIONAMOUNT_ACCOUNT_RATE, CAST( FX_USD_TRANSACTIONAMOUNT_ACCOUNT AS DECIMAL(18,4)) AS FX_USD_TRANSACTIONAMOUNT_ACCOUNT, CAST( FX_EUR_TRANSACTIONAMOUNT_ACCOUNT_RATE AS DECIMAL(18,4)) AS FX_EUR_TRANSACTIONAMOUNT_ACCOUNT_RATE, CAST( FX_EUR_TRANSACTIONAMOUNT_ACCOUNT AS DECIMAL(18,4) ) AS FX_EUR_TRANSACTIONAMOUNT_ACCOUNT, CAST( FX_GBP_TRANSACTIONAMOUNT_ACCOUNT_RATE AS DECIMAL(18,4) ) AS FX_GBP_TRANSACTIONAMOUNT_ACCOUNT_RATE, CAST( FX_GBP_TRANSACTIONAMOUNT_ACCOUNT AS DECIMAL(18,4) ) AS FX_GBP_TRANSACTIONAMOUNT_ACCOUNT, CAST( FX_CAD_TRANSACTIONAMOUNT_ACCOUNT_RATE AS DECIMAL(18,4) ) AS FX_CAD_TRANSACTIONAMOUNT_ACCOUNT_RATE, CAST( FX_CAD_TRANSACTIONAMOUNT_ACCOUNT AS DECIMAL(18,4) ) AS FX_CAD_TRANSACTIONAMOUNT_ACCOUNT, CAST(LOCALTOACCOUNTRATE AS DECIMAL(18,5)) AS LOCALTOACCOUNTRATE, O_LOCALCURRENCY AS LOCALCURRENCY, CAST(TRANSACTIONAMOUNT_LOCALCURRENCY AS DECIMAL(18,5)) AS TRANSACTIONAMOUNT_LOCALCURRENCY, CAST(SETTLEMENTTOLOCALRATE AS DECIMAL(18,5)) AS SETTLEMENTTOLOCALRATE, CAST(REVERSAL AS BIGINT) AS REVERSAL, CAST(ACQUIRERREFERENCE AS DECIMAL(38, 0)) AS ACQUIRERREFERENCE, CAST(TRANSACTIONSOURCE AS BIGINT) AS TRANSACTIONSOURCE, CAST(TRANSACTIONDESTINATION AS BIGINT) AS TRANSACTIONDESTINATION, DRCRINDICATOR, CAST(NUMBEROFSLIPS AS BIGINT) AS NUMBEROFSLIPS, CAST(CARDORGANIZATION AS BIGINT) AS CARDORGANIZATION, TO_DATE(SETTLEMENTDATE, 'yyyy-MM-dd') AS SETTLEMENTDATE FROM transaction WHERE ROWTYPE = '012'"
      },
      {
         "dataFrameName": "TXNNONFINANCIALTRANSACTIONS",
         "sql": "SELECT TO_DATE(FILEDATE, 'yyyy-MM-dd') AS FILEDATE, O_FILEDATE AS FILENAME ,  TO_DATE(RECORDDATE, 'yyyy-MM-dd') AS RECORDDATE, CAST(FILESEQUENCENUMBER AS BIGINT) AS FILESEQUENCENUMBER, TO_DATE(DATEOFEXTRACTION, 'yyyyMMdd') AS DATEOFEXTRACTION, CAST(INSTITUTIONNUMBER AS BIGINT) AS INSTITUTIONNUMBER,  CAST(SEQUENCE AS BIGINT) AS SEQUENCE,  CAST(TRANSACTIONSLIPNUMBER AS LONG) AS TRANSACTIONSLIPNUMBER,  CAST(SUMMARYSETTLEMENT AS LONG) AS SUMMARYSETTLEMENT,  CAST(NUMBERORIGINALSLIP AS LONG) AS NUMBERORIGINALSLIP, CAST(SOURCESETTLEMENT AS LONG) AS SOURCESETTLEMENT, CAST(CLIENTNUMBER AS BIGINT) AS CLIENTNUMBER, CAST(ACCOUNTNUMBER AS BIGINT) AS ACCOUNTNUMBER, CAST(GROUPNUMBER AS BIGINT) AS GROUPNUMBER, CAST(AUTHCODE AS BIGINT) AS AUTHCODE, CAST(FILENUMBER AS BIGINT) AS FILENUMBER, TO_DATE(VALUEDATE, 'yyyy-MM-dd') AS VALUEDATE, CAST(TRANSACTIONSTATUS AS BIGINT) AS TRANSACTIONSTATUS, CAST(TRANSACTIONCLASS AS BIGINT) AS TRANSACTIONCLASS, CAST(TRANSACTIONCATEGORY AS BIGINT) AS TRANSACTIONCATEGORY, CAST(TRANSACTIONTYPE AS BIGINT) AS TRANSACTIONTYPE, CAST(INWARDFEENUMBER AS BIGINT) AS INWARDFEENUMBER, CAST(OUTWARDFEENUMBER AS BIGINT) AS OUTWARDFEENUMBER, O_TRANSACTIONCURRENCY AS TRANSACTIONCURRENCY, CAST( TRANSACTIONAMOUNT_PROCESSING AS DECIMAL(18, 4) ) AS TRANSACTIONAMOUNT_PROCESSING, CAST( FX_USD_TRANSACTIONAMOUNT_PROCESSING_RATE AS DECIMAL(18, 4) ) AS FX_USD_TRANSACTIONAMOUNT_PROCESSING_RATE, CAST( FX_USD_TRANSACTIONAMOUNT_PROCESSING AS DECIMAL(18, 4) ) AS FX_USD_TRANSACTIONAMOUNT_PROCESSING, CAST( FX_EUR_TRANSACTIONAMOUNT_PROCESSING_RATE AS DECIMAL(18, 4) ) AS FX_EUR_TRANSACTIONAMOUNT_PROCESSING_RATE, CAST( FX_EUR_TRANSACTIONAMOUNT_PROCESSING AS DECIMAL(18, 4) ) AS FX_EUR_TRANSACTIONAMOUNT_PROCESSING, CAST( FX_GBP_TRANSACTIONAMOUNT_PROCESSING_RATE AS DECIMAL(18, 4) ) AS FX_GBP_TRANSACTIONAMOUNT_PROCESSING_RATE, CAST( FX_GBP_TRANSACTIONAMOUNT_PROCESSING AS DECIMAL(18, 4) ) AS FX_GBP_TRANSACTIONAMOUNT_PROCESSING, CAST( FX_CAD_TRANSACTIONAMOUNT_PROCESSING_RATE AS DECIMAL(18, 4) ) AS FX_CAD_TRANSACTIONAMOUNT_PROCESSING_RATE, CAST( FX_CAD_TRANSACTIONAMOUNT_PROCESSING AS DECIMAL(18, 4) ) AS FX_CAD_TRANSACTIONAMOUNT_PROCESSING,  O_SETTLEMENTCURRENCY AS SETTLEMENTCURRENCY, CAST( TRANSACTIONAMOUNT_SETTLEMENT AS DECIMAL(18,4) ) AS TRANSACTIONAMOUNT_SETTLEMENT, CAST( FX_USD_TRANSACTIONAMOUNT_SETTLEMENT_RATE AS DECIMAL(18,4) ) AS FX_USD_TRANSACTIONAMOUNT_SETTLEMENT_RATE, CAST( FX_USD_TRANSACTIONAMOUNT_SETTLEMENT AS DECIMAL(18,4)) AS FX_USD_TRANSACTIONAMOUNT_SETTLEMENT, CAST( FX_EUR_TRANSACTIONAMOUNT_SETTLEMENT_RATE AS DECIMAL(18,4)) AS FX_EUR_TRANSACTIONAMOUNT_SETTLEMENT_RATE, CAST( FX_EUR_TRANSACTIONAMOUNT_SETTLEMENT AS DECIMAL(18,4) ) AS FX_EUR_TRANSACTIONAMOUNT_SETTLEMENT, CAST( FX_GBP_TRANSACTIONAMOUNT_SETTLEMENT_RATE AS DECIMAL(18,4) ) AS FX_GBP_TRANSACTIONAMOUNT_SETTLEMENT_RATE, CAST( FX_GBP_TRANSACTIONAMOUNT_SETTLEMENT AS DECIMAL(18,4) ) AS FX_GBP_TRANSACTIONAMOUNT_SETTLEMENT, CAST( FX_CAD_TRANSACTIONAMOUNT_SETTLEMENT_RATE AS DECIMAL(18,4) ) AS FX_CAD_TRANSACTIONAMOUNT_SETTLEMENT_RATE, CAST( FX_CAD_TRANSACTIONAMOUNT_SETTLEMENT AS DECIMAL(18,4) ) AS FX_CAD_TRANSACTIONAMOUNT_SETTLEMENT, CAST(TRANSACTIONTOSETTLEMENTRATE AS DECIMAL(18,5)) AS TRANSACTIONTOSETTLEMENTRATE, O_ACCOUNTCURRENCY AS ACCOUNTCURRENCY, CAST( TRANSACTIONAMOUNT_ACCOUNT AS DECIMAL(18,4) ) AS TRANSACTIONAMOUNT_ACCOUNT, CAST( FX_USD_TRANSACTIONAMOUNT_ACCOUNT_RATE AS DECIMAL(18,4) ) AS FX_USD_TRANSACTIONAMOUNT_ACCOUNT_RATE, CAST( FX_USD_TRANSACTIONAMOUNT_ACCOUNT AS DECIMAL(18,4)) AS FX_USD_TRANSACTIONAMOUNT_ACCOUNT, CAST( FX_EUR_TRANSACTIONAMOUNT_ACCOUNT_RATE AS DECIMAL(18,4)) AS FX_EUR_TRANSACTIONAMOUNT_ACCOUNT_RATE, CAST( FX_EUR_TRANSACTIONAMOUNT_ACCOUNT AS DECIMAL(18,4) ) AS FX_EUR_TRANSACTIONAMOUNT_ACCOUNT, CAST( FX_GBP_TRANSACTIONAMOUNT_ACCOUNT_RATE AS DECIMAL(18,4) ) AS FX_GBP_TRANSACTIONAMOUNT_ACCOUNT_RATE, CAST( FX_GBP_TRANSACTIONAMOUNT_ACCOUNT AS DECIMAL(18,4) ) AS FX_GBP_TRANSACTIONAMOUNT_ACCOUNT, CAST( FX_CAD_TRANSACTIONAMOUNT_ACCOUNT_RATE AS DECIMAL(18,4) ) AS FX_CAD_TRANSACTIONAMOUNT_ACCOUNT_RATE, CAST( FX_CAD_TRANSACTIONAMOUNT_ACCOUNT AS DECIMAL(18,4) ) AS FX_CAD_TRANSACTIONAMOUNT_ACCOUNT, CAST(LOCALTOACCOUNTRATE AS DECIMAL(18,5)) AS LOCALTOACCOUNTRATE, O_LOCALCURRENCY AS LOCALCURRENCY, CAST(TRANSACTIONAMOUNT_LOCALCURRENCY AS DECIMAL(18,5)) AS TRANSACTIONAMOUNT_LOCALCURRENCY, CAST(SETTLEMENTTOLOCALRATE AS DECIMAL(18,5)) AS SETTLEMENTTOLOCALRATE, CAST(REVERSAL AS BIGINT) AS REVERSAL, ORIGINALREFERENCENUMBER, CAST(ACQUIRERREFERENCE AS DECIMAL(38, 0)) AS ACQUIRERREFERENCE, CAST(TRANSACTIONSOURCE AS BIGINT) AS TRANSACTIONSOURCE, CAST(TRANSACTIONDESTINATION AS BIGINT) AS TRANSACTIONDESTINATION, CAST(CARDFLAG AS BIGINT) AS CARDFLAG, DRCRINDICATOR, CAST(NUMBEROFSLIPS AS BIGINT) AS NUMBEROFSLIPS,  CAST(CARDORGANIZATION AS BIGINT) AS CARDORGANIZATION, FORWARDINGMEMBERID, PROCESSINGCLASS, TO_DATE(SETTLEMENTDATE, 'yyyy-MM-dd') AS SETTLEMENTDATE, CAST(CASHBACKAMOUNT AS DECIMAL(18,5)) AS CASHBACKAMOUNT, CAST(RECEIVINGMEMBERID AS BIGINT) AS RECEIVINGMEMBERID, RETRIEVALREFERENCE, TRACEID, CAST(CARDBRAND AS BIGINT) AS CARDBRAND, CAST(MERCHANTNUMBER AS BIGINT) AS MERCHANTNUMBER,  CAST(TERMINALID AS BIGINT) AS TERMINALID, FEERULE, CAST(RDRFLAG AS BIGINT) AS RDRFLAG FROM transaction WHERE ROWTYPE = '013'"
      },
      {
         "dataFrameName":"TXNMISCELLANEOUSTRANSACTIONS",
         "sql":"SELECT TO_DATE(FILEDATE, 'yyyy-MM-dd') AS FILEDATE, O_FILEDATE AS FILENAME ,  TO_DATE(RECORDDATE, 'yyyy-MM-dd') AS RECORDDATE, CAST(FILESEQUENCENUMBER AS BIGINT) AS FILESEQUENCENUMBER, TO_DATE(DATEOFEXTRACTION, 'yyyyMMdd') AS DATEOFEXTRACTION, CAST(INSTITUTIONNUMBER AS BIGINT) AS INSTITUTIONNUMBER,  CAST(SEQUENCE AS BIGINT) AS SEQUENCE,  CAST(TRANSACTIONSLIPNUMBER AS LONG) AS TRANSACTIONSLIPNUMBER,  CAST(SUMMARYSETTLEMENT AS LONG) AS SUMMARYSETTLEMENT,  CAST(NUMBERORIGINALSLIP AS LONG) AS NUMBERORIGINALSLIP, CAST(SOURCESETTLEMENT AS LONG) AS SOURCESETTLEMENT, CAST(CLIENTNUMBER AS BIGINT) AS CLIENTNUMBER, CAST(ACCOUNTNUMBER AS BIGINT) AS ACCOUNTNUMBER, CAST(GROUPNUMBER AS BIGINT) AS GROUPNUMBER, AUTHCODE, CAST(FILENUMBER AS BIGINT) AS FILENUMBER, TO_DATE(VALUEDATE, 'yyyy-MM-dd') AS VALUEDATE, CAST(TRANSACTIONSTATUS AS BIGINT) AS TRANSACTIONSTATUS, CAST(TRANSACTIONCLASS AS BIGINT) AS TRANSACTIONCLASS, CAST(TRANSACTIONCATEGORY AS BIGINT) AS TRANSACTIONCATEGORY, CAST(TRANSACTIONTYPE AS BIGINT) AS TRANSACTIONTYPE, CAST(INWARDFEENUMBER AS BIGINT) AS INWARDFEENUMBER, CAST(OUTWARDFEENUMBER AS BIGINT) AS OUTWARDFEENUMBER, O_TRANSACTIONCURRENCY AS TRANSACTIONCURRENCY, CAST( TRANSACTIONAMOUNT_PROCESSING AS DECIMAL(18, 4) ) AS TRANSACTIONAMOUNT_PROCESSING, CAST( FX_USD_TRANSACTIONAMOUNT_PROCESSING_RATE AS DECIMAL(18, 4) ) AS FX_USD_TRANSACTIONAMOUNT_PROCESSING_RATE, CAST( FX_USD_TRANSACTIONAMOUNT_PROCESSING AS DECIMAL(18, 4) ) AS FX_USD_TRANSACTIONAMOUNT_PROCESSING, CAST( FX_EUR_TRANSACTIONAMOUNT_PROCESSING_RATE AS DECIMAL(18, 4) ) AS FX_EUR_TRANSACTIONAMOUNT_PROCESSING_RATE, CAST( FX_EUR_TRANSACTIONAMOUNT_PROCESSING AS DECIMAL(18, 4) ) AS FX_EUR_TRANSACTIONAMOUNT_PROCESSING, CAST( FX_GBP_TRANSACTIONAMOUNT_PROCESSING_RATE AS DECIMAL(18, 4) ) AS FX_GBP_TRANSACTIONAMOUNT_PROCESSING_RATE, CAST( FX_GBP_TRANSACTIONAMOUNT_PROCESSING AS DECIMAL(18, 4) ) AS FX_GBP_TRANSACTIONAMOUNT_PROCESSING, CAST( FX_CAD_TRANSACTIONAMOUNT_PROCESSING_RATE AS DECIMAL(18, 4) ) AS FX_CAD_TRANSACTIONAMOUNT_PROCESSING_RATE, CAST( FX_CAD_TRANSACTIONAMOUNT_PROCESSING AS DECIMAL(18, 4) ) AS FX_CAD_TRANSACTIONAMOUNT_PROCESSING, O_SETTLEMENTCURRENCY AS SETTLEMENTCURRENCY, CAST( TRANSACTIONAMOUNT_SETTLEMENT AS DECIMAL(18,4) ) AS TRANSACTIONAMOUNT_SETTLEMENT, CAST( FX_USD_TRANSACTIONAMOUNT_SETTLEMENT_RATE AS DECIMAL(18,4) ) AS FX_USD_TRANSACTIONAMOUNT_SETTLEMENT_RATE, CAST( FX_USD_TRANSACTIONAMOUNT_SETTLEMENT AS DECIMAL(18,4)) AS FX_USD_TRANSACTIONAMOUNT_SETTLEMENT, CAST( FX_EUR_TRANSACTIONAMOUNT_SETTLEMENT_RATE AS DECIMAL(18,4)) AS FX_EUR_TRANSACTIONAMOUNT_SETTLEMENT_RATE, CAST( FX_EUR_TRANSACTIONAMOUNT_SETTLEMENT AS DECIMAL(18,4) ) AS FX_EUR_TRANSACTIONAMOUNT_SETTLEMENT, CAST( FX_GBP_TRANSACTIONAMOUNT_SETTLEMENT_RATE AS DECIMAL(18,4) ) AS FX_GBP_TRANSACTIONAMOUNT_SETTLEMENT_RATE, CAST( FX_GBP_TRANSACTIONAMOUNT_SETTLEMENT AS DECIMAL(18,4) ) AS FX_GBP_TRANSACTIONAMOUNT_SETTLEMENT, CAST( FX_CAD_TRANSACTIONAMOUNT_SETTLEMENT_RATE AS DECIMAL(18,4) ) AS FX_CAD_TRANSACTIONAMOUNT_SETTLEMENT_RATE, CAST( FX_CAD_TRANSACTIONAMOUNT_SETTLEMENT AS DECIMAL(18,4) ) AS FX_CAD_TRANSACTIONAMOUNT_SETTLEMENT, O_ACCOUNTCURRENCY AS ACCOUNTCURRENCY, CAST( TRANSACTIONAMOUNT_ACCOUNT AS DECIMAL(18,4) ) AS TRANSACTIONAMOUNT_ACCOUNT, CAST( FX_USD_TRANSACTIONAMOUNT_ACCOUNT_RATE AS DECIMAL(18,4) ) AS FX_USD_TRANSACTIONAMOUNT_ACCOUNT_RATE, CAST( FX_USD_TRANSACTIONAMOUNT_ACCOUNT AS DECIMAL(18,4)) AS FX_USD_TRANSACTIONAMOUNT_ACCOUNT, CAST( FX_EUR_TRANSACTIONAMOUNT_ACCOUNT_RATE AS DECIMAL(18,4)) AS FX_EUR_TRANSACTIONAMOUNT_ACCOUNT_RATE, CAST( FX_EUR_TRANSACTIONAMOUNT_ACCOUNT AS DECIMAL(18,4) ) AS FX_EUR_TRANSACTIONAMOUNT_ACCOUNT, CAST( FX_GBP_TRANSACTIONAMOUNT_ACCOUNT_RATE AS DECIMAL(18,4) ) AS FX_GBP_TRANSACTIONAMOUNT_ACCOUNT_RATE, CAST( FX_GBP_TRANSACTIONAMOUNT_ACCOUNT AS DECIMAL(18,4) ) AS FX_GBP_TRANSACTIONAMOUNT_ACCOUNT, CAST( FX_CAD_TRANSACTIONAMOUNT_ACCOUNT_RATE AS DECIMAL(18,4) ) AS FX_CAD_TRANSACTIONAMOUNT_ACCOUNT_RATE, CAST( FX_CAD_TRANSACTIONAMOUNT_ACCOUNT AS DECIMAL(18,4) ) AS FX_CAD_TRANSACTIONAMOUNT_ACCOUNT,  CAST(REVERSAL AS BIGINT) AS REVERSAL, ORIGINALREFERENCENUMBER, CAST( ACQUIRERREFERENCE AS DECIMAL(38, 0) ) AS AQUIRERREFERENCE, CAST(TRANSACTIONSOURCE AS BIGINT) AS TRANSACTIONSOURCE, CAST(TRANSACTIONDESTINATION AS BIGINT) AS TRANSACTIONDESTINATION, CAST(CARDFLAG AS BIGINT) AS CARDFLAG, DRCRINDICATOR, CAST(LOCALTOACCOUNTRATE AS DECIMAL(18,5)) AS LOCALTOACCOUNTRATE, CAST(TRANSACTIONTOSETTLEMENTRATE AS DECIMAL(18,5)) AS TRANSACTIONTOSETTLEMENTRATE, O_LOCALCURRENCY AS LOCALCURRENCY, CAST(TRANSACTIONAMOUNT_LOCALCURRENCY AS DECIMAL(18,5)) AS TRANSACTIONAMOUNT_LOCALCURRENCY, CAST(SETTLEMENTTOLOCALRATE AS DECIMAL(18,5)) AS SETTLEMENTTOLOCALRATE, CAST(NUMBEROFSLIPS AS BIGINT) AS NUMBEROFSLIPS, CAST(CARDORGANIZATION AS BIGINT) AS CARDORGANIZATION, FORWARDINGMEMBERID, PROCESSINGCLASS, TO_DATE(SETTLEMENTDATE, 'yyyy-MM-dd') AS SETTLEMENTDATE, CAST(CASHBACKAMOUNT AS DECIMAL(18,5)) AS CASHBACKAMOUNT, CAST(RECEIVINGMEMBERID AS BIGINT) AS RECEIVINGMEMBERID, RETRIEVALREFERENCE, TRACEID, CAST(CARDBRAND AS BIGINT) AS CARDBRAND, CAST(MERCHANTNUMBER AS BIGINT) AS MERCHANTNUMBER,  CAST(TERMINALID AS BIGINT) AS TERMINALID, FEERULE  FROM transaction WHERE ROWTYPE = '100'"
      },
      {
         "dataFrameName": "TXNCOUNT",
         "sql" : "SELECT TO_DATE(FILEDATE, 'yyyy-MM-dd') AS FILEDATE, O_FILEDATE AS FILENAME, CAST(TRANSACTIONCOUNT AS BIGINT) AS TRANSACTIONCOUNT FROM transaction WHERE ROWTYPE = '900'"
      },
      {
         "dataFrameName":"METADATACOUNT",
         "sql":"select 'paymentProcessing_ukAcquiring_RS2_TRANSACTION' as CONFIGID,TO_DATE(FILEDATE,'yyyy-MM-dd') as FILEDATE, O_FILEDATE AS FILENAME ,cast(count(1) as int) as RAWCOUNT,cast( count(1) as int) as PROCESSEDCOUNT,'ukAcquiring' as BUSINESSUNIT, 'ACTIVE' as status, false as ISCONFORMEDENTRY, 'RS2DATAMODELING-LOAD-VERTICA' as USECASE,'VERTICA' as SOURCE,'GREY' as Zone  from transaction group by FILEDATE,O_FILEDATE"
      }
   ],
   "outputs":{
      "METADATACOUNT":{
         "vertica":{
            "schema":"ppbi",
            "table":"DATA_SINK_META_DATA_LOG",
            "mode":"Append"
         }
      },
      "TXNSUMMARY":{
         "vertica":{
            "schema":"ukAcquiringRS2",
            "table":"TXN_SUMMARY",
            "mode":"Append"
         }
      },
      "TXNTRANSACTIONS":{
         "vertica":{
            "schema":"ukAcquiringRS2",
            "table":"TXN_TRANSACTIONS",
            "mode":"Append"
         }
      },
      "TXNINTERCHANGEFEE":{
         "vertica":{
            "schema":"ukAcquiringRS2",
            "table":"TXN_INTERCHANGE_FEE",
            "mode":"Append"
         }
      },
      "TXNSCHEMEFEE":{
         "vertica":{
            "schema":"ukAcquiringRS2",
            "table":"TXN_SCHEME_FEE",
            "mode":"Append"
         }
      },
      "TXNMERCHANTFEE":{
         "vertica":{
            "schema":"ukAcquiringRS2",
            "table":"TXN_MERCHANT_FEE",
            "mode":"Append"
         }
      },
      "TXNSERVICEFEE":{
         "vertica":{
            "schema":"ukAcquiringRS2",
            "table":"TXN_SERVICE_FEE",
            "mode":"Append"
         }
      },
      "TXNPAYMENTSSUMMARY":{
         "vertica":{
            "schema":"ukAcquiringRS2",
            "table":"TXN_PAYMENTS_SUMMARY",
            "mode":"Append"
         }
      },
      "TXNPAYMENTS":{
         "vertica":{
            "schema":"ukAcquiringRS2",
            "table":"TXN_PAYMENTS",
            "mode":"Append"
         }
      },
      "TXNPAYMENTSFEE":{
         "vertica":{
            "schema":"ukAcquiringRS2",
            "table":"TXN_PAYMENTS_FEE",
            "mode":"Append"
         }
      },
      "TXNMISCELLANEOUSTRANSACTIONS":{
         "vertica":{
            "schema":"ukAcquiringRS2",
            "table":"TXN_MISCELLANEOUS_TRANSACTIONS",
            "mode":"Append"
         }
      },
      "TXNDISPUTESOURCESUMMARY":{
         "vertica":{
            "schema":"ukAcquiringRS2",
            "table":"TXN_DISPUTE_SOURCE_SUMMARY",
            "mode":"Append"
         }
      },
      "TXNDISPUTECLEARINGTRANSACTIONS":{
         "vertica":{
            "schema":"ukAcquiringRS2",
            "table":"TXN_DISPUTE_CLEARING_TRANSACTIONS",
            "mode":"Append"
         }
      },
      "TXNDISPUTESCHEMESETTLEMENT":{
         "vertica":{
            "schema":"ukAcquiringRS2",
            "table":"TXN_DISPUTE_SCHEME_SETTLEMENT",
            "mode":"Append"
         }
      },
      "TXNNONFINANCIALTRANSACTIONS":{
         "vertica":{
            "schema":"ukAcquiringRS2",
            "table":"TXN_NONFINANCIAL_TRANSACTIONS",
            "mode":"Append"
         }
      },
      "TXNCOUNT": {
         "vertica":{
            "schema":"ukAcquiringRS2",
            "table":"TXN_COUNT",
            "mode":"Append"
         }
      }
   },
   "explain":true,
   "showPreviewLines":42,
   "showQuery":true,
   "cacheOnPreview":true,
   "logLevel":"WARN",
   "cacheCountOnOutput":false,
   "continueOnFailedStep":false,
   "enableHiveSupport":false
}