{
  "configIds": [
    "paymentProcessing_ukAcquiring_RS2_MERCHANT",
    "paymentProcessing_ukAcquiring_RS2_SETUP",
    "paymentProcessing_ukAcquiring_RS2_TRANSACTION",
    "paymentProcessing_ukAcquiring_RS2_CHOICE"
  ],
  "window": 0,
  "OnboardedDate":"2021-05-01",
  "usecase": "RS2",
  "emailDetails": {
    "SENDER": "no-reply@udp-notifications.paysafe.com",
    "BUSINESSRECEIVER": "acquiringfinance@paysafe.com,reconciliation-sofia.acquiring@paysafe.com,appboardinguk@paysafe.com,udp.support@paysafe.com,AnalyseProduct@paysafe.com,hulk-team@paysafe.com,pp_sre@paysafe.com,Nicolas.Cabanas@Paysafe.com",
    "NONBUSINESSRECEIVER": "udp.support@paysafe.com",
    "CC": "",
    "BCC": "rocket-team@paysafe.com"
  }
}