{
    "appName": "refinitive_tic_data",
    "inputs": {
        "Refinitive_fileLoad": {
            "file_custom_minus_days": {
                "template": "s3://paysafe-unity-netbanx-mgr-245535966659-ca-central-1/fxhub-unity/refinitiv-forex/FILEDATE=%s/",
                "format": "csv",
                "options": {
                    "header": "true"
                },
                "minus_days": {
                    "format": "yyyy-MM-dd",
                    "noOfDays": 1
                },
                "cachedf": true
            }
        }
    },
    "connectionProperties": {
        "vertica": {
            "db": "verticadb",
            "secretType": "AWSSECRET",
            "secretKey": "ppbi_credentials",
            "host": "vertica.edl2.prod.paysafe.cloud"
        }
    },
    "stages": [{
            "dataFrameName": "Transformed_refinitiveDF",
            "sql": "Select `#RIC` as RIC, CASE WHEN LENGTH(`#RIC`) > 5 THEN SUBSTRING(`#RIC`,1,3) ELSE 'USD' END AS SourceCurrency, CASE WHEN LENGTH(`#RIC`)>5 THEN SUBSTRING(`#RIC`,4,3) ELSE `#RIC` END AS TargetCurrency, Domain,`Date-Time` as DateTime,`GMT Offset` as GMTOffset,Type, Open, High, Low, Last, Volume,`No. Trades` as NumberOfTrades,`Open Bid` as OpenBid, `High Bid` as HighBid, `Low Bid` as LowBid, `Close Bid` as CloseBid,`No. Bids` as NumberOfBids,`Open Ask` as OpenAsk, `High Ask` as HighAsk, `Low Ask` as LowAsk, `Close Ask` as CloseAsk, `No. Asks` as NumberOfAsks  from Refinitive_fileLoad"
        }, {
            "dataFrameName": "Metadatacount",
            "sql": "select  current_date() as updatedOn, count(1) as RecordsCount from Refinitive_fileLoad"
        }, {
            "dataFrameName": "Transformed_refinitiveDF_S3",
            "sql": "select *, current_date() as fileProcessedDate from Transformed_refinitiveDF"
        }
    ],
    "outputs": {
        "Transformed_refinitiveDF": {
            "vertica": {
                "schema": "transactions",
                "table": "fx_refinitiv_data",
                "mode": "Append"
            }
        },
        "Metadatacount": {
            "file": {
                "path": "s3://paysafe-unity-netbanx-mgr-245535966659-ca-central-1/ppbi-unity/Refinitive/metaData/",
                "saveMode": "Overwrite",
                "format": "parquet",
                "partitionBy": [
                    "updatedOn"
                ],
                "repartition": 1
            }
        },
        "Transformed_refinitiveDF_S3": {
            "file": {
                "path": "s3://paysafe-unity-netbanx-mgr-245535966659-ca-central-1/ppbi-unity/Refinitive/ticDailyProcessed/",
                "saveMode": "Overwrite",
                "repartition": 3,
                "options": {
                    "partitionOverwriteMode": "dynamic"
                },
                "format": "parquet",
                "partitionBy": [
                    "fileProcessedDate"
                ]
            }
        }
    },
    "explain": true,
    "showPreviewLines": 42,
    "showQuery": true,
    "cacheOnPreview": true,
    "logLevel": "INFO",
    "cacheCountOnOutput": false,
    "continueOnFailedStep": false,
    "enableHiveSupport": false
}
