[
    {
        "DBT_MODEL_NAME": "AccountStatement_daily",
        "DBT_VARIABLES": {
            "RUNDATE": "CURRENT_DATE - 1",
            "DBT_TABLE_NAME": "AccountStatement"
        },
        "DBT_MODEL_CRON": "30 14 * * *",
        "DBT_LOAD_TYPE": "LOAD",
        "DBT_PROFILE": "prep",
        "DBT_PUBLISH_EVENT": {
            "detail-type": "EC2_DBT_JOB",
            "source": "paysafe.unity.datasink",
            "account": "332318758586",
            "region": "ca-central-1",
            "detail": {
                "caller": "run_dbt_model_script_from_EC2",
                "zone": "grey",
                "environment": "prep",
                "modelname": "AccountStatement_daily",
                "jobType": "RS2_PRESENTATION_LOAD"
            }
        }
    },
    {
        "DBT_MODEL_NAME": "Payment_details_daily",
        "DBT_VARIABLES": {
            "RUNDATE": "CURRENT_DATE - 1",
            "DBT_TABLE_NAME": "Payment_details"
        },
        "DBT_MODEL_CRON": "35 15 * * *",
        "DBT_LOAD_TYPE": "LOAD",
        "DBT_PROFILE": "prep",
        "DBT_PUBLISH_EVENT": {
            "detail-type": "EC2_DBT_JOB",
            "source": "paysafe.unity.datasink",
            "account": "332318758586",
            "region": "ca-central-1",
            "detail": {
                "caller": "run_dbt_model_script_from_EC2",
                "zone": "grey",
                "environment": "prep",
                "modelname": "Payment_details_daily",
                "jobType": "RS2_PRESENTATION_LOAD"
            }
        }
    },
    {
        "DBT_MODEL_NAME": "AccountStatement_daily",
        "DBT_VARIABLES": {
            "RUNDATE": "CURRENT_DATE - 1",
            "DBT_TABLE_NAME": "RS2_ACCOUNT_STATEMENT"
        },
        "DBT_MODEL_CRON": "5 9 * * *",
        "DBT_LOAD_TYPE": "LOAD",
        "DBT_PROFILE": "prod",
        "DBT_PUBLISH_EVENT": {
            "detail-type": "EC2_DBT_JOB",
            "source": "paysafe.unity.datasink",
            "account": "245535966659",
            "region": "ca-central-1",
            "detail": {
                "caller": "run_dbt_model_script_from_EC2",
                "zone": "grey",
                "environment": "prod",
                "modelname": "AccountStatement_daily",
                "jobType": "RS2_PRESENTATION_LOAD"
            }
        }
    },
    {
        "DBT_MODEL_NAME": "Payment_details_daily",
        "DBT_VARIABLES": {
            "RUNDATE": "CURRENT_DATE - 1",
            "DBT_TABLE_NAME": "RS2_PAYMENT_DETAILS"
        },
        "DBT_MODEL_CRON": "30 9 * * *",
        "DBT_LOAD_TYPE": "LOAD",
        "DBT_PROFILE": "prod",
        "DBT_PUBLISH_EVENT": {
            "detail-type": "EC2_DBT_JOB",
            "source": "paysafe.unity.datasink",
            "account": "245535966659",
            "region": "ca-central-1",
            "detail": {
                "caller": "run_dbt_model_script_from_EC2",
                "zone": "grey",
                "environment": "prod",
                "modelname": "Payment_details_daily",
                "jobType": "RS2_PRESENTATION_LOAD"
            }
        }
    },
    {
        "DBT_MODEL_NAME": "PaymentRegister_daily",
        "DBT_VARIABLES": {
            "RUNDATE": "CURRENT_DATE - 1",
            "DBT_TABLE_NAME": "RS2_PAYMENT_REGISTER"
        },
        "DBT_MODEL_CRON": "5 10 * * *",
        "DBT_LOAD_TYPE": "LOAD",
        "DBT_PROFILE": "prod",
        "DBT_PUBLISH_EVENT": {
            "detail-type": "EC2_DBT_JOB",
            "source": "paysafe.unity.datasink",
            "account": "245535966659",
            "region": "ca-central-1",
            "detail": {
                "caller": "run_dbt_model_script_from_EC2",
                "zone": "grey",
                "environment": "prod",
                "modelname": "Payment_Register_daily",
                "jobType": "RS2_PRESENTATION_LOAD"
            }
        }
    }
]