{
  "DATE": "to_date($col,'yyyyMMdd')",
  "TIMESTAMP": "concat(to_date($col,'yyyyMMdd'),' ',$col)",
  "AMOUNT": "getDecimalSignAmount($col)",
  "AMOUNTFEESIGNED": "concat($col, cast(regexp_replace($col,'[^0-9.-]','') as decimal(18,4)))",
  "CARDNUMBERFIRST6": "BIN",
  "CARDNUMBERLAST4": "CARDLASTFOURDIGIT",
  "ISPANORPERSONALDATAYES": "case when $col = '##01##' then null else $col end",
  "ARNCLEARINGDATE": "case when length($col) != 23 then null else toJulianDate(substring($col,8,4),'yyyy-MM-dd') end",
  "COPYUDF":"$col",
  "MRCH_STMT_MTH": "getDateOfStatement($col, 'yyyyMMdd')",
  "JULIANDATE":"toJulianDate($col,'yyyy-MM-dd')"
}