{
   "appName":"paymentProcessing_usAcquiring_Deposits",
   "inputs":{
      "ACHDetailFile_TSYS_staging":{
         "fileCustom":{
            "path":"${PAYMENTPROCESSING_USACQUIRING_TSYS_ACHDETAIL}",
            "format":"parquet",
            "schemaPath":"s3://paysafe-unity-netbanx-mgr-${ACCOUNTID}-ca-central-1/pipeline-unity/schema/usAcquiring/paymentProcessing_usAcquiring_TSYS_ACHDETAIL_schema.json",
            "cachedf":true
         }
      },
      "DFM_LocationBankDepositsSummary013_North_staging":{
         "fileCustom":{
            "path":"${PAYMENTPROCESSING_USACQUIRING_FDR_DFM013LOCBANKDEPOSITSUM}",
            "format":"parquet",
            "schemaPath":"s3://paysafe-unity-netbanx-mgr-${ACCOUNTID}-ca-central-1/pipeline-unity/schema/usAcquiring/paymentProcessing_usAcquiring_FDR_DFM013LOCBANKDEPOSITSUM_schema.json",
            "cachedf":true
         }
      },
      "SD077_Omaha_staging":{
         "fileCustom":{
            "path":"${PAYMENTPROCESSING_USACQUIRING_FDR_SD077DEPOSIT}",
            "format":"parquet",
            "schemaPath":"s3://paysafe-unity-netbanx-mgr-${ACCOUNTID}-ca-central-1/pipeline-unity/schema/usAcquiring/paymentProcessing_usAcquiring_FDR_SD077DEPOSIT_schema.json",
            "cachedf":true
         }
      },
      "ReportingChannels":{
         "file_custom_minus_days":{
            "template":"s3://paysafe-unity-uspp-data-${ACCOUNTID}-ca-central-1/conformed/ReportingChannelsHistory/FILEDATE=%s/",
            "format":"parquet",
            "minus_days":{
               "format":"yyyy-MM-dd",
               "noOfDays":0
            },
            "cachedf":true
         }
      }
   },
   "connectionProperties":{
      "vertica":{
         "db":"${PPBI_VERTICA_DB}",
         "secretType":"AWSSECRET",
         "secretKey":"${PPBI_VERTICA_SECRETKEY}",
         "host":"${PPBI_VERTICA_HOST}"
      }
   },
   "stages":[
      {
         "dataFrameName":"SD077_Omaha",
         "sql":"select TRANSMISSION_DATE ,case when trim(ACCOUNT_NUMBER)='' then null else ACCOUNT_NUMBER end as ACCOUNT_NUMBER ,AMOUNT ,TRN_CDE ,TRACE_NUMBER ,TR_NUMBER ,DDA_GL_SAVINGS ,ID ,FC_DATE ,ENVELOPEFILEDATE,regexp_extract(input_file_name(), \".*FILENAME=(.*)/.*\") AS PaysafeTraceID  from SD077_Omaha_staging"
      },
      {
         "dataFrameName":"DFM_LocationBankDepositsSummary013_North",
         "sql":"select FUNDED_DATE  ,case when trim(LOCATION_ID) = '' then null else LOCATION_ID end as LOCATION_ID ,DEPOSITAMOUNTSIGNED ,DEPOSIT_AMOUNT_SIGN  ,ABA_NUMBER ,DDANUMBERLAST25PCT ,DDA_NUMBER ,ENVELOPEFILEDATE,regexp_extract(input_file_name(), \".*FILENAME=(.*)/.*\") AS PaysafeTraceID  from DFM_LocationBankDepositsSummary013_North_staging"
      },
      {
         "dataFrameName":"ACHDetailFile_TSYS",
         "sql":"select  EFFECTIVE_DATE ,  case when trim(ACCOUNT_NUMBER ) = '' then null else ACCOUNT_NUMBER end as ACCOUNT_NUMBER ,  AMOUNT ,  case when trim(DEBIT_OR_CREDIT_INDICATOR ) = '' then null else DEBIT_OR_CREDIT_INDICATOR end as DEBIT_OR_CREDIT_INDICATOR ,  case when trim(REFERENCE_NUMBER ) = '' then null else REFERENCE_NUMBER end as REFERENCE_NUMBER ,  case when trim(RECORD_SEQUENCE_NUMBER ) = '' then null else RECORD_SEQUENCE_NUMBER end as RECORD_SEQUENCE_NUMBER ,  case when trim(ROUTING_NUMBER ) = '' then null else ROUTING_NUMBER end as ROUTING_NUMBER ,  case when trim(DDANUMBERLAST25PCT ) = '' then null else DDANUMBERLAST25PCT end as DDANUMBERLAST25PCT ,  case when trim(DDA_NUMBER ) = '' then null else DDA_NUMBER end as DDA_NUMBER ,  case when trim(TRANSACTION_TYPES ) = '' then null else TRANSACTION_TYPES end as TRANSACTION_TYPES , ENVELOPEFILEDATE,regexp_extract(input_file_name(), \".*FILENAME=(.*)/.*\") AS PaysafeTraceID from ACHDetailFile_TSYS_staging"
      },
      {
         "dataFrameName":"FDR_Omaha_Staging",
         "sql":"SELECT TRANSMISSION_DATE AS ACH_Date, ACCOUNT_NUMBER AS MerchantNumber, CASE WHEN TRN_CDE IN('22', '32', '42') THEN CAST(0 AS DECIMAL(18, 4)) WHEN TRN_CDE IN('27', '37') THEN CAST(AMOUNT AS DECIMAL(18, 4)) ELSE NULL END AS WithdrawalAmt, CASE WHEN TRN_CDE IN('22', '32', '42') THEN CAST(AMOUNT AS DECIMAL(18, 4)) WHEN TRN_CDE IN('27', '37') THEN CAST(0 AS DECIMAL(18, 4)) ELSE NULL END AS DepositAmt, CASE WHEN TRN_CDE IN ('22', '32', '42') THEN 'C' WHEN TRN_CDE IN ('27', '37') THEN 'D' ELSE CAST(TRN_CDE AS VARCHAR(5)) END AS AmtDirection, TRACE_NUMBER AS TraceNumber, TR_NUMBER AS MerchantRouteNbr, '00000' AS MerchantAccountNbr, DDA_GL_SAVINGS AS MerchantAccountNbrHash, CAST(TRN_CDE AS LONG) AS TransactionCode, ID AS FileIdModifier, CAST(FC_DATE AS DATE) AS DateFileCreation, 'OMA' AS Processor, ENVELOPEFILEDATE AS PaysafeTraceDate, PaysafeTraceID AS PaysafeTraceID FROM SD077_Omaha Omaha WHERE AMOUNT IS NOT NULL AND ACCOUNT_NUMBER IS NOT NULL"
      },
      {
         "dataFrameName":"FDR_Omaha_Conformed",
         "sql":"select temp.* FROM FDR_Omaha_Staging temp INNER JOIN ReportingChannels rc ON ( LEFT(temp.MerchantNumber,15) = LEFT(rc.MerchantNumber,15) )"
      },
      {
         "dataFrameName":"TSYS_Staging",
         "sql":"SELECT EFFECTIVE_DATE AS ACH_Date, ACCOUNT_NUMBER AS MerchantNumber, SUM( CASE WHEN DEBIT_OR_CREDIT_INDICATOR = 'C' THEN 0 WHEN DEBIT_OR_CREDIT_INDICATOR = 'D' THEN ABS(AMOUNT) ELSE NULL END) AS WithdrawalAmt, SUM( CASE WHEN DEBIT_OR_CREDIT_INDICATOR = 'C' THEN ABS(AMOUNT) WHEN DEBIT_OR_CREDIT_INDICATOR = 'D' THEN 0 ELSE NULL END) AS DepositAmt, CASE WHEN DEBIT_OR_CREDIT_INDICATOR = 'C' THEN 'C' WHEN DEBIT_OR_CREDIT_INDICATOR = 'D' THEN 'D' ELSE LEFT(DEBIT_OR_CREDIT_INDICATOR, 2) END AS AmtDirection, CASE WHEN CAST(RIGHT(REFERENCE_NUMBER, 15) AS LONG) > 0 THEN RIGHT(REFERENCE_NUMBER, 15) WHEN CAST(RIGHT(REFERENCE_NUMBER, 15) AS LONG) = 0 THEN RECORD_SEQUENCE_NUMBER ELSE 'ERROR' END AS TraceNumber, ROUTING_NUMBER AS MerchantRouteNbr, RIGHT(DDANUMBERLAST25PCT, 5) AS MerchantAccountNbr, DDA_NUMBER AS MerchantAccountNbrHash, CAST(LEFT(TRANSACTION_TYPES, 3) AS LONG) AS TransactionCode, NULL AS FileIdModifier, NULL AS DateFileCreation, 'TSS' Processor, ENVELOPEFILEDATE AS PaysafeTraceDate, PaysafeTraceID AS PaysafeTraceID FROM ACHDetailFile_TSYS adf WHERE ROUTING_NUMBER IS NOT NULL AND EFFECTIVE_DATE IS NOT NULL AND AMOUNT IS NOT NULL AND ACCOUNT_NUMBER IS NOT NULL GROUP BY EFFECTIVE_DATE , ACCOUNT_NUMBER , CASE WHEN DEBIT_OR_CREDIT_INDICATOR = 'C' THEN 'C' WHEN DEBIT_OR_CREDIT_INDICATOR = 'D' THEN 'D' ELSE LEFT(DEBIT_OR_CREDIT_INDICATOR, 2) END, CASE WHEN CAST(RIGHT(REFERENCE_NUMBER, 15) AS LONG) > 0 THEN RIGHT(REFERENCE_NUMBER, 15) WHEN CAST(RIGHT(REFERENCE_NUMBER, 15) AS LONG) = 0 THEN RECORD_SEQUENCE_NUMBER ELSE 'ERROR' END , ROUTING_NUMBER , RIGHT(DDANUMBERLAST25PCT, 5) , DDA_NUMBER , LEFT(TRANSACTION_TYPES, 3), ENVELOPEFILEDATE, PaysafeTraceID"
      },
      {
         "dataFrameName":"TSYS_Conformed",
         "sql":"select temp.* FROM TSYS_Staging temp INNER JOIN ReportingChannels rc ON ( temp.MerchantNumber = rc.MerchantNumber )"
      },
      {
         "dataFrameName":"FDR_North_Staging",
         "sql":"SELECT FUNDED_DATE AS ACH_Date, LOCATION_ID AS MerchantNumber, CASE WHEN DEPOSIT_AMOUNT_SIGN = '+' THEN 0 WHEN DEPOSIT_AMOUNT_SIGN = '-' THEN ABS(DEPOSITAMOUNTSIGNED) ELSE NULL END AS WithdrawalAmt, CASE WHEN DEPOSIT_AMOUNT_SIGN = '+' THEN ABS(DEPOSITAMOUNTSIGNED) WHEN DEPOSIT_AMOUNT_SIGN = '-' THEN 0 ELSE NULL END AS DepositAmt, CASE WHEN DEPOSIT_AMOUNT_SIGN = '+' THEN 'C' WHEN DEPOSIT_AMOUNT_SIGN = '-' THEN 'D' ELSE DEPOSIT_AMOUNT_SIGN END AS AmtDirection, LOCATION_ID AS TraceNumber, ABA_NUMBER AS MerchantRouteNbr, RIGHT(DDANUMBERLAST25PCT, 5) AS MerchantAccountNbr, DDA_NUMBER AS MerchantAccountNbrHash, NULL AS TransactionCode, NULL AS FileIdModifier, ENVELOPEFILEDATE AS DateFileCreation, 'NOR' AS Processor, ENVELOPEFILEDATE AS PaysafeTraceDate, PaysafeTraceID AS PaysafeTraceID FROM DFM_LocationBankDepositsSummary013_North nn WHERE LOCATION_ID IS NOT NULL AND DEPOSITAMOUNTSIGNED IS NOT NULL"
      },
      {
         "dataFrameName":"FDR_North_Conformed",
         "sql":"select temp.* FROM FDR_North_Staging temp INNER JOIN ReportingChannels rc ON ( temp.MerchantNumber = rc.MerchantNumber )"
      },
      {
         "dataFrameName":"Deposit",
         "sql":"select * from TSYS_Conformed UNION ALL select * from FDR_North_Conformed UNION ALL select * from FDR_Omaha_Conformed"
      },
      {
         "dataFrameName":"BIDeposit_s3",
         "sql":"select ACH_Date, MerchantNumber, WithdrawalAmt, DepositAmt, AmtDirection, TraceNumber, MerchantRouteNbr, MerchantAccountNbr, MerchantAccountNbrHash, TransactionCode, FileIdModifier, DateFileCreation, Processor, PaysafeTraceDate as filedate, PaysafeTraceID as filename from Deposit"
      },
      {
         "dataFrameName":"Metadatacount",
         "sql":"select 'paymentProcessing_usAcquiring_Deposits' as configid,PaysafeTraceDate as filedate, PaysafeTraceID as filename ,cast(count(1) as int) as RAWCOUNT,cast( count(1) as int) as PROCESSEDCOUNT,'usAcquiring' as BUSINESSUNIT, 'ACTIVE' as status, true as ISCONFORMEDENTRY,'PPBI-MERCHANTFUNDING-LOAD' as usecase,'S3' as SOURCE, 'BLUE' as Zone, current_timestamp() as UPDATEDON from Deposit group by PaysafeTraceID,PaysafeTraceDate"
      }
   ],
   "outputs":{
      "Metadatacount":{
         "file":{
            "path":"s3://paysafe-unity-vertica-external-tables-${EDL2ACCOUNTID}-ca-central-1/DATA_SINK_META_DATA_LOG/",
            "saveMode":"Append",
            "format":"parquet",
            "partitionBy":[
               "usecase",
               "configid"
            ],
            "repartition":1
         }
      },
      "BIDeposit_s3":{
         "file":{
            "path":"s3://paysafe-unity-uspp-data-${ACCOUNTID}-ca-central-1/conformed/MerchantFunding/",
            "saveMode":"Overwrite",
            "repartition": 3,
            "options":{
               "partitionOverwriteMode":"dynamic"
            },
            "format":"parquet",
            "partitionBy":[
               "filedate",
               "filename"
            ]
         }
      }
   },
   "explain":true,
   "showPreviewLines":42,
   "showQuery":true,
   "cacheOnPreview":true,
   "logLevel":"INFO",
   "cacheCountOnOutput":false,
   "continueOnFailedStep":false,
   "enableHiveSupport":true
}