{
  "appName": "MerchantDemographics_daily_update",
  "catalog": {
    "database": "BISME"
  },
  "inputs": {
    "MerchantDemographics": {
      "file_date_duration": {
        "template": "s3://paysafe-unity-uspp-data-452253236614-ca-central-1/conformed/MerchantDemographicsHistory/todaydate=%s/",
        "duration": {
          "skipSunday": false,
          "skipSaturday": false,
          "to": 0,
          "from": 0,
          "format": "yyyy-MM-dd"
        },
        "format": "parquet",
        "cachedf": true
      }
    }
  },
  "connectionProperties": {
    "vertica": {
      "db": "verticadb",
      "secretType": "AWSSECRET",
      "secretKey": "ppbi_credentials",
      "host": "vertica.edl2.prod.paysafe.cloud"
    }
  },
  "stages": [
    {
      "sql": " SELECT merchantnumber, billingprogram, isopen, opendate, closedate, sponsorbank, clearingplatform, dba, discountmethod, openyearmonth, closeyearmonth, hasbillingorvolume, isnonprofit, mcc, closecode, locationaddresspart, locationcity, locationstate, locationzip, locationcountry, locationphonelast4, ownernamelast25pct, emailfirst25pct, corptaxidlast25pct, ownertaxidlast4, legalbusinessname, corptaxidfingerprint, ownertaxidfingerprint, emailfingerprint from MerchantDemographics",
      "dataFrameName": "MerchantDemographicsDaily_Final"
    },
    {
      "sql": " SELECT MerchantNumber, BillingProgram, isOpen, OpenDate, CloseDate, SponsorBank, ClearingPlatform, DBA, DiscountMethod, OpenYearMonth, CloseYearMonth, hasBillingOrVolume, isNonProfit, MCC, CloseCode, LocationAddressPart, LocationCity, LocationState, LocationZIP, LocationCountry, LocationPhoneLast4, OwnerNameLast25Pct, EmailFirst25Pct, CorpTaxIDLast25Pct, OwnerTaxIDLast4, LegalBusinessName, CorpTaxIDFingerprint, OwnerTaxIDFingerprint, EmailFingerprint FROM MerchantDemographicsDaily_Final",
      "dataFrameName": "MerchantDemographicsDaily_BI"
    },
    {
      "sql": " SELECT MerchantNumber, BillingProgram, isOpen, OpenDate, CloseDate, SponsorBank, ClearingPlatform, DBA, DiscountMethod, OpenYearMonth, CloseYearMonth, hasBillingOrVolume, isNonProfit, MCC, CloseCode, LocationAddressPart, LocationCity, LocationState, LocationZIP, LocationCountry, LocationPhoneLast4, OwnerNameLast25Pct, EmailFirst25Pct, CorpTaxIDLast25Pct, OwnerTaxIDLast4, LegalBusinessName, CorpTaxIDFingerprint, OwnerTaxIDFingerprint, EmailFingerprint FROM MerchantDemographicsDaily_Final",
      "dataFrameName": "MerchantDemographicsDaily_MCRM"
    }
  ],
  "outputs": {
    "MerchantDemographicsDaily_BI": {
      "file": {
        "path": "s3://paysafe-unity-uspp-data-452253236614-ca-central-1/conformed/MerchantDemographics/",
        "saveMode": "Overwrite",
        "format": "parquet",
        "repartition": 3
      }
    },
    "MerchantDemographicsDaily_MCRM": {
      "file": {
        "path": "s3://paysafe-unity-uspp-data-452253236614-ca-central-1/mcrm/MerchantDemographics/",
        "saveMode": "Overwrite",
        "format": "parquet",
        "repartition": 3
      }
    }
  },
  "explain": false,
  "showPreviewLines": 5,
  "showQuery": true,
  "cacheOnPreview": true,
  "logLevel": "ERROR",
  "cacheCountOnOutput": false,
  "continueOnFailedStep": false,
  "enableHiveSupport": false
}