{
   "appName":"BI_TransactionsSummaryCardDaily_Prod_Fullload",
   "inputs":{
      "DailyDetailFile_TSYS":{
         "fileCustom":{
            "path":"s3://paysafe-unity-netbanx-mgr-452253236614-ca-central-1/ppbi-unity/output/paymentProcessing_usAcquiring_TSYS_DDF/",
            "format":"parquet",
            "schemaPath":"s3://paysafe-unity-netbanx-mgr-452253236614-ca-central-1/pipeline-unity/schema/usAcquiring/paymentProcessing_usAcquiring_TSYS_DDF.json",
            "cachedf":true
         }
      },
      "DFM_CreditDetailNonFunded004_North":{
         "fileCustom":{
            "path":"s3://paysafe-unity-netbanx-mgr-452253236614-ca-central-1/ppbi-unity/output/paymentProcessing_usAcquiring_FDR_DFM004CREDITNONFUNDED",
            "format":"parquet",
            "schemaPath":"s3://paysafe-unity-netbanx-mgr-452253236614-ca-central-1/pipeline-unity/schema/usAcquiring/paymentProcessing_usAcquiring_FDR_DFM004CREDITNONFUNDED.json",
            "cachedf":true
         }
      },
      "DFM_DebitDetail005_North":{
         "fileCustom":{
            "path":"s3://paysafe-unity-netbanx-mgr-452253236614-ca-central-1/ppbi-unity/output/paymentProcessing_usAcquiring_FDR_DFM005DEBIT",
            "format":"parquet",
            "schemaPath":"s3://paysafe-unity-netbanx-mgr-452253236614-ca-central-1/pipeline-unity/schema/usAcquiring/paymentProcessing_usAcquiring_FDR_DFM005DEBIT.json",
            "cachedf":true
         }
      },
      "DFM_CreditDetailFunded003_North":{
         "fileCustom":{
            "path":"s3://paysafe-unity-netbanx-mgr-452253236614-ca-central-1/ppbi-unity/output/paymentProcessing_usAcquiring_FDR_DFM003CREDITFUNDED/",
            "format":"parquet",
            "schemaPath":"s3://paysafe-unity-netbanx-mgr-452253236614-ca-central-1/pipeline-unity/schema/usAcquiring/paymentProcessing_usAcquiring_FDR_DFM003CREDITFUNDED.json",
            "cachedf":true
         }
      },
      "FF152_Omaha":{
         "fileCustom":{
            "path":"s3://paysafe-unity-netbanx-mgr-452253236614-ca-central-1/ppbi-unity/output/paymentProcessing_usAcquiring_FDR_FF152/",
            "format":"parquet",
            "schemaPath":"s3://paysafe-unity-netbanx-mgr-452253236614-ca-central-1/pipeline-unity/schema/usAcquiring/paymentProcessing_usAcquiring_FDR_FF152.json",
            "cachedf":true
         }
      },
      "ReportingChannels":{
         "file":{
            "path":"s3://paysafe-unity-uspp-data-452253236614-ca-central-1/conformed/ReportingChannels/",
            "format":"parquet",
            "cachedf":true
         }
      }
   },
   "connectionProperties":{
      "vertica":{
         "db":"verticadb",
         "secretType":"AWSSECRET",
         "secretKey":"ppbi_credentials",
         "host":"10.72.12.108"
      }
   },
   "stages":[
      {
         "dataFrameName":"DailyDetailFile_TSYS_Staging",
         "sql":"SELECT DTCLEARINGDATEREFERENCENUMBER AS ClearingDate, ltrim( '0',BH_MERCHANT_ACCOUNT_NUMBER) AS MerchantNumber, CASE WHEN DT_CARD_TYPE_1 IN('VS', 'VD', 'VB', 'V$', 'VL') THEN 'VISA' WHEN DT_CARD_TYPE_1 IN ('MC', 'MD', 'MB', 'M$', 'ML') THEN 'MC' WHEN DT_CARD_TYPE_1 IN ('AM') THEN 'OPTB' WHEN DT_CARD_TYPE_1 IN ('DS', 'DD', 'DZ', 'DJ', 'D$') THEN 'DISC' WHEN DT_CARD_TYPE_1 IN ('EB') THEN 'EBT' WHEN DT_CARD_TYPE_1 = 'DB' AND LEFT(DT_NETWORK_IDENTIFIER_DEBIT, 2) = 'IL' THEN 'ITLK' WHEN DT_CARD_TYPE_1 = 'DB' AND LEFT(DT_NETWORK_IDENTIFIER_DEBIT, 2) = 'ME' THEN 'MAES' WHEN DT_CARD_TYPE_1 = 'DB' AND LEFT(DT_NETWORK_IDENTIFIER_DEBIT, 2) = 'XL' THEN 'ACCL' WHEN DT_CARD_TYPE_1 = 'DB' AND LEFT(DT_NETWORK_IDENTIFIER_DEBIT, 2) = 'PL' THEN 'PULS' WHEN DT_CARD_TYPE_1 = 'DB' AND LEFT(DT_NETWORK_IDENTIFIER_DEBIT, 2) = 'AF' THEN 'AFFN' WHEN DT_CARD_TYPE_1 = 'DB' AND LEFT(DT_NETWORK_IDENTIFIER_DEBIT, 2) = 'CU' THEN 'CU24' WHEN DT_CARD_TYPE_1 = 'DB' AND LEFT(DT_NETWORK_IDENTIFIER_DEBIT, 2) = 'HO' THEN 'STAR' WHEN DT_CARD_TYPE_1 = 'DB' AND LEFT(DT_NETWORK_IDENTIFIER_DEBIT, 2) = 'YN' THEN 'NYCE' WHEN DT_CARD_TYPE_1 = 'DB' AND LEFT(DT_NETWORK_IDENTIFIER_DEBIT, 2) = 'ST' THEN 'STAR' WHEN DT_CARD_TYPE_1 = 'DB' AND LEFT(DT_NETWORK_IDENTIFIER_DEBIT, 2) = 'SZ' THEN 'SHZM' WHEN DT_CARD_TYPE_1 = 'DB' AND LEFT(DT_NETWORK_IDENTIFIER_DEBIT, 2) = 'MA' THEN 'STAR' WHEN DT_CARD_TYPE_1 = 'DB' THEN 'GPIN' ELSE DT_CARD_TYPE_1 END AS CardSchemeCode, ENVELOPEFILEDATE AS PaysafeTraceDate, UNITYFILENAME AS PaysafeTraceID, SUM(CASE WHEN DT_TRANSACTION_CODE IN ('0101', '0102', '0330', '7056', '7061') THEN 1 WHEN DT_TRANSACTION_CODE IN ('0106', '0331', '7057') THEN 0 ELSE NULL END) AS SalesCount, SUM(CASE WHEN DT_TRANSACTION_CODE IN ('0101', '0102', '0330', '7056', '7061') THEN nvl(DT_TRANSACTION_AMOUNT, 0) WHEN DT_TRANSACTION_CODE IN ('0106', '0331', '7057') THEN 0 ELSE NULL END) AS SalesAmount, SUM(CASE WHEN DT_TRANSACTION_CODE IN ('0106', '0331', '7057') THEN 1 WHEN DT_TRANSACTION_CODE IN ('0101', '0102', '0330', '7056', '7061') THEN 0 ELSE NULL END) AS ReturnsCount, SUM(CASE WHEN DT_TRANSACTION_CODE IN ('0106', '0331', '7057') THEN nvl(DT_TRANSACTION_AMOUNT, 0) WHEN DT_TRANSACTION_CODE IN ('0101', '0102', '0330', '7056', '7061') THEN 0 ELSE NULL END) AS ReturnsAmount FROM DailyDetailFile_TSYS WHERE DTCLEARINGDATEREFERENCENUMBER IS NOT NULL AND BH_MERCHANT_ACCOUNT_NUMBER IS NOT NULL AND DT_TRANSACTION_CODE IN ('0101', '0102', '0330', '7056', '7061', '0106', '0331', '7057') GROUP BY DTCLEARINGDATEREFERENCENUMBER, ltrim( '0',BH_MERCHANT_ACCOUNT_NUMBER), CASE WHEN DT_CARD_TYPE_1 IN ('VS', 'VD', 'VB', 'V$', 'VL') THEN 'VISA' WHEN DT_CARD_TYPE_1 IN ('MC', 'MD', 'MB', 'M$', 'ML') THEN 'MC' WHEN DT_CARD_TYPE_1 IN ('AM') THEN 'OPTB' WHEN DT_CARD_TYPE_1 IN ('DS', 'DD', 'DZ', 'DJ', 'D$') THEN 'DISC' WHEN DT_CARD_TYPE_1 IN ('EB') THEN 'EBT' WHEN DT_CARD_TYPE_1 = 'DB' AND LEFT(DT_NETWORK_IDENTIFIER_DEBIT, 2) = 'IL' THEN 'ITLK' WHEN DT_CARD_TYPE_1 = 'DB' AND LEFT(DT_NETWORK_IDENTIFIER_DEBIT, 2) = 'ME' THEN 'MAES' WHEN DT_CARD_TYPE_1 = 'DB' AND LEFT(DT_NETWORK_IDENTIFIER_DEBIT, 2) = 'XL' THEN 'ACCL' WHEN DT_CARD_TYPE_1 = 'DB' AND LEFT(DT_NETWORK_IDENTIFIER_DEBIT, 2) = 'PL' THEN 'PULS' WHEN DT_CARD_TYPE_1 = 'DB' AND LEFT(DT_NETWORK_IDENTIFIER_DEBIT, 2) = 'AF' THEN 'AFFN' WHEN DT_CARD_TYPE_1 = 'DB' AND LEFT(DT_NETWORK_IDENTIFIER_DEBIT, 2) = 'CU' THEN 'CU24' WHEN DT_CARD_TYPE_1 = 'DB' AND LEFT(DT_NETWORK_IDENTIFIER_DEBIT, 2) = 'HO' THEN 'STAR' WHEN DT_CARD_TYPE_1 = 'DB' AND LEFT(DT_NETWORK_IDENTIFIER_DEBIT, 2) = 'YN' THEN 'NYCE' WHEN DT_CARD_TYPE_1 = 'DB' AND LEFT(DT_NETWORK_IDENTIFIER_DEBIT, 2) = 'ST' THEN 'STAR' WHEN DT_CARD_TYPE_1 = 'DB' AND LEFT(DT_NETWORK_IDENTIFIER_DEBIT, 2) = 'SZ' THEN 'SHZM' WHEN DT_CARD_TYPE_1 = 'DB' AND LEFT(DT_NETWORK_IDENTIFIER_DEBIT, 2) = 'MA' THEN 'STAR' WHEN DT_CARD_TYPE_1 = 'DB' THEN 'GPIN' ELSE DT_CARD_TYPE_1 END, ENVELOPEFILEDATE, UNITYFILENAME"
      },
      {
         "dataFrameName":"DFM_CreditDetailNonFunded004_North_Staging",
         "sql":"SELECT COALESCE(CLEARINGDATEREFERENCENUMBER, BATCH_DATE) ClearingDate, LOCATION_ID MerchantNumber, CASE WHEN CARD_TYPE IN('00003') THEN 'DNAQ' WHEN CARD_TYPE IN ('00006') THEN 'ESA' WHEN CARD_TYPE IN ('00030') THEN 'GC' WHEN CARD_TYPE IN ('00035') THEN 'WEX' ELSE CARD_TYPE END CardSchemeCode, ENVELOPEFILEDATE AS PaysafeTraceDate, UNITYFILENAME AS PaysafeTraceID, SUM(CASE WHEN TRANSACTION_TYPE IN ('5', '7') THEN 1 ELSE 0 END) SalesCount, SUM(CASE WHEN TRANSACTION_TYPE IN ('5', '7') THEN nvl(TRANSACTION_AMOUNT, 0) ELSE 0 END) SalesAmount, SUM(CASE WHEN TRANSACTION_TYPE IN ('6') THEN 1 ELSE 0 END) ReturnsCount, SUM(CASE WHEN TRANSACTION_TYPE IN ('6') THEN nvl(TRANSACTION_AMOUNT, 0) ELSE 0 END) ReturnsAmount FROM DFM_CreditDetailNonFunded004_North WHERE TRANSACTION_TYPE IN ('5', '7', '6') AND REJECT_INDICATOR <> 'Y' GROUP BY COALESCE(CLEARINGDATEREFERENCENUMBER, BATCH_DATE), LOCATION_ID, CASE WHEN CARD_TYPE IN ('00003') THEN 'DNAQ' WHEN CARD_TYPE IN ('00006') THEN 'ESA' WHEN CARD_TYPE IN ('00030') THEN 'GC' WHEN CARD_TYPE IN ('00035') THEN 'WEX' ELSE CARD_TYPE END , ENVELOPEFILEDATE, UNITYFILENAME"
      },
      {
         "dataFrameName":"DFM_CreditDetailFunded003_North_Staging",
         "sql":"SELECT COALESCE(CLEARINGDATEREFERENCENUMBER, BATCH_DATE) ClearingDate, LOCATION_ID MerchantNumber, CASE WHEN CARD_TYPE IN('003', '00002', '00079', '00080', '00081', '00082', '00083', '00084') THEN 'VISA' WHEN CARD_TYPE IN ('00001', '002') THEN 'MC' WHEN CARD_TYPE IN ('00003') THEN 'DISC' WHEN CARD_TYPE IN ('00018') THEN 'GPIN' WHEN CARD_TYPE IN ('00006') THEN 'ESA' WHEN CARD_TYPE IN ('00008') THEN 'OPTB' WHEN CARD_TYPE IN ('00035') THEN 'WEX' WHEN CARD_TYPE IN ('00027') THEN 'EBT' WHEN CARD_TYPE IN ('00010') THEN 'VOYG' ELSE CARD_TYPE END CardSchemeCode, ENVELOPEFILEDATE AS PaysafeTraceDate, UNITYFILENAME AS PaysafeTraceID, SUM(CASE WHEN TRANSACTION_TYPE IN ('5', '7') THEN 1 ELSE 0 END) SalesCount, SUM(CASE WHEN TRANSACTION_TYPE IN ('5', '7') THEN nvl(TRANSACTION_AMOUNT, 0) ELSE 0 END) SalesAmount, SUM(CASE WHEN TRANSACTION_TYPE IN ('6') THEN 1 ELSE 0 END) ReturnsCount, SUM(CASE WHEN TRANSACTION_TYPE IN ('6') THEN nvl(TRANSACTION_AMOUNT, 0) ELSE 0 END) ReturnsAmount FROM DFM_CreditDetailFunded003_North WHERE ( CARD_TYPE IN ('003', '00002', '00079', '00080', '00081', '00082', '00083', '00084') OR CARD_TYPE IN ('00001', '002') OR CARD_TYPE IN ('00003') OR CARD_TYPE IN ('00018') OR CARD_TYPE IN ('00006') OR CARD_TYPE IN ('00008') OR CARD_TYPE IN ('00035') OR CARD_TYPE IN ('00027')) AND TRANSACTION_TYPE IN ('5', '7', '6') AND REJECT_INDICATOR <> 'Y' GROUP BY COALESCE(CLEARINGDATEREFERENCENUMBER, BATCH_DATE), LOCATION_ID , CASE WHEN CARD_TYPE IN ('003', '00002', '00079', '00080', '00081', '00082', '00083', '00084') THEN 'VISA' WHEN CARD_TYPE IN ('00001', '002') THEN 'MC' WHEN CARD_TYPE IN ('00003') THEN 'DISC' WHEN CARD_TYPE IN ('00018') THEN 'GPIN' WHEN CARD_TYPE IN ('00006') THEN 'ESA' WHEN CARD_TYPE IN ('00008') THEN 'OPTB' WHEN CARD_TYPE IN ('00035') THEN 'WEX' WHEN CARD_TYPE IN ('00027') THEN 'EBT' WHEN CARD_TYPE IN ('00010') THEN 'VOYG' ELSE CARD_TYPE END, ENVELOPEFILEDATE, UNITYFILENAME"
      },
      {
         "dataFrameName":"DFM_DebitDetail005_North_Staging",
         "sql":"SELECT COALESCE(CLEARINGDATEREFERENCENUMBER, BATCH_DATE) ClearingDate, LOCATION_ID MerchantNumber, CASE WHEN CARD_TYPE = '00018' AND NETWORK_ID in('000020', '060141' , '755004' , '758000' , '758200' , '758300' , '758310' , '758320' , '758330' , '758600' , '006141' , '758050' , '003141' , '006541' , '758340' , '758360' , '758350' , '758370' , '030141' , '087000') THEN 'ACCL' WHEN CARD_TYPE = '00018' AND NETWORK_ID in('060034', '070000', '439000', '066000', '439402', '439400', '040000', '030034', '063000', '088000') THEN 'AFFN' WHEN CARD_TYPE = '00018' AND NETWORK_ID in ('000025', '060142', '712002', '030142', '062000', '032000') THEN 'AKOP' WHEN CARD_TYPE = '00018' AND NETWORK_ID in ('060030', '424000', '424300', '424400', '524001', '524301', '524302', '006030', '067000', '037000', '030030') THEN 'CU24' WHEN CARD_TYPE = '00018' AND NETWORK_ID in ( '070010', '040010') THEN 'CULI' WHEN CARD_TYPE = '00027' AND NETWORK_ID in ('222222', '060131', '960802', '826000', '076001', '076006', '825000') THEN 'EBT' WHEN CARD_TYPE = '00027' AND NETWORK_ID in ('870012', '890012', '870014', '890014', '870016', '890016', '870018', '890018', '870020', '890020', '809000', '870010', '890010', '801000', '870022', '890022', '870024', '890024', '870026', '890026', '803000', '870028', '890028', '870030', '890030', '870104', '890104', '870032', '890032', '870034', '890034', '870006', '890006', '870036', '890036', '870038', '890038', '870040', '890040', '870042', '890042', '870044', '890044', '870046', '890046', '870048', '890048', '870050', '890050', '870052', '890052', '870054', '890054', '870056', '890056', '870058', '890058', '870060', '890060', '870062', '890062', '870064', '890064', '870066', '890066', '870068', '890068', '870070', '890070', '870072', '890072', '805000', '870074', '890074', '870076', '890076', '870078', '890078', '870080', '890080', '870004', '890004', '870082', '890082', '870106', '890106', '870084', '890084', '870086', '890086', '811000', '807000', '870090', '890090', '870092', '890092', '870002', '890002', '870094', '890094', '870107', '890108', '870096', '890096', '870008', '890008', '870098', '890098', '870100', '890100', '870102', '890102') THEN 'EBTC' WHEN CARD_TYPE = '00027' AND NETWORK_ID in ( '870011', '890011', '870013', '890013', '870015', '890015', '870017', '890017', '870019', '890019', '808000', '870009', '890009', '800000', '870021', '890021', '870023', '890023', '870025', '890025', '802000', '870027', '890027', '870029', '890029', '870103', '890103', '870031', '890031', '870033', '890033', '870005', '890005', '870035', '890035', '870037', '890037', '870039', '890039', '870041', '890041', '870043', '890043', '870045', '890045', '870047', '890047', '870049', '890049', '870051', '890051', '870053', '890053', '870055', '890055', '870057', '890057', '870059', '890059', '870061', '890061', '870063', '890063', '870065', '890065', '870067', '890067', '870069', '890069', '870071', '890071', '804000', '870073', '890073', '870075', '890075', '870077', '890077', '870079', '890079', '870003', '890003', '870081', '890081', '999999', '870105', '890105', '870083', '890083', '870085', '890085', '810000', '806000', '870089', '890089', '870091', '890091', '870001', '890001', '870093', '890093', '870108', '890107', '870095', '890095', '870007', '890007', '870097', '890097', '870099', '890099', '870101', '890101') THEN 'EBTF' WHEN CARD_TYPE = '00018' AND NETWORK_ID in ('500001', '500002', '500000', '500003', '060008', '030008', '060039', '030039', '074000', '111111', '078500', '079500', '060200', '200000', '630002', '060041', '068000', '630004', '890000', '073366', '073466', '073333', '073444', '073111', '073222', '073000', '073999', '060000', '000010', '630003', '006037', '459000', '630001', '003001', '000011', '060143', '060207', '072500', '006048', '499000', '494000', '000030', '047000', '077000', '000000', '060093', '827000', '060094', '078000', '076005', '076002', '076003', '076004', '072000', '080000', '079000', '060150', '071000', '304000', '006026', '418000', '705002', '795002', '795008', '785002', '060045', '060043', '487000', '070051', '070050', '060205') THEN 'GPIN' WHEN CARD_TYPE = '00018' AND NETWORK_ID in ('060018', '060019', '073001', '073002') THEN 'IACT' WHEN CARD_TYPE = '00018' AND NETWORK_ID = '003127' THEN 'ILN' WHEN CARD_TYPE = '00018' AND NETWORK_ID in ('086000', '000003', '060005', '006005', '003005', '006127', '030005', '060127', '774002', '030127', '060002', '060122', '774006', '030122', '030002', '000004') THEN 'ITLK' WHEN CARD_TYPE = '00018' AND NETWORK_ID in ('060149', '065000', '006500', '003500', '035000', '034000', '064000') THEN 'JEAN' WHEN CARD_TYPE = '00018' AND NETWORK_ID in ( '085000', '000016', '060007', '773001', '773002', '069000', '060017', '060126', '075000', '030007', '030126', '031000', '061000') THEN 'MAES' WHEN CARD_TYPE = '00018' AND NETWORK_ID in ('082000', '000013', '060010', '003069', '006010', '003010', '030010', '060069', '720000', '720002', '006069', '030069') THEN 'NYCE' WHEN CARD_TYPE = '00018' AND NETWORK_ID in ('081000', '000017', '060011', '006511', '006559', '003559', '003511', '006011', '006059', '704006', '003011', '003059', '030011', '060059', '704002', '030059') THEN 'PULS' WHEN CARD_TYPE = '00018' AND NETWORK_ID in ('000028', '060013', '030013') THEN 'SHZM' WHEN CARD_TYPE = '00018' AND NETWORK_ID in ( '083000', '084000', '060035', '006035', '003035', '030035', '060006', '006006', '003006', '030006', '060125', '772002', '006125', '030125', '060003', '006003', '003003', '030003', '060055', '702002', '006055', '030055', '060004', '006004', '003004', '030004', '060124', '766002', '030124', '006124', '060099', '003125', '003055', '003124') THEN 'STAR' WHEN CARD_TYPE = '00027' THEN 'EBT' WHEN CARD_TYPE = '00050' THEN 'GPIN' ELSE CARD_TYPE END CardSchemeCode, ENVELOPEFILEDATE AS PaysafeTraceDate, UNITYFILENAME AS PaysafeTraceID, SUM(CASE WHEN TRANSACTION_TYPE = '5' THEN 1 ELSE 0 END) SalesCount, SUM(CASE WHEN TRANSACTION_TYPE = '5' THEN nvl(TRANSACTION_AMOUNT, 0) ELSE 0 END) SalesAmount, SUM(CASE WHEN TRANSACTION_TYPE = '6' THEN 1 ELSE 0 END) ReturnsCount, SUM(CASE WHEN TRANSACTION_TYPE = '6' THEN nvl(TRANSACTION_AMOUNT, 0) ELSE 0 END) ReturnsAmount FROM DFM_DebitDetail005_North WHERE TRANSACTION_TYPE IN ('5', '6') AND REJECT_INDICATOR <> 'Y' GROUP BY COALESCE(CLEARINGDATEREFERENCENUMBER, BATCH_DATE), LOCATION_ID, CASE WHEN CARD_TYPE = '00018' AND NETWORK_ID in ('000020', '060141' , '755004' , '758000' , '758200' , '758300' , '758310' , '758320' , '758330' , '758600' , '006141' , '758050' , '003141' , '006541' , '758340' , '758360' , '758350' , '758370' , '030141' , '087000') THEN 'ACCL' WHEN CARD_TYPE = '00018' AND NETWORK_ID in ('060034', '070000', '439000', '066000', '439402', '439400', '040000', '030034', '063000', '088000') THEN 'AFFN' WHEN CARD_TYPE = '00018' AND NETWORK_ID in ('000025', '060142', '712002', '030142', '062000', '032000') THEN 'AKOP' WHEN CARD_TYPE = '00018' AND NETWORK_ID in ('060030', '424000', '424300', '424400', '524001', '524301', '524302', '006030', '067000', '037000', '030030') THEN 'CU24' WHEN CARD_TYPE = '00018' AND NETWORK_ID in ( '070010', '040010') THEN 'CULI' WHEN CARD_TYPE = '00027' AND NETWORK_ID in ('222222', '060131', '960802', '826000', '076001', '076006', '825000') THEN 'EBT' WHEN CARD_TYPE = '00027' AND NETWORK_ID in ('870012', '890012', '870014', '890014', '870016', '890016', '870018', '890018', '870020', '890020', '809000', '870010', '890010', '801000', '870022', '890022', '870024', '890024', '870026', '890026', '803000', '870028', '890028', '870030', '890030', '870104', '890104', '870032', '890032', '870034', '890034', '870006', '890006', '870036', '890036', '870038', '890038', '870040', '890040', '870042', '890042', '870044', '890044', '870046', '890046', '870048', '890048', '870050', '890050', '870052', '890052', '870054', '890054', '870056', '890056', '870058', '890058', '870060', '890060', '870062', '890062', '870064', '890064', '870066', '890066', '870068', '890068', '870070', '890070', '870072', '890072', '805000', '870074', '890074', '870076', '890076', '870078', '890078', '870080', '890080', '870004', '890004', '870082', '890082', '870106', '890106', '870084', '890084', '870086', '890086', '811000', '807000', '870090', '890090', '870092', '890092', '870002', '890002', '870094', '890094', '870107', '890108', '870096', '890096', '870008', '890008', '870098', '890098', '870100', '890100', '870102', '890102') THEN 'EBTC' WHEN CARD_TYPE = '00027' AND NETWORK_ID in ( '870011', '890011', '870013', '890013', '870015', '890015', '870017', '890017', '870019', '890019', '808000', '870009', '890009', '800000', '870021', '890021', '870023', '890023', '870025', '890025', '802000', '870027', '890027', '870029', '890029', '870103', '890103', '870031', '890031', '870033', '890033', '870005', '890005', '870035', '890035', '870037', '890037', '870039', '890039', '870041', '890041', '870043', '890043', '870045', '890045', '870047', '890047', '870049', '890049', '870051', '890051', '870053', '890053', '870055', '890055', '870057', '890057', '870059', '890059', '870061', '890061', '870063', '890063', '870065', '890065', '870067', '890067', '870069', '890069', '870071', '890071', '804000', '870073', '890073', '870075', '890075', '870077', '890077', '870079', '890079', '870003', '890003', '870081', '890081', '999999', '870105', '890105', '870083', '890083', '870085', '890085', '810000', '806000', '870089', '890089', '870091', '890091', '870001', '890001', '870093', '890093', '870108', '890107', '870095', '890095', '870007', '890007', '870097', '890097', '870099', '890099', '870101', '890101') THEN 'EBTF' WHEN CARD_TYPE = '00018' AND NETWORK_ID in ('500001', '500002', '500000', '500003', '060008', '030008', '060039', '030039', '074000', '111111', '078500', '079500', '060200', '200000', '630002', '060041', '068000', '630004', '890000', '073366', '073466', '073333', '073444', '073111', '073222', '073000', '073999', '060000', '000010', '630003', '006037', '459000', '630001', '003001', '000011', '060143', '060207', '072500', '006048', '499000', '494000', '000030', '047000', '077000', '000000', '060093', '827000', '060094', '078000', '076005', '076002', '076003', '076004', '072000', '080000', '079000', '060150', '071000', '304000', '006026', '418000', '705002', '795002', '795008', '785002', '060045', '060043', '487000', '070051', '070050', '060205') THEN 'GPIN' WHEN CARD_TYPE = '00018' AND NETWORK_ID in ('060018', '060019', '073001', '073002') THEN 'IACT' WHEN CARD_TYPE = '00018' AND NETWORK_ID = '003127' THEN 'ILN' WHEN CARD_TYPE = '00018' AND NETWORK_ID in ('086000', '000003', '060005', '006005', '003005', '006127', '030005', '060127', '774002', '030127', '060002', '060122', '774006', '030122', '030002', '000004') THEN 'ITLK' WHEN CARD_TYPE = '00018' AND NETWORK_ID in ('060149', '065000', '006500', '003500', '035000', '034000', '064000') THEN 'JEAN' WHEN CARD_TYPE = '00018' AND NETWORK_ID in ( '085000', '000016', '060007', '773001', '773002', '069000', '060017', '060126', '075000', '030007', '030126', '031000', '061000') THEN 'MAES' WHEN CARD_TYPE = '00018' AND NETWORK_ID in ('082000', '000013', '060010', '003069', '006010', '003010', '030010', '060069', '720000', '720002', '006069', '030069') THEN 'NYCE' WHEN CARD_TYPE = '00018' AND NETWORK_ID in ('081000', '000017', '060011', '006511', '006559', '003559', '003511', '006011', '006059', '704006', '003011', '003059', '030011', '060059', '704002', '030059') THEN 'PULS' WHEN CARD_TYPE = '00018' AND NETWORK_ID in ('000028', '060013', '030013') THEN 'SHZM' WHEN CARD_TYPE = '00018' AND NETWORK_ID in ('083000', '084000', '060035', '006035', '003035', '030035', '060006', '006006', '003006', '030006', '060125', '772002', '006125', '030125', '060003', '006003', '003003', '030003', '060055', '702002', '006055', '030055', '060004', '006004', '003004', '030004', '060124', '766002', '030124', '006124', '060099', '003125', '003055', '003124') THEN 'STAR' WHEN CARD_TYPE = '00027' THEN 'EBT' WHEN CARD_TYPE = '00050' THEN 'GPIN' ELSE CARD_TYPE END, ENVELOPEFILEDATE, UNITYFILENAME"
      },
      {
         "dataFrameName":"FF152_Omaha_Staging",
         "sql":"SELECT COALESCE(CLEARINGDATEREFRNR, DATE_POST) ClearingDate, MRCH_NO MerchantNumber, CASE WHEN CARD_TYPE IN('4') THEN 'VISA' WHEN CARD_TYPE IN ('1') THEN 'MC' WHEN CARD_TYPE IN ('3') THEN 'ESA' WHEN CARD_TYPE IN ('6') THEN 'DNAQ' WHEN CARD_TYPE IN ('7') THEN 'JCB' WHEN CARD_TYPE IN ('12') THEN 'GPIN' WHEN CARD_TYPE IN ('13') THEN 'STAR' WHEN CARD_TYPE IN ('14') THEN 'MAES' WHEN CARD_TYPE IN ('15') THEN 'ITLK' WHEN CARD_TYPE IN ('16') THEN 'NYCE' WHEN CARD_TYPE IN ('17') THEN 'SHZM' WHEN CARD_TYPE IN ('18') THEN 'STAR' WHEN CARD_TYPE IN ('21') THEN 'STAR' WHEN CARD_TYPE IN ('22') THEN 'EBT' WHEN CARD_TYPE IN ('23') THEN 'PULS' WHEN CARD_TYPE IN ('24') THEN 'ACCL' WHEN CARD_TYPE IN ('25') THEN 'CU24' WHEN CARD_TYPE IN ('26') THEN 'AFFN' WHEN CARD_TYPE IN ('27') THEN 'AKOP' WHEN CARD_TYPE IN ('28') THEN 'EBTF' WHEN CARD_TYPE IN ('29') THEN 'JEAN' WHEN CARD_TYPE IN ('30') THEN 'EBTC' WHEN CARD_TYPE IN ('43') THEN 'OPTB' WHEN CARD_TYPE IN ('50') THEN 'WEX' WHEN CARD_TYPE IN ('57') THEN 'VOYG' WHEN CARD_TYPE IN ('61') THEN 'DISC' WHEN CARD_TYPE IN ('63') THEN 'ONE' ELSE CARD_TYPE END CardSchemeCode, ENVELOPEFILEDATE AS PaysafeTraceDate, UNITYFILENAME AS PaysafeTraceID, SUM(CASE WHEN TRAN_CODE IN ('253', '254') THEN 1 ELSE 0 END) SalesCount, SUM(CASE WHEN TRAN_CODE IN ('253', '254') THEN nvl(TRAN_AMT,0) ELSE 0 END) SalesAmount, SUM(CASE WHEN TRAN_CODE IN ('255') THEN 1 ELSE 0 END) ReturnsCount, SUM(CASE WHEN TRAN_CODE IN ('255') THEN nvl(TRAN_AMT,0) ELSE 0 END) ReturnsAmount FROM FF152_Omaha WHERE CARD_TYPE IN ('4', '1', '3', '6', '7', '12', '13', '14', '15', '16', '17', '18', '21', '22', '23', '24', '25', '26', '27', '28', '29', '30', '43', '50', '57', '61', '63') AND TRAN_CODE IN ('253', '254', '255') GROUP BY COALESCE(CLEARINGDATEREFRNR, DATE_POST), MRCH_NO, CASE WHEN CARD_TYPE IN ('4') THEN 'VISA' WHEN CARD_TYPE IN ('1') THEN 'MC' WHEN CARD_TYPE IN ('3') THEN 'ESA' WHEN CARD_TYPE IN ('6') THEN 'DNAQ' WHEN CARD_TYPE IN ('7') THEN 'JCB' WHEN CARD_TYPE IN ('12') THEN 'GPIN' WHEN CARD_TYPE IN ('13') THEN 'STAR' WHEN CARD_TYPE IN ('14') THEN 'MAES' WHEN CARD_TYPE IN ('15') THEN 'ITLK' WHEN CARD_TYPE IN ('16') THEN 'NYCE' WHEN CARD_TYPE IN ('17') THEN 'SHZM' WHEN CARD_TYPE IN ('18') THEN 'STAR' WHEN CARD_TYPE IN ('21') THEN 'STAR' WHEN CARD_TYPE IN ('22') THEN 'EBT' WHEN CARD_TYPE IN ('23') THEN 'PULS' WHEN CARD_TYPE IN ('24') THEN 'ACCL' WHEN CARD_TYPE IN ('25') THEN 'CU24' WHEN CARD_TYPE IN ('26') THEN 'AFFN' WHEN CARD_TYPE IN ('27') THEN 'AKOP' WHEN CARD_TYPE IN ('28') THEN 'EBTF' WHEN CARD_TYPE IN ('29') THEN 'JEAN' WHEN CARD_TYPE IN ('30') THEN 'EBTC' WHEN CARD_TYPE IN ('43') THEN 'OPTB' WHEN CARD_TYPE IN ('50') THEN 'WEX' WHEN CARD_TYPE IN ('57') THEN 'VOYG' WHEN CARD_TYPE IN ('61') THEN 'DISC' WHEN CARD_TYPE IN ('63') THEN 'ONE' ELSE CARD_TYPE END, ENVELOPEFILEDATE , UNITYFILENAME"
      },
      {
         "dataFrameName":"DailyDetailFile_TSYS_Conformed",
         "sql":"select temp.*,'TSS' as Processor FROM DailyDetailFile_TSYS_Staging temp INNER JOIN ReportingChannels rc ON ( temp.MerchantNumber = rc.MerchantNumber )"
      },
      {
         "dataFrameName":"DFM_CreditDetailNonFunded004_North_Conformed",
         "sql":"select temp.*,'NOR' as Processor FROM DFM_CreditDetailNonFunded004_North_Staging temp INNER JOIN ReportingChannels rc ON ( temp.MerchantNumber = rc.MerchantNumber )"
      },
      {
         "dataFrameName":"DFM_CreditDetailFunded003_North_Conformed",
         "sql":"select temp.*,'NOR' as Processor FROM DFM_CreditDetailFunded003_North_Staging temp INNER JOIN ReportingChannels rc ON ( temp.MerchantNumber = rc.MerchantNumber )"
      },
      {
         "dataFrameName":"DFM_DebitDetail005_North_Conformed",
         "sql":"select temp.*,'NOR' as Processor FROM DFM_DebitDetail005_North_Staging temp INNER JOIN ReportingChannels rc ON ( temp.MerchantNumber = rc.MerchantNumber )"
      },
      {
         "dataFrameName":"FF152_Omaha_Conformed",
         "sql":"select temp.*,'OMA' as Processor FROM FF152_Omaha_Staging temp INNER JOIN ReportingChannels rc ON ( LEFT(temp.MerchantNumber,15) = LEFT(rc.MerchantNumber,15) )"
      },
      {
         "dataFrameName":"TransactionsSummaryCardDaily",
         "sql":"SELECT temp.ClearingDate, temp.MerchantNumber, temp.CardSchemeCode, SUM(nvl(temp.SalesCount, 0)) AS SalesCount, SUM(nvl(temp.SalesAmount, 0)) As SalesAmount, SUM(nvl(temp.ReturnsCount, 0)) As ReturnsCount, SUM(nvl(temp.ReturnsAmount, 0)) As ReturnsAmount, temp.PaysafeTraceDate, temp.PaysafeTraceID ,temp.Processor FROM( select * from DailyDetailFile_TSYS_Conformed UNION ALL select * from DFM_CreditDetailNonFunded004_North_Conformed UNION ALL select * from DFM_CreditDetailFunded003_North_Conformed UNION ALL select * from DFM_DebitDetail005_North_Conformed UNION ALL select * from FF152_Omaha_Conformed) temp GROUP BY temp.ClearingDate, temp.MerchantNumber, temp.CardSchemeCode, temp.PaysafeTraceDate, temp.PaysafeTraceID,temp.Processor HAVING SUM(nvl(temp.SalesCount, 0)) != 0 OR SUM(nvl(temp.SalesAmount, 0)) != 0 OR SUM(nvl(temp.ReturnsCount, 0)) != 0 OR SUM(nvl(temp.ReturnsAmount, 0)) != 0 ORDER BY temp.ClearingDate, temp.MerchantNumber, temp.CardSchemeCode"
      },
      {
         "dataFrameName":"BITransactionsSummaryCardDaily_s3",
         "sql":"SELECT ClearingDate, MerchantNumber, CardSchemeCode,SalesCount, SalesAmount, ReturnsCount, ReturnsAmount,Processor, PaysafeTraceDate as filedate, PaysafeTraceID as filename FROM TransactionsSummaryCardDaily"
      },
      {
         "dataFrameName":"Metadatacount",
         "sql":"select 'paymentProcessing_usAcquiring_TransactionsSummaryCardDaily' as configid,PaysafeTraceDate as FILEDATE,PaysafeTraceID  AS FILENAME ,cast(count(1) as int) as RAWCOUNT,cast( count(1) as int) as PROCESSEDCOUNT,'usAcquiring' as BUSINESSUNIT, 'ACTIVE' as status, TRUE AS ISCONFORMEDENTRY,'PPBI-TRANSACTIONSSUMMARYCARDDAILY-LOAD' as usecase,'S3' as SOURCE, 'BLUE' as Zone, current_timestamp() as UPDATEDON from TransactionsSummaryCardDaily group by PaysafeTraceID,PaysafeTraceDate"
      }
   ],
   "outputs":{
      "Metadatacount":{
         "file":{
            "path":"s3://paysafe-unity-vertica-external-tables-245535966659-ca-central-1/DATA_SINK_META_DATA_LOG/",
            "saveMode":"Append",
            "format":"parquet",
            "partitionBy":[
               "usecase",
               "configid"
            ]
         }
      },
      "BITransactionsSummaryCardDaily_s3":{
         "hiveTable":{
            "path":"s3://paysafe-unity-uspp-data-452253236614-ca-central-1/conformed/TransactionsSummaryCardDaily/",
            "saveMode":"Overwrite",
            "repartition": 3,
            "options":{
               "partitionOverwriteMode":"dynamic"
            },
            "format":"parquet",
            "partitionBy":[
               "filedate",
               "filename"
            ],
            "hiveSchemaName":"BI",
            "hiveTableName":"TransactionsSummaryCardDaily"
         }
      }
   },
   "explain":true,
   "showPreviewLines":42,
   "showQuery":true,
   "cacheOnPreview":true,
   "logLevel":"INFO",
   "cacheCountOnOutput":false,
   "continueOnFailedStep":false,
   "enableHiveSupport":true
}