{
  "appName": "MerchantDemographicsMonthly",
  "inputs": {
    "MASSOFlat_ControlData_R10": {
      "file": {
        "path": "s3://paysafe-unity-netbanx-mgr-452253236614-ca-central-1/ppbi-unity/pii/output/paymentProcessing_usAcquiring_FDR_R10CONTROLDATA/",
        "format": "parquet",
        "cachedf": true,
        "options": {
          "mergeSchema": "true"
        }
      }
    },
    "MASSOFlat_FinancialHistory_R01": {
      "file": {
        "path": "s3://paysafe-unity-netbanx-mgr-452253236614-ca-central-1/ppbi-unity/pii/output/paymentProcessing_usAcquiring_FDR_R01FINANCIALHISTORY/",
        "format": "parquet",
        "cachedf": true,
        "options": {
          "mergeSchema": "true"
        }
      }
    },
    "MASSOFlat_Profitability_R02": {
      "file": {
        "path": "s3://paysafe-unity-netbanx-mgr-452253236614-ca-central-1/ppbi-unity/pii/output/paymentProcessing_usAcquiring_FDR_R02PROFITABILITY/",
        "format": "parquet",
        "cachedf": true,
        "options": {
          "mergeSchema": "true"
        }
      }
    },
    "MASSOFlat_AddressDBA_R20": {
      "file": {
        "path": "s3://paysafe-unity-netbanx-mgr-452253236614-ca-central-1/ppbi-unity/pii/output/paymentProcessing_usAcquiring_FDR_R20ADDRESSDBA/",
        "format": "parquet",
        "cachedf": true,
        "options": {
          "mergeSchema": "true"
        }
      }
    },
    "MASSOFlat_AddressCorp_R25": {
      "file": {
        "path": "s3://paysafe-unity-netbanx-mgr-452253236614-ca-central-1/ppbi-unity/pii/output/paymentProcessing_usAcquiring_FDR_R25ADDRESSCORP/",
        "format": "parquet",
        "cachedf": true,
        "options": {
          "mergeSchema": "true"
        }
      }
    },
    "MASSOFlat_Miscellaneous_R40": {
      "file": {
        "path": "s3://paysafe-unity-netbanx-mgr-452253236614-ca-central-1/ppbi-unity/pii/output/paymentProcessing_usAcquiring_FDR_R40MISCELLANEOUS/",
        "format": "parquet",
        "cachedf": true,
        "options": {
          "mergeSchema": "true"
        }
      }
    },
    "MASSOFlat_Miscellaneous2_R42": {
      "file": {
        "path": "s3://paysafe-unity-netbanx-mgr-452253236614-ca-central-1/ppbi-unity/pii/output/paymentProcessing_usAcquiring_FDR_R42MISCELLANEOUS2/",
        "format": "parquet",
        "cachedf": true
      }
    },
    "MASSNFlat_Link_RO1": {
      "file": {
        "path": "s3://paysafe-unity-netbanx-mgr-452253236614-ca-central-1/ppbi-unity/pii/output/paymentProcessing_usAcquiring_FDR_RO1LINK/",
        "format": "parquet",
        "cachedf": true,
        "options": {
          "mergeSchema": "true"
        }
      }
    },
    "MASSNFlat_FinancialHistory_RF1": {
      "file": {
        "path": "s3://paysafe-unity-netbanx-mgr-452253236614-ca-central-1/ppbi-unity/pii/output/paymentProcessing_usAcquiring_FDR_RF1FINANCIALHISTORY/",
        "format": "parquet",
        "cachedf": true,
        "options": {
          "mergeSchema": "true"
        }
      }
    },
    "MASSNFlat_FeeHistory_RFH": {
      "file": {
        "path": "s3://paysafe-unity-netbanx-mgr-452253236614-ca-central-1/ppbi-unity/pii/output/paymentProcessing_usAcquiring_FDR_RFHFEEHISTORY/",
        "format": "parquet",
        "cachedf": true,
        "options": {
          "mergeSchema": "true"
        }
      }
    },
    "PPMProfitabilityTotalsMonthly_TSYS": {
      "file": {
        "path": "s3://paysafe-unity-netbanx-mgr-452253236614-ca-central-1/ppbi-unity/pii/output/paymentProcessing_usAcquiring_TSYS_PPMPROFITABILITYTOTALSMONTHLY/",
        "format": "parquet",
        "cachedf": true,
        "options": {
          "mergeSchema": "true"
        }
      }
    },
    "PPMFeeItemTotalsMonthly_TSYS": {
      "file": {
        "path": "s3://paysafe-unity-netbanx-mgr-452253236614-ca-central-1/ppbi-unity/pii/output/paymentProcessing_usAcquiring_TSYS_PPMFEEITEMTOTALSMONTHLY/",
        "format": "parquet",
        "cachedf": true,
        "options": {
          "mergeSchema": "true"
        }
      }
    },
    "MASSNFlat_MerchantAddressesCorporate_RCC": {
      "file": {
        "path": "s3://paysafe-unity-netbanx-mgr-452253236614-ca-central-1/ppbi-unity/pii/output/paymentProcessing_usAcquiring_FDR_RCCMERCHANTADDRESSESCORPORATE/",
        "format": "parquet",
        "cachedf": true,
        "options": {
          "mergeSchema": "true"
        }
      }
    },
    "MASSNFlat_MerchantAddressesDBA_RBB": {
      "file": {
        "path": "s3://paysafe-unity-netbanx-mgr-452253236614-ca-central-1/ppbi-unity/pii/output/paymentProcessing_usAcquiring_FDR_RBBMERCHANTADDRESSESDBA/",
        "format": "parquet",
        "cachedf": true,
        "options": {
          "mergeSchema": "true"
        }
      }
    },
    "MASSNFlat_MerchantFundingandBankingInfo_REE": {
      "file": {
        "path": "s3://paysafe-unity-netbanx-mgr-452253236614-ca-central-1/ppbi-unity/pii/output/paymentProcessing_usAcquiring_FDR_REEMERCHANTFUNDINGANDBANKINGINFO/",
        "format": "parquet",
        "cachedf": true,
        "options": {
          "mergeSchema": "true"
        }
      }
    },
    "MASSNFlat_MM2Other_RQQ": {
      "file": {
        "path": "s3://paysafe-unity-netbanx-mgr-452253236614-ca-central-1/ppbi-unity/pii/output/paymentProcessing_usAcquiring_FDR_RQQMM2OTHER/",
        "format": "parquet",
        "cachedf": true,
        "options": {
          "mergeSchema": "true"
        }
      }
    },
    "MASSNFlat_PhaseIIAdditionalInfo_RPP": {
      "file": {
        "path": "s3://paysafe-unity-netbanx-mgr-452253236614-ca-central-1/ppbi-unity/pii/output/paymentProcessing_usAcquiring_FDR_RPPPHASEIIADDITIONALINFO/",
        "format": "parquet",
        "cachedf": true,
        "options": {
          "mergeSchema": "true"
        }
      }
    },
    "MASSNFlat_CardEntitlements_RII": {
      "file": {
        "path": "s3://paysafe-unity-netbanx-mgr-452253236614-ca-central-1/ppbi-unity/pii/output/paymentProcessing_usAcquiring_FDR_RIICARDENTITLEMENTS/",
        "format": "parquet",
        "cachedf": true,
        "options": {
          "mergeSchema": "true"
        }
      }
    },
    "MASSNFlat_MerchantControlData_RAA": {
      "file": {
        "path": "s3://paysafe-unity-netbanx-mgr-452253236614-ca-central-1/ppbi-unity/pii/output/paymentProcessing_usAcquiring_FDR_RAAMERCHANTCONTROLDATA/",
        "format": "parquet",
        "cachedf": true,
        "options": {
          "mergeSchema": "true"
        }
      }
    },
    "MASSOFlat_BillingCardSpecific_R50": {
      "file": {
        "path": "s3://paysafe-unity-netbanx-mgr-452253236614-ca-central-1/ppbi-unity/pii/output/paymentProcessing_usAcquiring_FDR_R50BILLINGCARDSPECIFIC/",
        "format": "parquet",
        "cachedf": true,
        "options": {
          "mergeSchema": "true"
        }
      }
    },
    "MerchantDetailFile_TSYS": {
      "file": {
        "path": "s3://paysafe-unity-netbanx-mgr-452253236614-ca-central-1/ppbi-unity/pii/output/paymentProcessing_usAcquiring_TSYS_MDF/",
        "format": "parquet",
        "cachedf": true,
        "options": {
          "mergeSchema": "true"
        }
      }
    },
    "MASSNFlat_MerchantMembershipData_RDD": {
      "file": {
        "path": "s3://paysafe-unity-netbanx-mgr-452253236614-ca-central-1/ppbi-unity/pii/output/paymentProcessing_usAcquiring_FDR_RDDMERCHANTMEMBERSHIPDATA/",
        "format": "parquet",
        "cachedf": true,
        "options": {
          "mergeSchema": "true"
        }
      }
    },
    "DFM_AuthorizationDetails021_North": {
      "file_date_duration": {
        "template": "s3://paysafe-unity-netbanx-mgr-452253236614-ca-central-1/ppbi-unity/pii/output/paymentProcessing_usAcquiring_FDR_DFM021AUTH/UNITYFILENAME=Paysafe_DFM_021_Auth_*_%s_*.csv.gpg/",
        "duration": {
          "skipSunday": false,
          "skipSaturday": false,
          "to": 1,
          "from": 3,
          "format": "yyyyMMdd"
        },
        "format": "parquet",
        "cachedf": true,
        "options": {
          "mergeSchema": "true"
        }
      }
    },
    "DFM_CreditDetailFunded003_North": {
      "file_date_duration": {
        "template": "s3://paysafe-unity-netbanx-mgr-452253236614-ca-central-1/ppbi-unity/pii/output/paymentProcessing_usAcquiring_FDR_DFM003CREDITFUNDED/UNITYFILENAME=Paysafe_DFM_003_CreditFunded_*_%s_*.csv.gpg/",
        "duration": {
          "skipSunday": false,
          "skipSaturday": false,
          "to": 1,
          "from": 3,
          "format": "yyyyMMdd"
        },
        "format": "parquet",
        "cachedf": true,
        "options": {
          "mergeSchema": "true"
        }
      }
    },
    "MASSNFlat_BillingFees_RMM": {
      "file": {
        "path": "s3://paysafe-unity-netbanx-mgr-452253236614-ca-central-1/ppbi-unity/pii/output/paymentProcessing_usAcquiring_FDR_RMMBILLINGFEES/",
        "format": "parquet",
        "cachedf": true,
        "options": {
          "mergeSchema": "true"
        }
      }
    },
    "MASSNFlat_MerchantBillbackInformation_RGG": {
      "file": {
        "path": "s3://paysafe-unity-netbanx-mgr-452253236614-ca-central-1/ppbi-unity/pii/output/paymentProcessing_usAcquiring_FDR_RGGMERCHANTBILLBACKINFORMATION/",
        "format": "parquet",
        "cachedf": true,
        "options": {
          "mergeSchema": "true"
        }
      }
    },
	"MD033_Omaha": {
      "file": {
        "path": "s3://paysafe-unity-netbanx-mgr-452253236614-ca-central-1/ppbi-unity/pii/output/paymentProcessing_usAcquiring_FDR_MD033/",
        "format": "parquet",
        "cachedf": true
      }
    },
    "SupplementalMIF_ApplicationRecord_Internal": {
      "file_date_duration": {
        "template": "s3://paysafe-unity-netbanx-mgr-452253236614-ca-central-1/fp-unity/output/paymentProcessing_usAcquiring_INTERNAL_MIFAPPLICATIONRECORD/FILENAME=Paysafe_SupplementalMIF_ApplicationRecord_%s*.gpg/",
        "format": "parquet",
        "cachedf": true,
        "duration": {
          "skipSunday": false,
          "skipSaturday": false,
          "to": 1,
          "from": 1,
          "format": "yyyyMMdd"
        }
      }
    },
    "ReportingChannels": {
      "file_date_duration": {
        "template": "s3://paysafe-unity-uspp-data-452253236614-ca-central-1/conformed/ReportingChannelsHistory/FILEDATE=%s/",
        "duration": {
          "skipSunday": false,
          "skipSaturday": false,
          "to": 1,
          "from": 1,
          "format": "yyyy-MM-dd"
        },
        "format": "parquet",
        "cachedf": true,
        "options": {
          "mergeSchema": "true"
        }
      }
    },
    "MerchantDemographicsDailyGrey": {
      "file_date_duration": {
        "template": "s3://paysafe-unity-uspp-data-245535966659-ca-central-1/conformed/MerchantDemographicsHistory/todayDate=%s/",
        "duration": {
          "skipSunday": false,
          "skipSaturday": false,
          "to": 1,
          "from": 1,
          "format": "yyyy-MM-dd"
        },
        "format": "parquet",
        "cachedf": true,
        "options": {
          "mergeSchema": "true"
        }
      }
    },
    "ProcessorBankMatrix": {
      "file_date_duration": {
        "template": "s3://paysafe-unity-uspp-data-452253236614-ca-central-1/conformed/MerchantProcessorBankMatrixHistory/FILEDATE=%s/",
        "duration": {
          "skipSunday": false,
          "skipSaturday": false,
          "to": 1,
          "from": 1,
          "format": "yyyy-MM-dd"
        },
        "format": "parquet",
        "cachedf": true,
        "options": {
          "mergeSchema": "true"
        }
      }
    }
  },
  "connectionProperties": {
    "vertica": {
      "db": "verticadb",
      "secretType": "AWSSECRET",
      "secretKey": "ppbi_credentials",
      "host": "vertica.edl2.prod.paysafe.cloud"
    }
  },
  "stages": [
    {
      "dataFrameName": "MASSNFlat_BillingFees_RMM_1",
      "sql": "select *,rank () over(partition by FDMSACCOUNTNO order by MRCH_STMT_MTH desc ) as rn from MASSNFlat_BillingFees_RMM WHERE  FEE_SEQUENCE IN ('340', '564','560','800','820')  order by FDMSACCOUNTNO desc"
    },
    {
      "dataFrameName": "MASSNFlat_BillingFees_RMM_Input",
      "sql": "select * from MASSNFlat_BillingFees_RMM_1 where rn = 1"
    },
    {
      "dataFrameName": "Omaha",
      "file": "s3://paysafe-unity-netbanx-mgr-245535966659-ca-central-1/pipeline-unity/spark_sql/usAcquiring/MerchantDemographics/PII/Monthly/Omaha/Omaha.sql"
    },
    {
      "dataFrameName": "omaha_BillingProgram_1",
      "file": "s3://paysafe-unity-netbanx-mgr-245535966659-ca-central-1/pipeline-unity/spark_sql/usAcquiring/MerchantDemographics/PII/Monthly/Omaha/omaha_BillingProgram_1.sql"
    },
    {
      "dataFrameName": "omaha_BillingProgram_2",
      "file": "s3://paysafe-unity-netbanx-mgr-245535966659-ca-central-1/pipeline-unity/spark_sql/usAcquiring/MerchantDemographics/PII/Monthly/Omaha/omaha_BillingProgram_2.sql"
    },
    {
      "dataFrameName": "omaha_BillingProgram_3",
      "file": "s3://paysafe-unity-netbanx-mgr-245535966659-ca-central-1/pipeline-unity/spark_sql/usAcquiring/MerchantDemographics/PII/Monthly/Omaha/omaha_BillingProgram_3.sql"
    },
    {
      "dataFrameName": "omaha_CloseDate",
      "file": "s3://paysafe-unity-netbanx-mgr-245535966659-ca-central-1/pipeline-unity/spark_sql/usAcquiring/MerchantDemographics/PII/Monthly/Omaha/omaha_CloseDate.sql"
    },
    {
      "dataFrameName": "omaha_OpenDate",
      "file": "s3://paysafe-unity-netbanx-mgr-245535966659-ca-central-1/pipeline-unity/spark_sql/usAcquiring/MerchantDemographics/PII/Monthly/Omaha/omaha_OpenDate.sql"
    },
    {
      "dataFrameName": "omaha_MCC_1",
      "file": "s3://paysafe-unity-netbanx-mgr-245535966659-ca-central-1/pipeline-unity/spark_sql/usAcquiring/MerchantDemographics/PII/Monthly/Omaha/omaha_MCC_1.sql"
    },
    {
      "dataFrameName": "omaha_MCC_2",
      "file": "s3://paysafe-unity-netbanx-mgr-245535966659-ca-central-1/pipeline-unity/spark_sql/usAcquiring/MerchantDemographics/PII/Monthly/Omaha/omaha_MCC_2.sql"
    },
    {
      "dataFrameName": "Omaha_MerchantDemographics",
      "file": "s3://paysafe-unity-netbanx-mgr-245535966659-ca-central-1/pipeline-unity/spark_sql/usAcquiring/MerchantDemographics/PII/Monthly/Omaha/Omaha_MerchantDemographics.sql"
    },
    {
      "file": "s3://paysafe-unity-netbanx-mgr-245535966659-ca-central-1/pipeline-unity/spark_sql/usAcquiring/MerchantDemographics/PII/Monthly/Omaha/Omaha_MerchantDemographics_Step2.sql",
      "dataFrameName": "Omaha_MerchantDemographics_Step2"
    },
    {
      "dataFrameName": "TSYS",
      "file": "s3://paysafe-unity-netbanx-mgr-245535966659-ca-central-1/pipeline-unity/spark_sql/usAcquiring/MerchantDemographics/PII/Monthly/TSYS/TSYS.sql"
    },
    {
      "dataFrameName": "TSYS_MerchantDemographics",
      "file": "s3://paysafe-unity-netbanx-mgr-245535966659-ca-central-1/pipeline-unity/spark_sql/usAcquiring/MerchantDemographics/PII/Monthly/TSYS/TSYS_MerchantDemographics.sql"
    },
    {
      "dataFrameName": "TSYS_BillingProgram_2",
      "file": "s3://paysafe-unity-netbanx-mgr-245535966659-ca-central-1/pipeline-unity/spark_sql/usAcquiring/MerchantDemographics/PII/Monthly/TSYS/TSYS_BillingProgram_2.sql"
    },
    {
      "dataFrameName": "TSYS_BillingProgram_3",
      "file": "s3://paysafe-unity-netbanx-mgr-245535966659-ca-central-1/pipeline-unity/spark_sql/usAcquiring/MerchantDemographics/PII/Monthly/TSYS/TSYS_BillingProgram_3.sql"
    },
    {
      "dataFrameName": "TSYS_BillingProgram_4",
      "file": "s3://paysafe-unity-netbanx-mgr-245535966659-ca-central-1/pipeline-unity/spark_sql/usAcquiring/MerchantDemographics/PII/Monthly/TSYS/TSYS_BillingProgram_4.sql"
    },
    {
      "dataFrameName": "TSYS_BillingProgram_5",
      "file": "s3://paysafe-unity-netbanx-mgr-245535966659-ca-central-1/pipeline-unity/spark_sql/usAcquiring/MerchantDemographics/PII/Monthly/TSYS/TSYS_BillingProgram_5.sql"
    },
    {
      "dataFrameName": "TSYS_BillingProgram_6",
      "file": "s3://paysafe-unity-netbanx-mgr-245535966659-ca-central-1/pipeline-unity/spark_sql/usAcquiring/MerchantDemographics/PII/Monthly/TSYS/TSYS_BillingProgram_6.sql"
    },
    {
      "dataFrameName": "TSYS_DiscountMethod",
      "file": "s3://paysafe-unity-netbanx-mgr-245535966659-ca-central-1/pipeline-unity/spark_sql/usAcquiring/MerchantDemographics/PII/Monthly/TSYS/TSYS_DiscountMethod.sql"
    },
    {
      "file": "s3://paysafe-unity-netbanx-mgr-245535966659-ca-central-1/pipeline-unity/spark_sql/usAcquiring/MerchantDemographics/PII/Monthly/TSYS/TSYS_MerchantDemographics_Step2.sql",
      "dataFrameName": "TSYS_MerchantDemographics_Step2"
    },
    {
      "file": "s3://paysafe-unity-netbanx-mgr-245535966659-ca-central-1/pipeline-unity/spark_sql/usAcquiring/MerchantDemographics/PII/Monthly/TSYS/TSYS_BillingProgram_7.sql",
      "dataFrameName": "TSYS_MerchantDemographics_Step3"
    },
    {
      "file": "s3://paysafe-unity-netbanx-mgr-245535966659-ca-central-1/pipeline-unity/spark_sql/usAcquiring/MerchantDemographics/PII/Monthly/TSYS/TSYS_BillingProgram_8.sql",
      "dataFrameName": "TSYS_MerchantDemographics_Step4"
    },
    {
      "dataFrameName": "North",
      "file": "s3://paysafe-unity-netbanx-mgr-245535966659-ca-central-1/pipeline-unity/spark_sql/usAcquiring/MerchantDemographics/PII/Monthly/North/North.sql"
    },
    {
      "dataFrameName": "North_MerchantDemographics",
      "file": "s3://paysafe-unity-netbanx-mgr-245535966659-ca-central-1/pipeline-unity/test/SM/monthlyblue/North_MerchantDemographics.sql"
    },
    {
      "dataFrameName": "North_MCC_1",
      "file": "s3://paysafe-unity-netbanx-mgr-245535966659-ca-central-1/pipeline-unity/spark_sql/usAcquiring/MerchantDemographics/PII/Monthly/North/North_MCC_1.sql"
    },
    {
      "dataFrameName": "North_MCC_2",
      "file": "s3://paysafe-unity-netbanx-mgr-245535966659-ca-central-1/pipeline-unity/spark_sql/usAcquiring/MerchantDemographics/PII/Monthly/North/North_MCC_2.sql"
    },
    {
      "dataFrameName": "North_profit_1",
      "file": "s3://paysafe-unity-netbanx-mgr-245535966659-ca-central-1/pipeline-unity/spark_sql/usAcquiring/MerchantDemographics/PII/Monthly/North/North_profit_1.sql"
    },
    {
      "dataFrameName": "North_OpenDate_1",
      "file": "s3://paysafe-unity-netbanx-mgr-245535966659-ca-central-1/pipeline-unity/spark_sql/usAcquiring/MerchantDemographics/PII/Monthly/North/North_OpenDate_1.sql"
    },
    {
      "dataFrameName": "North_OpenDate_2",
      "file": "s3://paysafe-unity-netbanx-mgr-245535966659-ca-central-1/pipeline-unity/spark_sql/usAcquiring/MerchantDemographics/PII/Monthly/North/North_OpenDate_2.sql"
    },
    {
      "dataFrameName": "North_CloseDate",
      "file": "s3://paysafe-unity-netbanx-mgr-245535966659-ca-central-1/pipeline-unity/spark_sql/usAcquiring/MerchantDemographics/PII/Monthly/North/North_CloseDate_1.sql"
    },
    {
      "dataFrameName": "North_discountMethod",
      "file": "s3://paysafe-unity-netbanx-mgr-245535966659-ca-central-1/pipeline-unity/spark_sql/usAcquiring/MerchantDemographics/PII/Monthly/North/North_discountMethod.sql"
    },
    {
      "dataFrameName": "North_BillingProgram_1",
      "file": "s3://paysafe-unity-netbanx-mgr-245535966659-ca-central-1/pipeline-unity/spark_sql/usAcquiring/MerchantDemographics/PII/Monthly/North/North_BillingProgram_1.sql"
    },
    {
      "dataFrameName": "North_BillingProgram2_1",
      "file": "s3://paysafe-unity-netbanx-mgr-245535966659-ca-central-1/pipeline-unity/spark_sql/usAcquiring/MerchantDemographics/PII/Monthly/North/North_BillingProgram2_1.sql"
    },
    {
      "dataFrameName": "North_BillingProgram2_2",
      "file": "s3://paysafe-unity-netbanx-mgr-245535966659-ca-central-1/pipeline-unity/spark_sql/usAcquiring/MerchantDemographics/PII/Monthly/North/North_BillingProgram2_2.sql"
    },
    {
      "dataFrameName": "North_BillingProgram2_3",
      "file": "s3://paysafe-unity-netbanx-mgr-245535966659-ca-central-1/pipeline-unity/spark_sql/usAcquiring/MerchantDemographics/PII/Monthly/North/North_BillingProgram2_3.sql"
    },
    {
      "dataFrameName": "North_BillingProgram2_4",
      "file": "s3://paysafe-unity-netbanx-mgr-245535966659-ca-central-1/pipeline-unity/spark_sql/usAcquiring/MerchantDemographics/PII/Monthly/North/North_BillingProgram2_4.sql"
    },
    {
      "dataFrameName": "North_BillingProgram2_5",
      "file": "s3://paysafe-unity-netbanx-mgr-245535966659-ca-central-1/pipeline-unity/spark_sql/usAcquiring/MerchantDemographics/PII/Monthly/North/North_BillingProgram2_5.sql"
    },
    {
      "dataFrameName": "North_BillingProgram_2",
      "file": "s3://paysafe-unity-netbanx-mgr-245535966659-ca-central-1/pipeline-unity/spark_sql/usAcquiring/MerchantDemographics/PII/Monthly/North/North_BillingProgram_2.sql"
    },
    {
      "file": "s3://paysafe-unity-netbanx-mgr-245535966659-ca-central-1/pipeline-unity/spark_sql/usAcquiring/MerchantDemographics/PII/Monthly/North/North_MerchantDemographics_Step2.sql",
      "dataFrameName": "North_MerchantDemographics_Step2"
    },
    {
      "file": "s3://paysafe-unity-netbanx-mgr-245535966659-ca-central-1/pipeline-unity/spark_sql/usAcquiring/MerchantDemographics/PII/Monthly/MD/MerchantDemographics.sql",
      "dataFrameName": "MerchantDemographics"
    },
    {
      "file": "s3://paysafe-unity-netbanx-mgr-245535966659-ca-central-1/pipeline-unity/spark_sql/usAcquiring/MerchantDemographics/PII/Monthly/MD/MerchantDemographics_SponsorBank.sql",
      "dataFrameName": "MerchantDemographics_SponsorBank"
    },
    {
      "sql": "select DISTINCT MerchantNumber, BillingProgram, isOpen, OpenDate, CloseDate,SponsorBank, ClearingPlatform, DBA, DiscountMethod, OpenYearMonth, CloseYearMonth, hasBillingOrVolume, isNonProfit, MCC, CloseCode, LocationAddressPart, LocationAddressPartPlain, LocationCity, LocationState, LocationZIP, LocationCountry, LocationPhoneLast4, LocationPhonePlain, OwnerNameLast25Pct,OwnerNamePlain, EmailFirst25Pct, CorpTaxIDLast25Pct,CorpTaxIDPlain, OwnerTaxIDLast4, OwnerTaxIDPlain, LegalBusinessName, LegalBusinessNamePlain, CorpTaxIDFingerprint, OwnerTaxIDFingerprint, EmailFingerprint,EmailPlain,cast(NULL as STRING) BUS_TYPE from MerchantDemographics_SponsorBank WHERE MerchantNumber is not null",
      "dataFrameName": "MerchantDemographicsDailyUnhased"
    },
	{
      "file": "s3://paysafe-unity-netbanx-mgr-245535966659-ca-central-1/pipeline-unity/spark_sql/usAcquiring/MerchantDemographics/PII/Monthly/MD/MerchantDemographicsDaily_1.sql",
      "dataFrameName": "MerchantDemographicsDaily"
    },
	{
		"sql":"select date_sub(current_date(),1) as todayDate,* from MerchantDemographicsDaily",
		"dataFrameName":"MerchantDemographicsDaily_S3_Partition"	
	},
    {
      "sql": " SELECT TO_DATE(DATE_FORMAT(add_months(current_date,-1),'yyyy-MM-01')) as MerchStmtMth,* FROM MerchantDemographicsDaily ",
      "dataFrameName": "MerchantDemographicsMonthly"
    },
    {
      "sql": " SELECT * FROM MerchantDemographicsMonthly",
      "dataFrameName": "BIMerchantDemographicsMonthly_S3"
    },
    {
      "sql": " SELECT * FROM MerchantDemographicsDaily",
      "dataFrameName": "BIMerchantDemographicsDaily_PII"
    },
    {
      "sql": " SELECT * FROM MerchantDemographicsMonthly",
      "dataFrameName": "MCRMMerchantDemographicsMonthly_S3"
    },
    {
      "sql": " SELECT * FROM MerchantDemographicsDaily",
      "dataFrameName": "MCRMMerchantDemographicsDaily_S3"
    }
  ],
  "outputs": {

    
    "BIMerchantDemographicsDaily_PII": {
      "vertica": {
        "schema": "BI",
        "table": "MerchantDemographics_PII",
        "mode": "Overwrite"
      }
    },
    "MerchantDemographicsMonthly": {
      "vertica": {
        "schema": "BI",
        "table": "MerchantDemographicsMonthly_PII",
        "mode": "Append"
      }
    },
    "BIMerchantDemographicsMonthly_S3": {
      "hiveTable": {
        "path": "s3://paysafe-unity-uspp-data-452253236614-ca-central-1/conformed/MerchantDemographicsMonthly_PII/",
        "saveMode":"Overwrite",
        "options":{
          "partitionOverwriteMode":"dynamic"
        },
        "format": "parquet",
        "partitionBy": [
          "merchstmtmth"
        ],
        "repartition": 1,
        "hiveSchemaName": "BI",
        "hiveTableName": "MerchantDemographicsMonthly_PII"
      }
    },
    "BIMerchantDemographicsDaily_S3": {
      "hiveTable": {
        "path": "s3://paysafe-unity-uspp-data-452253236614-ca-central-1/conformed/MerchantDemographics_PII/",
        "saveMode": "Overwrite",
        "format": "parquet",
        "repartition": 1,
        "hiveSchemaName": "BI",
        "hiveTableName": "MerchantDemographics_PII"
      }
    },
	 "MerchantDemographicsDaily_S3_Partition": {
      "file": {
        "path": "s3://paysafe-unity-uspp-data-452253236614-ca-central-1/conformed/MerchantDemographicsHistory_PII/",
        "saveMode":"Overwrite",
        "options":{
          "partitionOverwriteMode":"dynamic"
        },
        "format": "parquet",
        "partitionBy": [
          "todayDate"
        ],
        "repartition": 1
      }
    }
  },
  "explain": true,
  "showPreviewLines": -1,
  "showQuery": true,
  "cacheOnPreview": false,
  "logLevel": "INFO",
  "cacheCountOnOutput": false,
  "continueOnFailedStep": false,
  "enableHiveSupport": true
}