{
   "appName":"paymentProcessing_usAcquiring_VolumeBankCardMonthly",
   "inputs":{
      "MASSOFlat_ControlData_R10":{
         "fileCustom":{
            "path":"s3://paysafe-unity-netbanx-mgr-550629512586-ca-central-1/ppbi-unity/output/paymentProcessing_usAcquiring_FDR_R10CONTROLDATA/",
            "format":"parquet",
            "cachedf":true
         }
      },
      "MASSOFlat_FinancialHistory_R01":{
         "fileCustom":{
            "path":"s3://paysafe-unity-netbanx-mgr-550629512586-ca-central-1/ppbi-unity/output/paymentProcessing_usAcquiring_FDR_R01FINANCIALHISTORY/",
            "format":"parquet",
            "cachedf":true
         }
      },
      "MASSOFlat_Interchange_R11":{
         "fileCustom":{
            "path":"s3://paysafe-unity-netbanx-mgr-550629512586-ca-central-1/ppbi-unity/output/paymentProcessing_usAcquiring_FDR_R11INTERCHANGE/",
            "format":"parquet",
            "cachedf":true
         }
      },
      "MASSOFlat_ProfitabilityCardMth_R05":{
         "fileCustom":{
            "path":"s3://paysafe-unity-netbanx-mgr-550629512586-ca-central-1/ppbi-unity/output/paymentProcessing_usAcquiring_FDR_R05PROFITABILITYCARDMTH/",
            "format":"parquet",
            "cachedf":true
         }
      },
      "MASSNFlat_Link_RO1":{
         "fileCustom":{
            "path":"s3://paysafe-unity-netbanx-mgr-550629512586-ca-central-1/ppbi-unity/output/paymentProcessing_usAcquiring_FDR_RO1LINK/",
            "format":"parquet",
            "cachedf":true
         }
      },
      "MASSNFlat_FinancialHistory_RF1":{
         "fileCustom":{
            "path":"s3://paysafe-unity-netbanx-mgr-550629512586-ca-central-1/ppbi-unity/output/paymentProcessing_usAcquiring_FDR_RF1FINANCIALHISTORY/",
            "format":"parquet",
            "cachedf":true
         }
      },
      "MASSNFlat_DescPlanCode_RPL":{
         "fileCustom":{
            "path":"s3://paysafe-unity-netbanx-mgr-550629512586-ca-central-1/ppbi-unity/output/paymentProcessing_usAcquiring_FDR_RPLDESCPLANCODE/",
            "format":"parquet",
            "cachedf":true
         }
      },
      "PPMProfitabilityTotalsMonthly_TSYS":{
         "fileCustom":{
            "path":"s3://paysafe-unity-netbanx-mgr-550629512586-ca-central-1/ppbi-unity/output/paymentProcessing_usAcquiring_TSYS_PPMPROFITABILITYTOTALSMONTHLY/",
            "format":"parquet",
            "cachedf":true
         }
      },
      "ReportingChannels":{
         "file_custom_minus_days":{
            "template":"s3://paysafe-unity-uspp-data-550629512586-ca-central-1/conformed/ReportingChannelsHistory/FILEDATE=%s/",
            "format":"parquet",
            "minus_days":{
               "format":"yyyy-MM-dd",
               "noOfDays":0
            },
            "cachedf":true
         }
      }
   },
   "connectionProperties":{
      "vertica":{
         "db":"verticadb",
         "secretType":"AWSSECRET",
         "secretKey":"ppbi_credentials",
         "host":"vertica.edl2.prod.paysafe.cloud"
      }
   },
   "stages":[
      {
         "dataFrameName":"bankCardsVol",
         "sql":" ( SELECT cd.MRCH_STMT_MTH AS MerchStmtMth, 'OMA' AS Platform, cd.ACCOUNT_NO AS MerchantNumber, CASE WHEN fh.CARD_TYPE1 = '00001' THEN 'MC' WHEN fh.CARD_TYPE1 = '00003' THEN 'ESA' WHEN fh.CARD_TYPE1 = '00004' THEN 'VISA' WHEN fh.CARD_TYPE1 = '00006' THEN 'DNAQ' WHEN fh.CARD_TYPE1 = '00007' THEN 'JCB' WHEN fh.CARD_TYPE1 = '00012' THEN 'GPIN' WHEN fh.CARD_TYPE1 = '00013' THEN 'STAR' WHEN fh.CARD_TYPE1 = '00014' THEN 'MAES' WHEN fh.CARD_TYPE1 = '00015' THEN 'ITLK' WHEN fh.CARD_TYPE1 = '00016' THEN 'NYCE' WHEN fh.CARD_TYPE1 = '00017' THEN 'SHZM' WHEN fh.CARD_TYPE1 = '00018' THEN 'STAR' WHEN fh.CARD_TYPE1 = '00021' THEN 'STAR' WHEN fh.CARD_TYPE1 = '00022' THEN 'EBT' WHEN fh.CARD_TYPE1 = '00023' THEN 'PULS' WHEN fh.CARD_TYPE1 = '00024' THEN 'ACCL' WHEN fh.CARD_TYPE1 = '00025' THEN 'CU24' WHEN fh.CARD_TYPE1 = '00026' THEN 'AFFN' WHEN fh.CARD_TYPE1 = '00027' THEN 'AKOP' WHEN fh.CARD_TYPE1 = '00028' THEN 'EBTF' WHEN fh.CARD_TYPE1 = '00029' THEN 'JEAN' WHEN fh.CARD_TYPE1 = '00030' THEN 'EBTC' WHEN fh.CARD_TYPE1 = '00043' THEN 'OPTB' WHEN fh.CARD_TYPE1 = '00050' THEN 'WEX' WHEN fh.CARD_TYPE1 = '00057' THEN 'VOYG' WHEN fh.CARD_TYPE1 = '00061' THEN 'DISC' WHEN fh.CARD_TYPE1 = '00063' THEN 'ONE' ELSE fh.CARD_TYPE1 END CardSchemeCode, SUM(OFFUS_SALES_TRN) SalesCount, SUM(OFFUS_SALES_AMT) SalesAmount, SUM(OFFUS_RTRNS_TRN) ReturnsCount, SUM(OFFUS_RTRNS_AMT) ReturnsAmount, SUM(OFFUS_SALES_ICG) InterchangeNet, 0 SalesInterchange, 0 ReturnsInterchange FROM MASSOFlat_ControlData_R10 cd INNER JOIN MASSOFlat_FinancialHistory_R01 fh ON ( cd.MRCH_STMT_MTH = fh.MRCH_STMT_MTH AND cd.ACCOUNT_NO = fh.ACCOUNT_NO ) INNER JOIN ReportingChannels rc ON ( LEFT(cd.ACCOUNT_NO, 15)= LEFT(rc.MerchantNumber, 15) ) WHERE cd.MERCHANT_TYPE = 'R' GROUP BY cd.MRCH_STMT_MTH, cd.ACCOUNT_NO, CASE WHEN fh.CARD_TYPE1 = '00001' THEN 'MC' WHEN fh.CARD_TYPE1 = '00003' THEN 'ESA' WHEN fh.CARD_TYPE1 = '00004' THEN 'VISA' WHEN fh.CARD_TYPE1 = '00006' THEN 'DNAQ' WHEN fh.CARD_TYPE1 = '00007' THEN 'JCB' WHEN fh.CARD_TYPE1 = '00012' THEN 'GPIN' WHEN fh.CARD_TYPE1 = '00013' THEN 'STAR' WHEN fh.CARD_TYPE1 = '00014' THEN 'MAES' WHEN fh.CARD_TYPE1 = '00015' THEN 'ITLK' WHEN fh.CARD_TYPE1 = '00016' THEN 'NYCE' WHEN fh.CARD_TYPE1 = '00017' THEN 'SHZM' WHEN fh.CARD_TYPE1 = '00018' THEN 'STAR' WHEN fh.CARD_TYPE1 = '00021' THEN 'STAR' WHEN fh.CARD_TYPE1 = '00022' THEN 'EBT' WHEN fh.CARD_TYPE1 = '00023' THEN 'PULS' WHEN fh.CARD_TYPE1 = '00024' THEN 'ACCL' WHEN fh.CARD_TYPE1 = '00025' THEN 'CU24' WHEN fh.CARD_TYPE1 = '00026' THEN 'AFFN' WHEN fh.CARD_TYPE1 = '00027' THEN 'AKOP' WHEN fh.CARD_TYPE1 = '00028' THEN 'EBTF' WHEN fh.CARD_TYPE1 = '00029' THEN 'JEAN' WHEN fh.CARD_TYPE1 = '00030' THEN 'EBTC' WHEN fh.CARD_TYPE1 = '00043' THEN 'OPTB' WHEN fh.CARD_TYPE1 = '00050' THEN 'WEX' WHEN fh.CARD_TYPE1 = '00057' THEN 'VOYG' WHEN fh.CARD_TYPE1 = '00061' THEN 'DISC' WHEN fh.CARD_TYPE1 = '00063' THEN 'ONE' ELSE fh.CARD_TYPE1 END HAVING SUM(OFFUS_SALES_TRN) != 0 OR SUM(OFFUS_SALES_AMT) != 0 OR SUM(OFFUS_RTRNS_TRN) != 0 OR SUM(OFFUS_RTRNS_AMT) != 0 ) UNION ALL ( SELECT cd.MRCH_STMT_MTH MerchStmtMth, 'OMA' Platform, cd.ACCOUNT_NO MerchantNumber, CASE WHEN ii.CARD_TYPE = '00001' THEN 'MC' WHEN ii.CARD_TYPE = '00003' THEN 'ESA' WHEN ii.CARD_TYPE = '00004' THEN 'VISA' WHEN ii.CARD_TYPE = '00006' THEN 'DNAQ' WHEN ii.CARD_TYPE = '00007' THEN 'JCB' WHEN ii.CARD_TYPE = '00012' THEN 'GPIN' WHEN ii.CARD_TYPE = '00013' THEN 'STAR' WHEN ii.CARD_TYPE = '00014' THEN 'MAES' WHEN ii.CARD_TYPE = '00015' THEN 'ITLK' WHEN ii.CARD_TYPE = '00016' THEN 'NYCE' WHEN ii.CARD_TYPE = '00017' THEN 'SHZM' WHEN ii.CARD_TYPE = '00018' THEN 'STAR' WHEN ii.CARD_TYPE = '00021' THEN 'STAR' WHEN ii.CARD_TYPE = '00022' THEN 'EBT' WHEN ii.CARD_TYPE = '00023' THEN 'PULS' WHEN ii.CARD_TYPE = '00024' THEN 'ACCL' WHEN ii.CARD_TYPE = '00025' THEN 'CU24' WHEN ii.CARD_TYPE = '00026' THEN 'AFFN' WHEN ii.CARD_TYPE = '00027' THEN 'AKOP' WHEN ii.CARD_TYPE = '00028' THEN 'EBTF' WHEN ii.CARD_TYPE = '00029' THEN 'JEAN' WHEN ii.CARD_TYPE = '00030' THEN 'EBTC' WHEN ii.CARD_TYPE = '00043' THEN 'OPTB' WHEN ii.CARD_TYPE = '00050' THEN 'WEX' WHEN ii.CARD_TYPE = '00057' THEN 'VOYG' WHEN ii.CARD_TYPE = '00061' THEN 'DISC' WHEN ii.CARD_TYPE = '00063' THEN 'ONE' ELSE ii.CARD_TYPE END CardSchemeCode, 0 SalesCount, 0 SalesAmount, 0 ReturnsCount, 0 ReturnsAmount, 0 InterchangeNet, SUM( CASE WHEN ii.DISCOUNT_COUNT > 0 THEN ii.DISCOUNT_COST ELSE 0 END ) SalesInterchange, ABS( SUM( CASE WHEN ii.DISCOUNT_COUNT < 0 THEN ii.DISCOUNT_COST ELSE 0 END ) ) ReturnsInterchange FROM MASSOFlat_Interchange_R11 ii INNER JOIN MASSOFlat_ControlData_R10 cd ON ( ii.MRCH_STMT_MTH = cd.MRCH_STMT_MTH AND ii.ACCOUNT_NO = cd.ACCOUNT_NO ) INNER JOIN ReportingChannels rc ON ( LEFT(ii.ACCOUNT_NO, 15)= LEFT(rc.MerchantNumber, 15) ) WHERE cd.MERCHANT_TYPE = 'R' AND ii.DISCOUNT_COST != 0 GROUP BY cd.MRCH_STMT_MTH, cd.ACCOUNT_NO, CASE WHEN ii.CARD_TYPE = '00001' THEN 'MC' WHEN ii.CARD_TYPE = '00003' THEN 'ESA' WHEN ii.CARD_TYPE = '00004' THEN 'VISA' WHEN ii.CARD_TYPE = '00006' THEN 'DNAQ' WHEN ii.CARD_TYPE = '00007' THEN 'JCB' WHEN ii.CARD_TYPE = '00012' THEN 'GPIN' WHEN ii.CARD_TYPE = '00013' THEN 'STAR' WHEN ii.CARD_TYPE = '00014' THEN 'MAES' WHEN ii.CARD_TYPE = '00015' THEN 'ITLK' WHEN ii.CARD_TYPE = '00016' THEN 'NYCE' WHEN ii.CARD_TYPE = '00017' THEN 'SHZM' WHEN ii.CARD_TYPE = '00018' THEN 'STAR' WHEN ii.CARD_TYPE = '00021' THEN 'STAR' WHEN ii.CARD_TYPE = '00022' THEN 'EBT' WHEN ii.CARD_TYPE = '00023' THEN 'PULS' WHEN ii.CARD_TYPE = '00024' THEN 'ACCL' WHEN ii.CARD_TYPE = '00025' THEN 'CU24' WHEN ii.CARD_TYPE = '00026' THEN 'AFFN' WHEN ii.CARD_TYPE = '00027' THEN 'AKOP' WHEN ii.CARD_TYPE = '00028' THEN 'EBTF' WHEN ii.CARD_TYPE = '00029' THEN 'JEAN' WHEN ii.CARD_TYPE = '00030' THEN 'EBTC' WHEN ii.CARD_TYPE = '00043' THEN 'OPTB' WHEN ii.CARD_TYPE = '00050' THEN 'WEX' WHEN ii.CARD_TYPE = '00057' THEN 'VOYG' WHEN ii.CARD_TYPE = '00061' THEN 'DISC' WHEN ii.CARD_TYPE = '00063' THEN 'ONE' ELSE ii.CARD_TYPE END ) UNION ALL ( SELECT cd.MRCH_STMT_MTH MerchStmtMth, 'OMA' Platform, cd.ACCOUNT_NO MerchantNumber, CASE WHEN pcm.CARD_TYPE1 = '00001' THEN 'MC' WHEN pcm.CARD_TYPE1 = '00003' THEN 'ESA' WHEN pcm.CARD_TYPE1 = '00004' THEN 'VISA' WHEN pcm.CARD_TYPE1 = '00006' THEN 'DNAQ' WHEN pcm.CARD_TYPE1 = '00007' THEN 'JCB' WHEN pcm.CARD_TYPE1 = '00012' THEN 'GPIN' WHEN pcm.CARD_TYPE1 = '00013' THEN 'STAR' WHEN pcm.CARD_TYPE1 = '00014' THEN 'MAES' WHEN pcm.CARD_TYPE1 = '00015' THEN 'ITLK' WHEN pcm.CARD_TYPE1 = '00016' THEN 'NYCE' WHEN pcm.CARD_TYPE1 = '00017' THEN 'SHZM' WHEN pcm.CARD_TYPE1 = '00018' THEN 'STAR' WHEN pcm.CARD_TYPE1 = '00021' THEN 'STAR' WHEN pcm.CARD_TYPE1 = '00022' THEN 'EBT' WHEN pcm.CARD_TYPE1 = '00023' THEN 'PULS' WHEN pcm.CARD_TYPE1 = '00024' THEN 'ACCL' WHEN pcm.CARD_TYPE1 = '00025' THEN 'CU24' WHEN pcm.CARD_TYPE1 = '00026' THEN 'AFFN' WHEN pcm.CARD_TYPE1 = '00027' THEN 'AKOP' WHEN pcm.CARD_TYPE1 = '00028' THEN 'EBTF' WHEN pcm.CARD_TYPE1 = '00029' THEN 'JEAN' WHEN pcm.CARD_TYPE1 = '00030' THEN 'EBTC' WHEN pcm.CARD_TYPE1 = '00043' THEN 'OPTB' WHEN pcm.CARD_TYPE1 = '00050' THEN 'WEX' WHEN pcm.CARD_TYPE1 = '00057' THEN 'VOYG' WHEN pcm.CARD_TYPE1 = '00061' THEN 'DISC' WHEN pcm.CARD_TYPE1 = '00063' THEN 'ONE' ELSE pcm.CARD_TYPE1 END CardSchemeCode, 0 SalesCount, 0 SalesAmount, 0 ReturnsCount, 0 ReturnsAmount, ABS( SUM(pcm.CT_MTH_EXP_ONLN_DBT_FEE_AM) ) InterchangeNet, 0 SalesInterchange, 0 ReturnsInterchange FROM MASSOFlat_ControlData_R10 cd INNER JOIN MASSOFlat_ProfitabilityCardMth_R05 pcm ON ( cd.MRCH_STMT_MTH = pcm.MRCH_STMT_MTH AND cd.ACCOUNT_NO = pcm.ACCOUNT_NO ) INNER JOIN ReportingChannels rc ON ( LEFT(cd.ACCOUNT_NO, 15)= LEFT(rc.MerchantNumber, 15) ) WHERE cd.MERCHANT_TYPE = 'R' AND pcm.CARD_TYPE1 IN ( '00012', '00013', '00014', '00015', '00016', '00017', '00018', '00021', '00022', '00023', '00024', '00025', '00026', '00027', '00028', '00029', '00030' ) GROUP BY cd.MRCH_STMT_MTH, cd.ACCOUNT_NO, CASE WHEN pcm.CARD_TYPE1 = '00001' THEN 'MC' WHEN pcm.CARD_TYPE1 = '00003' THEN 'ESA' WHEN pcm.CARD_TYPE1 = '00004' THEN 'VISA' WHEN pcm.CARD_TYPE1 = '00006' THEN 'DNAQ' WHEN pcm.CARD_TYPE1 = '00007' THEN 'JCB' WHEN pcm.CARD_TYPE1 = '00012' THEN 'GPIN' WHEN pcm.CARD_TYPE1 = '00013' THEN 'STAR' WHEN pcm.CARD_TYPE1 = '00014' THEN 'MAES' WHEN pcm.CARD_TYPE1 = '00015' THEN 'ITLK' WHEN pcm.CARD_TYPE1 = '00016' THEN 'NYCE' WHEN pcm.CARD_TYPE1 = '00017' THEN 'SHZM' WHEN pcm.CARD_TYPE1 = '00018' THEN 'STAR' WHEN pcm.CARD_TYPE1 = '00021' THEN 'STAR' WHEN pcm.CARD_TYPE1 = '00022' THEN 'EBT' WHEN pcm.CARD_TYPE1 = '00023' THEN 'PULS' WHEN pcm.CARD_TYPE1 = '00024' THEN 'ACCL' WHEN pcm.CARD_TYPE1 = '00025' THEN 'CU24' WHEN pcm.CARD_TYPE1 = '00026' THEN 'AFFN' WHEN pcm.CARD_TYPE1 = '00027' THEN 'AKOP' WHEN pcm.CARD_TYPE1 = '00028' THEN 'EBTF' WHEN pcm.CARD_TYPE1 = '00029' THEN 'JEAN' WHEN pcm.CARD_TYPE1 = '00030' THEN 'EBTC' WHEN pcm.CARD_TYPE1 = '00043' THEN 'OPTB' WHEN pcm.CARD_TYPE1 = '00050' THEN 'WEX' WHEN pcm.CARD_TYPE1 = '00057' THEN 'VOYG' WHEN pcm.CARD_TYPE1 = '00061' THEN 'DISC' WHEN pcm.CARD_TYPE1 = '00063' THEN 'ONE' ELSE pcm.CARD_TYPE1 END HAVING ABS( SUM(pcm.CT_MTH_EXP_ONLN_DBT_FEE_AM) ) != 0 ) UNION ALL ( SELECT aa.MRCH_STMT_MTH MerchStmtMth, 'NOR' Platform, aa.FDMSACCOUNTNO MerchantNumber, CASE WHEN fh.HST_PROD_CODE = '01' THEN 'MC' WHEN fh.HST_PROD_CODE = '02' THEN 'VISA' WHEN fh.HST_PROD_CODE = '03' THEN 'DISC' WHEN fh.HST_PROD_CODE = '06' THEN 'ESA' WHEN fh.HST_PROD_CODE = '08' THEN 'OPTB' WHEN fh.HST_PROD_CODE = '10' THEN 'VOYG' WHEN fh.HST_PROD_CODE = '27' THEN 'EBT' WHEN fh.HST_PROD_CODE = '30' THEN 'GC' WHEN fh.HST_PROD_CODE = '35' THEN 'WEX' WHEN fh.HST_PROD_CODE = '18' AND pc.DESCRIPTION LIKE 'STAR%' THEN 'STAR' WHEN fh.HST_PROD_CODE = '18' AND pc.DESCRIPTION LIKE 'ACCEL%' THEN 'ACCL' WHEN fh.HST_PROD_CODE = '18' AND pc.DESCRIPTION LIKE 'CULIANCE%' THEN 'CULI' WHEN fh.HST_PROD_CODE = '18' AND pc.DESCRIPTION LIKE 'ILINK%' THEN 'ILN' WHEN fh.HST_PROD_CODE = '18' AND pc.DESCRIPTION LIKE 'INTERLINK%' THEN 'ITLK' WHEN fh.HST_PROD_CODE = '18' AND pc.DESCRIPTION LIKE 'JEANIE%' THEN 'JEAN' WHEN fh.HST_PROD_CODE = '18' AND pc.DESCRIPTION LIKE 'MAESTRO%' THEN 'MAES' WHEN fh.HST_PROD_CODE = '18' AND pc.DESCRIPTION LIKE 'NYCE%' THEN 'NYCE' WHEN fh.HST_PROD_CODE = '18' AND pc.DESCRIPTION LIKE 'PAVD%' THEN 'ITLK' WHEN fh.HST_PROD_CODE = '18' AND pc.DESCRIPTION LIKE 'PULSE%' THEN 'PULS' WHEN fh.HST_PROD_CODE = '18' AND pc.DESCRIPTION LIKE 'SHAZAM%' THEN 'SHZM' WHEN fh.HST_PROD_CODE = '18' AND pc.DESCRIPTION LIKE 'AFFN%' THEN 'AFFN' WHEN fh.HST_PROD_CODE = '18' THEN 'GPIN' ELSE fh.HST_PROD_CODE END CardSchemeCode, SUM(fh.HST_SALES_TRAN) SalesCount, SUM(fh.HST_SALES_AMT) SalesAmount, SUM(fh.HST_RETURNS_TRAN) ReturnsCount, SUM(fh.HST_RETURNS_AMT) ReturnsAmount, SUM(fh.HST_SALES_ICG) - ABS( SUM(fh.HST_RETURNS_ICG) ) InterchangeNet, SUM(fh.HST_SALES_ICG) SalesInterchange, SUM( CASE WHEN fh.HST_PROD_CODE = '18' AND pc.DESCRIPTION NOT LIKE 'PULSE%' THEN ABS(fh.HST_RETURNS_ICG) ELSE fh.HST_RETURNS_ICG END ) ReturnsInterchange FROM MASSNFlat_Link_RO1 aa INNER JOIN MASSNFlat_FinancialHistory_RF1 fh ON ( aa.MRCH_STMT_MTH = fh.MRCH_STMT_MTH AND aa.FDMSACCOUNTNOFIRST9 = fh.HST_MERCHNUM ) INNER JOIN ReportingChannels rc ON ( aa.FDMSACCOUNTNO = rc.MerchantNumber ) LEFT JOIN MASSNFlat_DescPlanCode_RPL pc ON ( fh.MRCH_STMT_MTH = pc.MRCH_STMT_MTH AND fh.HST_PROD_CODE = pc.PROD_CODE AND fh.HST_PLAN_CODE = pc.PLAN_CODE ) WHERE CASE WHEN fh.HST_PLAN_CODE = '075' AND fh.HST_PROD_CODE IN ('01', '02') THEN 'BAD' ELSE 'OK' END = 'OK' AND fh.HST_BUCKET_NO='02' GROUP BY aa.MRCH_STMT_MTH, aa.FDMSACCOUNTNO, CASE WHEN fh.HST_PROD_CODE = '01' THEN 'MC' WHEN fh.HST_PROD_CODE = '02' THEN 'VISA' WHEN fh.HST_PROD_CODE = '03' THEN 'DISC' WHEN fh.HST_PROD_CODE = '06' THEN 'ESA' WHEN fh.HST_PROD_CODE = '08' THEN 'OPTB' WHEN fh.HST_PROD_CODE = '10' THEN 'VOYG' WHEN fh.HST_PROD_CODE = '27' THEN 'EBT' WHEN fh.HST_PROD_CODE = '30' THEN 'GC' WHEN fh.HST_PROD_CODE = '35' THEN 'WEX' WHEN fh.HST_PROD_CODE = '18' AND pc.DESCRIPTION LIKE 'STAR%' THEN 'STAR' WHEN fh.HST_PROD_CODE = '18' AND pc.DESCRIPTION LIKE 'ACCEL%' THEN 'ACCL' WHEN fh.HST_PROD_CODE = '18' AND pc.DESCRIPTION LIKE 'CULIANCE%' THEN 'CULI' WHEN fh.HST_PROD_CODE = '18' AND pc.DESCRIPTION LIKE 'ILINK%' THEN 'ILN' WHEN fh.HST_PROD_CODE = '18' AND pc.DESCRIPTION LIKE 'INTERLINK%' THEN 'ITLK' WHEN fh.HST_PROD_CODE = '18' AND pc.DESCRIPTION LIKE 'JEANIE%' THEN 'JEAN' WHEN fh.HST_PROD_CODE = '18' AND pc.DESCRIPTION LIKE 'MAESTRO%' THEN 'MAES' WHEN fh.HST_PROD_CODE = '18' AND pc.DESCRIPTION LIKE 'NYCE%' THEN 'NYCE' WHEN fh.HST_PROD_CODE = '18' AND pc.DESCRIPTION LIKE 'PAVD%' THEN 'ITLK' WHEN fh.HST_PROD_CODE = '18' AND pc.DESCRIPTION LIKE 'PULSE%' THEN 'PULS' WHEN fh.HST_PROD_CODE = '18' AND pc.DESCRIPTION LIKE 'SHAZAM%' THEN 'SHZM' WHEN fh.HST_PROD_CODE = '18' AND pc.DESCRIPTION LIKE 'AFFN%' THEN 'AFFN' WHEN fh.HST_PROD_CODE = '18' THEN 'GPIN' ELSE fh.HST_PROD_CODE END ) UNION ALL ( SELECT aa.MRCH_STMT_MTH MerchStmtMth, 'TSS' Platform, aa.MERCHANT_ID MerchantNumber, CASE WHEN FEE_ITEM_KEY_1 = 'AM' AND FEE_ITEM_KEY_3 IN ( 'Sales Outgoing', 'Credit Outgoing' ) THEN 'OPTB' WHEN FEE_ITEM_KEY_1 = 'AM' AND FEE_ITEM_KEY_3 IN ('Sales On Us', 'Credit On Us') THEN 'ESA' WHEN FEE_ITEM_KEY_1 = 'DB' THEN 'GPIN' WHEN FEE_ITEM_KEY_1 = 'DD' THEN 'DISC' WHEN FEE_ITEM_KEY_1 = 'D$' THEN 'DISC' WHEN FEE_ITEM_KEY_1 = 'DJ' THEN 'JCB' WHEN FEE_ITEM_KEY_1 = 'DS' THEN 'DISC' WHEN FEE_ITEM_KEY_1 = 'DZ' THEN 'DISC' WHEN FEE_ITEM_KEY_1 = 'EB' THEN 'EBT' WHEN FEE_ITEM_KEY_1 = 'MB' THEN 'MC' WHEN FEE_ITEM_KEY_1 = 'MC' THEN 'MC' WHEN FEE_ITEM_KEY_1 = 'MD' THEN 'MC' WHEN FEE_ITEM_KEY_1 = 'M$' THEN 'MC' WHEN FEE_ITEM_KEY_1 = 'VB' THEN 'VISA' WHEN FEE_ITEM_KEY_1 = 'VD' THEN 'VISA' WHEN FEE_ITEM_KEY_1 = 'VS' THEN 'VISA' WHEN FEE_ITEM_KEY_1 = 'V$' THEN 'VISA' ELSE FEE_ITEM_KEY_1 END CardSchemeCode, ABS( SUM( CASE WHEN FEE_ITEM_KEY_3 IN ( 'Sales Outgoing', 'Sales On Us', 'Cash Outgoing' ) THEN NUMBER ELSE 0 END ) ) SalesCount, ABS( SUM( CASE WHEN FEE_ITEM_KEY_3 IN ( 'Sales Outgoing', 'Sales On Us', 'Cash Outgoing' ) THEN AMOUNT ELSE 0 END ) ) SalesAmount, ABS( SUM( CASE WHEN FEE_ITEM_KEY_3 IN ( 'Credit On Us', 'Credit Outgoing', 'Cash On Us' ) THEN NUMBER ELSE 0 END ) ) ReturnsCount, ABS( SUM( CASE WHEN FEE_ITEM_KEY_3 IN ( 'Credit On Us', 'Credit Outgoing', 'Cash On Us' ) THEN AMOUNT ELSE 0 END ) ) ReturnsAmount, 0 InterchangeNet, 0 SalesInterchange, 0 ReturnsInterchange FROM PPMProfitabilityTotalsMonthly_TSYS aa INNER JOIN ReportingChannels rc ON ( aa.MERCHANT_ID = rc.MerchantNumber ) WHERE FEE_ITEM_KEY_3 IN ( 'Credit On Us', 'Credit Outgoing', 'Sales Outgoing', 'Sales On Us', 'Cash Outgoing' ) AND FEE_ITEM_KEY_1 NOT IN ('DB', 'EB') GROUP BY aa.MRCH_STMT_MTH, aa.MERCHANT_ID, CASE WHEN FEE_ITEM_KEY_1 = 'AM' AND FEE_ITEM_KEY_3 IN ( 'Sales Outgoing', 'Credit Outgoing' ) THEN 'OPTB' WHEN FEE_ITEM_KEY_1 = 'AM' AND FEE_ITEM_KEY_3 IN ('Sales On Us', 'Credit On Us') THEN 'ESA' WHEN FEE_ITEM_KEY_1 = 'DB' THEN 'GPIN' WHEN FEE_ITEM_KEY_1 = 'DD' THEN 'DISC' WHEN FEE_ITEM_KEY_1 = 'D$' THEN 'DISC' WHEN FEE_ITEM_KEY_1 = 'DJ' THEN 'JCB' WHEN FEE_ITEM_KEY_1 = 'DS' THEN 'DISC' WHEN FEE_ITEM_KEY_1 = 'DZ' THEN 'DISC' WHEN FEE_ITEM_KEY_1 = 'EB' THEN 'EBT' WHEN FEE_ITEM_KEY_1 = 'MB' THEN 'MC' WHEN FEE_ITEM_KEY_1 = 'MC' THEN 'MC' WHEN FEE_ITEM_KEY_1 = 'MD' THEN 'MC' WHEN FEE_ITEM_KEY_1 = 'M$' THEN 'MC' WHEN FEE_ITEM_KEY_1 = 'VB' THEN 'VISA' WHEN FEE_ITEM_KEY_1 = 'VD' THEN 'VISA' WHEN FEE_ITEM_KEY_1 = 'VS' THEN 'VISA' WHEN FEE_ITEM_KEY_1 = 'V$' THEN 'VISA' ELSE FEE_ITEM_KEY_1 END ) UNION ALL ( SELECT aa.MRCH_STMT_MTH MerchStmtMth, 'TSS' Platform, aa.MERCHANT_ID MerchantNumber, CASE WHEN FEE_ITEM_KEY_3 = 'Food Stamp Purchase' THEN 'EBTF' WHEN FEE_ITEM_KEY_3 = 'Food Stamp Return' THEN 'EBTF' WHEN FEE_ITEM_KEY_3 = 'Cash Disbursement Purchase' THEN 'EBTC' WHEN FEE_ITEM_KEY_3 = 'Cash Disbursement Return' THEN 'EBTC' ELSE FEE_ITEM_KEY_3 END CardSchemeCode, ABS( SUM( CASE WHEN FEE_ITEM_KEY_3 IN ( 'Food Stamp Purchase', 'Cash Disbursement Purchase' ) THEN NUMBER ELSE 0 END ) ) SalesCount, ABS( SUM( CASE WHEN FEE_ITEM_KEY_3 IN ( 'Food Stamp Purchase', 'Cash Disbursement Purchase' ) THEN AMOUNT ELSE 0 END ) ) SalesAmount, ABS( SUM( CASE WHEN FEE_ITEM_KEY_3 IN ( 'Food Stamp Return', 'Cash Disbursement Return' ) THEN NUMBER ELSE 0 END ) ) ReturnsCount, ABS( SUM( CASE WHEN FEE_ITEM_KEY_3 IN ( 'Food Stamp Return', 'Cash Disbursement Return' ) THEN AMOUNT ELSE 0 END ) ) ReturnsAmount, 0 InterchangeNet, 0 SalesInterchange, 0 ReturnsInterchange FROM PPMProfitabilityTotalsMonthly_TSYS aa INNER JOIN ReportingChannels rc ON ( aa.MERCHANT_ID = rc.MerchantNumber ) WHERE FEE_ITEM_KEY_3 IN ( 'Food Stamp Purchase', 'Cash Disbursement Purchase', 'Food Stamp Return', 'Cash Disbursement Return' ) AND FEE_CATEGORY = 'EBT' GROUP BY aa.MRCH_STMT_MTH, aa.MERCHANT_ID, CASE WHEN FEE_ITEM_KEY_3 = 'Food Stamp Purchase' THEN 'EBTF' WHEN FEE_ITEM_KEY_3 = 'Food Stamp Return' THEN 'EBTF' WHEN FEE_ITEM_KEY_3 = 'Cash Disbursement Purchase' THEN 'EBTC' WHEN FEE_ITEM_KEY_3 = 'Cash Disbursement Return' THEN 'EBTC' ELSE FEE_ITEM_KEY_3 END ) UNION ALL ( SELECT aa.MRCH_STMT_MTH MerchStmtMth, 'TSS' Platform, aa.MERCHANT_ID MerchantNumber, CASE WHEN FEE_ITEM_KEY_2 = 'ACCEL' THEN 'ACCL' WHEN FEE_ITEM_KEY_2 = 'AFFN' THEN 'AFFN' WHEN FEE_ITEM_KEY_2 = 'CU24' THEN 'CU24' WHEN FEE_ITEM_KEY_2 = 'Interlink' THEN 'ITLK' WHEN FEE_ITEM_KEY_2 = 'Maestro' THEN 'MAES' WHEN FEE_ITEM_KEY_2 = 'NYCE' THEN 'NYCE' WHEN FEE_ITEM_KEY_2 = 'Pulse' THEN 'PULS' WHEN FEE_ITEM_KEY_2 = 'SHAZAM' THEN 'SHZM' WHEN FEE_ITEM_KEY_2 = 'STAR NE' THEN 'STAR' WHEN FEE_ITEM_KEY_2 = 'STAR SE' THEN 'STAR' WHEN FEE_ITEM_KEY_2 = 'STAR W' THEN 'STAR' ELSE FEE_ITEM_KEY_2 END CardSchemeCode, ABS( SUM( CASE WHEN FEE_ITEM_KEY_5 IN ('Online Debit Card Sale') THEN NUMBER ELSE 0 END ) ) SalesCount, ABS( SUM( CASE WHEN FEE_ITEM_KEY_5 IN ('Online Debit Card Sale') THEN AMOUNT ELSE 0 END ) ) SalesAmount, ABS( SUM( CASE WHEN FEE_ITEM_KEY_5 IN ('Online Debit Card Return') THEN NUMBER ELSE 0 END ) ) ReturnsCount, ABS( SUM( CASE WHEN FEE_ITEM_KEY_5 IN ('Online Debit Card Return') THEN AMOUNT ELSE 0 END ) ) ReturnsAmount, ABS( SUM( CASE WHEN FEE_ITEM_KEY_5 IN ('Online Debit Card Sale') THEN EXPENSE ELSE 0 END ) ) - ABS( SUM( CASE WHEN FEE_ITEM_KEY_5 IN ('Online Debit Card Return') THEN EXPENSE ELSE 0 END ) ) InterchangeNet, ABS( SUM( CASE WHEN FEE_ITEM_KEY_5 IN ('Online Debit Card Sale') THEN EXPENSE ELSE 0 END ) ) SalesInterchange, ABS( SUM( CASE WHEN FEE_ITEM_KEY_5 IN ('Online Debit Card Return') THEN EXPENSE ELSE 0 END ) ) ReturnsInterchange FROM PPMProfitabilityTotalsMonthly_TSYS aa INNER JOIN ReportingChannels rc ON ( aa.MERCHANT_ID = rc.MerchantNumber ) WHERE FEE_CATEGORY IN ('Debit Network') AND FEE_ITEM_KEY_1 = 'Capture' GROUP BY aa.MRCH_STMT_MTH, aa.MERCHANT_ID, CASE WHEN FEE_ITEM_KEY_2 = 'ACCEL' THEN 'ACCL' WHEN FEE_ITEM_KEY_2 = 'AFFN' THEN 'AFFN' WHEN FEE_ITEM_KEY_2 = 'CU24' THEN 'CU24' WHEN FEE_ITEM_KEY_2 = 'Interlink' THEN 'ITLK' WHEN FEE_ITEM_KEY_2 = 'Maestro' THEN 'MAES' WHEN FEE_ITEM_KEY_2 = 'NYCE' THEN 'NYCE' WHEN FEE_ITEM_KEY_2 = 'Pulse' THEN 'PULS' WHEN FEE_ITEM_KEY_2 = 'SHAZAM' THEN 'SHZM' WHEN FEE_ITEM_KEY_2 = 'STAR NE' THEN 'STAR' WHEN FEE_ITEM_KEY_2 = 'STAR SE' THEN 'STAR' WHEN FEE_ITEM_KEY_2 = 'STAR W' THEN 'STAR' ELSE FEE_ITEM_KEY_2 END ) UNION ALL ( SELECT aa.MRCH_STMT_MTH MerchStmtMth, 'TSS' Platform, aa.MERCHANT_ID MerchantNumber, CASE WHEN FEE_ITEM_KEY_1 = 'AM' THEN 'OPTB' WHEN FEE_ITEM_KEY_1 = 'DB' THEN 'GPIN' WHEN FEE_ITEM_KEY_1 = 'DD' THEN 'DISC' WHEN FEE_ITEM_KEY_1 = 'D$' THEN 'DISC' WHEN FEE_ITEM_KEY_1 = 'DJ' THEN 'JCB' WHEN FEE_ITEM_KEY_1 = 'DS' THEN 'DISC' WHEN FEE_ITEM_KEY_1 = 'DZ' THEN 'DISC' WHEN FEE_ITEM_KEY_1 = 'EB' THEN 'EBT' WHEN FEE_ITEM_KEY_1 = 'MB' THEN 'MC' WHEN FEE_ITEM_KEY_1 = 'MC' THEN 'MC' WHEN FEE_ITEM_KEY_1 = 'MD' THEN 'MC' WHEN FEE_ITEM_KEY_1 = 'M$' THEN 'MC' WHEN FEE_ITEM_KEY_1 = 'VB' THEN 'VISA' WHEN FEE_ITEM_KEY_1 = 'VD' THEN 'VISA' WHEN FEE_ITEM_KEY_1 = 'VS' THEN 'VISA' WHEN FEE_ITEM_KEY_1 = 'V$' THEN 'VISA' ELSE FEE_ITEM_KEY_1 END CardSchemeCode, 0 SalesCount, 0 SalesAmount, 0 ReturnsCount, 0 ReturnsAmount, SUM( CASE WHEN AMOUNT > 0 AND EXPENSE > 0 THEN EXPENSE WHEN AMOUNT > 0 AND EXPENSE < 0 THEN EXPENSE ELSE 0 END ) - ABS( SUM( CASE WHEN AMOUNT < 0 AND EXPENSE < 0 THEN EXPENSE ELSE 0 END ) ) InterchangeNet, SUM( CASE WHEN AMOUNT > 0 AND EXPENSE > 0 THEN EXPENSE WHEN AMOUNT > 0 AND EXPENSE < 0 THEN EXPENSE ELSE 0 END ) SalesInterchange, ABS( SUM( CASE WHEN AMOUNT < 0 AND EXPENSE < 0 THEN EXPENSE ELSE 0 END ) ) ReturnsInterchange FROM PPMProfitabilityTotalsMonthly_TSYS aa INNER JOIN ReportingChannels rc ON ( aa.MERCHANT_ID = rc.MerchantNumber ) WHERE FEE_CATEGORY IN ('Interchange') GROUP BY aa.MRCH_STMT_MTH, aa.MERCHANT_ID, CASE WHEN FEE_ITEM_KEY_1 = 'AM' THEN 'OPTB' WHEN FEE_ITEM_KEY_1 = 'DB' THEN 'GPIN' WHEN FEE_ITEM_KEY_1 = 'DD' THEN 'DISC' WHEN FEE_ITEM_KEY_1 = 'D$' THEN 'DISC' WHEN FEE_ITEM_KEY_1 = 'DJ' THEN 'JCB' WHEN FEE_ITEM_KEY_1 = 'DS' THEN 'DISC' WHEN FEE_ITEM_KEY_1 = 'DZ' THEN 'DISC' WHEN FEE_ITEM_KEY_1 = 'EB' THEN 'EBT' WHEN FEE_ITEM_KEY_1 = 'MB' THEN 'MC' WHEN FEE_ITEM_KEY_1 = 'MC' THEN 'MC' WHEN FEE_ITEM_KEY_1 = 'MD' THEN 'MC' WHEN FEE_ITEM_KEY_1 = 'M$' THEN 'MC' WHEN FEE_ITEM_KEY_1 = 'VB' THEN 'VISA' WHEN FEE_ITEM_KEY_1 = 'VD' THEN 'VISA' WHEN FEE_ITEM_KEY_1 = 'VS' THEN 'VISA' WHEN FEE_ITEM_KEY_1 = 'V$' THEN 'VISA' ELSE FEE_ITEM_KEY_1 END ) "
      },
      {
         "dataFrameName":"VolumeCardMonthly",
         "sql":"SELECT    MerchStmtMth,    Platform,     MerchantNumber,    CardSchemeCode,    SUM(SalesCount)         SalesCount,    SUM(SalesAmount)        SalesAmount,   SUM(ReturnsCount)       ReturnsCount,        SUM(ReturnsAmount)      ReturnsAmount,    SUM(InterchangeNet)     InterchangeNet,    SUM(SalesInterchange)   SalesInterchange,       SUM(ReturnsInterchange) ReturnsInterchange FROM bankCardsVol GROUP BY   MerchStmtMth,    Platform,     MerchantNumber,    CardSchemeCode HAVING    SUM(SalesCount) <> 0    OR SUM(SalesAmount) <> 0    OR SUM(ReturnsCount) <> 0       OR SUM(ReturnsAmount)  <> 0    OR SUM(InterchangeNet) <> 0    OR SUM(SalesInterchange)  <> 0        OR SUM(ReturnsInterchange)  <> 0"
      },
      {
         "dataFrameName":"VolumeBankCardMonthly",
         "sql":"SELECT     MerchStmtMth,     MerchantNumber,  SUM(CASE WHEN aa.CardSchemeCode IN ('VISA','MC','DISC','OPTB','ONE') THEN SalesAmount ELSE 0 END) - SUM(CASE WHEN aa.CardSchemeCode IN ('VISA','MC','DISC','OPTB','ONE') THEN ReturnsAmount ELSE 0 END) BankCardVolume,   SUM(CASE WHEN aa.CardSchemeCode IN ('VISA','MC','DISC','OPTB','ONE') THEN SalesCount ELSE 0 END)     SalesCountBankCard,     SUM(CASE WHEN aa.CardSchemeCode IN ('VISA','MC','DISC','OPTB','ONE') THEN SalesAmount ELSE 0 END)    SalesAmountBankCard,     SUM(CASE WHEN aa.CardSchemeCode IN ('VISA','MC','DISC','OPTB','ONE') THEN ReturnsCount ELSE 0 END)   ReturnsCountBankCard,     SUM(CASE WHEN aa.CardSchemeCode IN ('VISA','MC','DISC','OPTB','ONE') THEN ReturnsAmount ELSE 0 END)  ReturnsAmountBankCard,     SUM(CASE WHEN aa.CardSchemeCode IN ('VISA','MC','DISC','OPTB','ONE') THEN InterchangeNet ELSE 0 END) InterchangeNetBankCard,     SUM(CASE WHEN aa.CardSchemeCode NOT IN ('ESA','DNAQ')                      THEN SalesCount ELSE 0 END)     SalesCountAllCards,     SUM(CASE WHEN aa.CardSchemeCode NOT IN ('ESA','DNAQ')                      THEN SalesAmount ELSE 0 END)    SalesAmountAllCards,     SUM(CASE WHEN aa.CardSchemeCode NOT IN ('ESA','DNAQ')                      THEN ReturnsCount ELSE 0 END)   ReturnsCountAllCards,     SUM(CASE WHEN aa.CardSchemeCode NOT IN ('ESA','DNAQ')                THEN ReturnsAmount ELSE 0 END)  ReturnsAmountAllCards,     SUM(CASE WHEN aa.CardSchemeCode NOT IN ('ESA','DNAQ')                THEN InterchangeNet ELSE 0 END) InterchangeNetAllCards  FROM     VolumeCardMonthly aa GROUP BY     MerchStmtMth,     MerchantNumber"
      },
      {
         "dataFrameName":"VolumeCardMonthly_s3",
         "sql":"SELECT merchstmtmth, Platform, MerchantNumber, CardSchemeCode, SalesCount, SalesAmount, ReturnsCount, ReturnsAmount, InterchangeNet, SalesInterchange, ReturnsInterchange FROM VolumeCardMonthly"
      },
      {
         "dataFrameName":"VolumeBankCardMonthly_s3",
         "sql":"SELECT merchstmtmth, MerchantNumber, BankCardVolume, SalesCountBankCard, SalesAmountBankCard, ReturnsCountBankCard, ReturnsAmountBankCard, InterchangeNetBankCard, SalesCountAllCards, SalesAmountAllCards, ReturnsCountAllCards, ReturnsAmountAllCards, InterchangeNetAllCards FROM VolumeBankCardMonthly"
      }
   ],
   "outputs":{
      "VolumeCardMonthly_s3":{
         "hiveTable":{
            "path":"s3://paysafe-unity-uspp-data-550629512586-ca-central-1/conformed/VolumeCardMonthly/",
            "saveMode":"Overwrite",
            "format":"parquet",
            "partitionBy":[
               "merchstmtmth"
            ],
            "hiveSchemaName": "BI",
            "hiveTableName": "VolumeCardMonthly"
         }
      },
      "VolumeBankCardMonthly_s3":{
         "hiveTable":{
            "path":"s3://paysafe-unity-uspp-data-550629512586-ca-central-1/conformed/VolumeBankCardMonthly/",
            "saveMode":"Overwrite",
            "format":"parquet",
            "partitionBy":[
               "MERCHSTMTMTH"
            ],
            "hiveSchemaName": "BI",
            "hiveTableName": "VolumeBankCardMonthly"
         }
      }
   },
   "explain":true,
   "showPreviewLines":42,
   "showQuery":true,
   "cacheOnPreview":true,
   "logLevel":"INFO",
   "cacheCountOnOutput":false,
   "continueOnFailedStep":false,
   "enableHiveSupport":true
}