{
   "appName":"paymentProcessing_usAcquiring_Transactions",
   "inputs":{
      "DFM_CreditDetailFunded003_North":{
         "fileCustom":{
            "path":"${PAYMENTPROCESSING_USACQUIRING_FDR_DFM003CREDITFUNDED}",
            "format":"parquet",
            "schemaPath":"s3://paysafe-unity-netbanx-mgr-${ACCOUNTID}-ca-central-1/pipeline-unity/schema/usAcquiring/paymentProcessing_usAcquiring_FDR_DFM003CREDITFUNDED.json",
            "cachedf":true,
            "options":{
               "mergeSchema":"true"
            }
         }
      },
      "FF152_omaha":{
         "fileCustom":{
            "path":"${PAYMENTPROCESSING_USACQUIRING_FDR_FF152}",
            "format":"parquet",
            "schemaPath":"s3://paysafe-unity-netbanx-mgr-${ACCOUNTID}-ca-central-1/pipeline-unity/schema/usAcquiring/paymentProcessing_usAcquiring_FDR_FF152.json",
            "cachedf":true,
            "options":{
               "mergeSchema":"true"
            }
         }
      },
      "DFM_DebitDetail005_North":{
         "fileCustom":{
            "path":"${PAYMENTPROCESSING_USACQUIRING_FDR_DFM005DEBIT}",
            "format":"parquet",
            "schemaPath":"s3://paysafe-unity-netbanx-mgr-${ACCOUNTID}-ca-central-1/pipeline-unity/schema/usAcquiring/paymentProcessing_usAcquiring_FDR_DFM005DEBIT.json",
            "cachedf":true,
            "options":{
               "mergeSchema":"true"
            }
         }
      },
      "DFM_CreditDetailNonFunded004_North":{
         "fileCustom":{
            "path":"${PAYMENTPROCESSING_USACQUIRING_FDR_DFM004CREDITNONFUNDED}",
            "format":"parquet",
            "schemaPath":"s3://paysafe-unity-netbanx-mgr-${ACCOUNTID}-ca-central-1/pipeline-unity/schema/usAcquiring/paymentProcessing_usAcquiring_FDR_DFM004CREDITNONFUNDED.json",
            "cachedf":true,
            "options":{
               "mergeSchema":"true"
            }
         }
      },
      "DailyDetailFile_TSYS":{
         "fileCustom":{
            "path":"${PAYMENTPROCESSING_USACQUIRING_TSYS_DDF}",
            "format":"parquet",
            "schemaPath":"s3://paysafe-unity-netbanx-mgr-${ACCOUNTID}-ca-central-1/pipeline-unity/schema/usAcquiring/paymentProcessing_usAcquiring_TSYS_DDF.json",
            "cachedf":true,
            "options":{
               "mergeSchema":"true"
            }
         }
      },
      "DFM_QualificationExpense007_North":{
         "fileCustom":{
            "path":"${PAYMENTPROCESSING_USACQUIRING_FDR_DFM007QUALEXPENSE}",
            "format":"parquet",
            "schemaPath":"s3://paysafe-unity-netbanx-mgr-${ACCOUNTID}-ca-central-1/pipeline-unity/schema/usAcquiring/paymentProcessing_usAcquiring_FDR_DFM007QUALEXPENSE.json",
            "cachedf":true,
            "options":{
               "mergeSchema":"true"
            }
         }
      },
      "MASSOFlat_FeeAttributes_R80":{
         "fileCustom":{
            "path":"${PAYMENTPROCESSING_USACQUIRING_FDR_R80FEEATTRIBUTES}",
            "format":"parquet",
            "schemaPath":"s3://paysafe-unity-netbanx-mgr-${ACCOUNTID}-ca-central-1/pipeline-unity/schema/usAcquiring/paymentProcessing_usAcquiring_FDR_R80FEEATTRIBUTES.json",
            "cachedf":true,
            "options":{
               "mergeSchema":"true"
            }
         }
      },
      "Merchantdemographics":{
         "fileCustom":{
            "path":"s3://paysafe-unity-uspp-data-${ACCOUNTID}-ca-central-1/conformed/MerchantDemographics/",
            "format":"parquet",
            "schemaPath":"s3://paysafe-unity-netbanx-mgr-${ACCOUNTID}-ca-central-1/pipeline-unity/schema/usAcquiring/MerchantDemographics.json",
            "cachedf":true,
            "options":{
               "mergeSchema":"true"
            }
         }
      },
      "InterchangeBankcard_TSYS":{
         "vertica":{
            "schema":"BI_DIMENSION",
            "table":"InterchangeBankcard_TSYS",
            "cachedf":true
         }
      },
      "InterchangePINDebit_TSYS":{
         "vertica":{
            "schema":"BI_DIMENSION",
            "table":"InterchangePINDebit_TSYS",
            "cachedf":true
         }
      },
      "BinLookup":{
         "fileCustom":{
            "path":"s3://paysafe-unity-netbanx-mgr-${EDL2ACCOUNTID}-ca-central-1/ppbi-unity/output/BinLookup/",
            "format":"parquet",
            "schemaPath":"s3://paysafe-unity-netbanx-mgr-${ACCOUNTID}-ca-central-1/pipeline-unity/schema/usAcquiring/BinLookup.json",
            "cachedf":true,
            "options":{
               "mergeSchema":"true"
            }
         }
      },
      "reportingChannels":{
         "file_custom_minus_days":{
            "template":"s3://paysafe-unity-uspp-data-${ACCOUNTID}-ca-central-1/conformed/ReportingChannelsHistory/FILEDATE=%s/",
            "format":"parquet",
            "minus_days":{
               "format":"yyyy-MM-dd",
               "noOfDays":0
            },
            "cachedf":true
         }
      }
   },
   "connectionProperties":{
      "vertica":{
         "db":"${PPBI_VERTICA_DB}",
         "secretType":"AWSSECRET",
         "secretKey":"${PPBI_VERTICA_SECRETKEY}",
         "host":"${PPBI_VERTICA_HOST}"
      }
   },
   "stages":[
      {
         "dataFrameName":"FF152_omaha_stage",
         "sql":"select *,regexp_extract(input_file_name(), \".*FILENAME=(.*)/.*\") as  PaysafeTraceID  from FF152_omaha"
      },
      {
         "dataFrameName":"Fiserv_Omaha_Credit_Debit_Card_Transactions",
         "file":"s3://paysafe-unity-netbanx-mgr-${ACCOUNTID}-ca-central-1/pipeline-unity/spark_sql/usAcquiring/transactions/blue/Daily/OMAHA/Fiserv_Omaha_Credit_Debit_Card_Transactions.sql"
      },
      {
         "dataFrameName":"Omaha_final",
         "file":"s3://paysafe-unity-netbanx-mgr-${ACCOUNTID}-ca-central-1/pipeline-unity/spark_sql/usAcquiring/transactions/blue/Daily/OMAHA/Omaha_Transactions_Interchange.sql"
      },
      {
         "dataFrameName":"DFM_CreditDetailFunded003_North_stage",
         "sql":"select *,regexp_extract(input_file_name(), \".*FILENAME=(.*)/.*\") as  PaysafeTraceID  from DFM_CreditDetailFunded003_North"
      },
      {
         "dataFrameName":"Fiserv_North_Credit_Debit_Card_Transactions",
         "file":"s3://paysafe-unity-netbanx-mgr-${ACCOUNTID}-ca-central-1/pipeline-unity/spark_sql/usAcquiring/transactions/blue/Daily/NORTH/Fiserv_North_Credit_Debit_Card_Transactions.sql"
      },
      {
         "dataFrameName":"DFM_DebitDetail005_North_stage",
         "sql":"select *,regexp_extract(input_file_name(), \".*FILENAME=(.*)/.*\") as  PaysafeTraceID  from DFM_DebitDetail005_North"
      },
      {
         "dataFrameName":"Fiserv_North_PIN_Debit_Card_Transactions",
         "file":"s3://paysafe-unity-netbanx-mgr-${ACCOUNTID}-ca-central-1/pipeline-unity/spark_sql/usAcquiring/transactions/blue/Daily/NORTH/Fiserv_North_PIN_Debit_Card_Transactions.sql"
      },
      {
         "dataFrameName":"DFM_CreditDetailNonFunded004_North_stage",
         "sql":"select *,regexp_extract(input_file_name(), \".*FILENAME=(.*)/.*\") as  PaysafeTraceID  from DFM_CreditDetailNonFunded004_North"
      },
      {
         "dataFrameName":"Fiserv_North_NON_FUNDED_Credit_Debit_Card_Transactions",
         "file":"s3://paysafe-unity-netbanx-mgr-${ACCOUNTID}-ca-central-1/pipeline-unity/spark_sql/usAcquiring/transactions/blue/Daily/NORTH/Fiserv_North_NON_FUNDED_Credit_Debit_Card_Transactions.sql"
      },
      {
         "dataFrameName":"North_Union",
         "file":"s3://paysafe-unity-netbanx-mgr-${ACCOUNTID}-ca-central-1/pipeline-unity/spark_sql/usAcquiring/transactions/blue/Daily/NORTH/North_Union.sql"
      },
      {
         "dataFrameName":"North_final",
         "file":"s3://paysafe-unity-netbanx-mgr-${ACCOUNTID}-ca-central-1/pipeline-unity/spark_sql/usAcquiring/transactions/blue/Daily/NORTH/North_Transactions_Interchange.sql"
      },
      {
         "dataFrameName":"DailyDetailFile_TSYS_stage",
         "sql":"select *,regexp_extract(input_file_name(), \".*FILENAME=(.*)/.*\") as  PaysafeTraceID  from DailyDetailFile_TSYS"
      },
      {
         "dataFrameName":"TSYS_Credit_Debit_Card_Transactions",
         "file":"s3://paysafe-unity-netbanx-mgr-${ACCOUNTID}-ca-central-1/pipeline-unity/spark_sql/usAcquiring/transactions/blue/Daily/TSYS/TSYS_Credit_Debit_Card_Transactions.sql"
      },
      {
         "dataFrameName":"TSYS_stage_1",
         "file":"s3://paysafe-unity-netbanx-mgr-${ACCOUNTID}-ca-central-1/pipeline-unity/spark_sql/usAcquiring/transactions/blue/Daily/TSYS/TSYS_Transactions_Interchange1.sql"
      },
      {
         "dataFrameName":"TSYS_final",
         "file":"s3://paysafe-unity-netbanx-mgr-${ACCOUNTID}-ca-central-1/pipeline-unity/spark_sql/usAcquiring/transactions/blue/Daily/TSYS/TSYS_Transactions_Interchange2.sql"
      },
      {
         "dataFrameName":"UnionDf",
         "file":"s3://paysafe-unity-netbanx-mgr-${ACCOUNTID}-ca-central-1/pipeline-unity/spark_sql/usAcquiring/transactions/blue/Daily/OTHERS/Transactions.sql"
      },
      {
         "dataFrameName":"TransactionsDf",
         "file":"s3://paysafe-unity-netbanx-mgr-${ACCOUNTID}-ca-central-1/pipeline-unity/spark_sql/usAcquiring/transactions/blue/Daily/OTHERS/IssuerCountryBINTable.sql"
      },
      {
         "dataFrameName":"Transactions",
         "sql":"SELECT StatementDate , MerchantNumber, DBA, CardSchemeCode, TransactionType, SalesAmount, ReturnsAmount, AuthCode, CardFirst6, CardLast4, isKeyed, isChipRead, CardProductID, ClearingDate, TransactionDate, AuthDate, AuthAmount, AuthResponseCode, BatchDate, BatchNumber, MCC, ARN, VisaTranID, MastercardRefNum, AmexRefNum, DiscoverNetworkRefID, FDRTranID, AVSResponse, ACI, ReimbursementAttrib, ValidationCode, ClearingPlatform, ProcessorFrontEndCode, ProcessorFrontEndDesc, POSEntryMode, TransactionCode, TransactionMode, DebitCreditCardInd, EComInd, MotoInd, EMVCapCode, CardPresence, CardholderPresence, CardInputCap, CardHolderIDMethod, CardCaptureCap, CardHolderAuthCap, CardDataInputMode, CATInd, MastercardTIC, MarketSpecificInd, TerminalID, MerchRefNum, InvoiceID, ReceiptNum, CashBackAmount, DebitPINCap, isPINLess, CardSchemeProcessor, CardSchemeDebitCode, CurrencyCode, TaxInclInAmount, TaxAugmInAmount, SalesTaxAmount, InterchangeCode, InterchangeAmount, InterchangeRate, InterchangeFPT, InterchangeDesc, PINDebitSwitchFee, PINDebitIntrchgFee, BestInterchangeEligible, InterchangeDowngradeR1, InterchangeDowngradeR2, InterchangeDowngradeR3, InterchangeDowngradeR4, InterchangeDowngradeR5, CardFingerprint, IssuerCountryBINTable, isUSAIssuedInterchangeBased, TSYSIndustrySpecificData, PaysafeTransactionID, PaysafeTraceDate, PaysafeTraceID from TransactionsDf"
      },
      {
         "dataFrameName":"BITransactions_s3",
         "sql":"SELECT StatementDate , MerchantNumber, DBA, CardSchemeCode, TransactionType, SalesAmount, ReturnsAmount, AuthCode, CardFirst6, CardLast4, isKeyed, isChipRead, CardProductID, ClearingDate, TransactionDate, AuthDate, AuthAmount, AuthResponseCode, BatchDate, BatchNumber, MCC, ARN, VisaTranID, MastercardRefNum, AmexRefNum, DiscoverNetworkRefID, FDRTranID, AVSResponse, ACI, ReimbursementAttrib, ValidationCode, ClearingPlatform, ProcessorFrontEndCode, ProcessorFrontEndDesc, POSEntryMode,  TransactionCode, TransactionMode, DebitCreditCardInd, EComInd, MotoInd, EMVCapCode, CardPresence, CardholderPresence, CardInputCap, CardHolderIDMethod, CardCaptureCap, CardHolderAuthCap, CardDataInputMode, CATInd, MastercardTIC, MarketSpecificInd, TerminalID, MerchRefNum, InvoiceID, ReceiptNum, CashBackAmount, DebitPINCap, isPINLess, CardSchemeProcessor, CardSchemeDebitCode, CurrencyCode, TaxInclInAmount, TaxAugmInAmount, SalesTaxAmount, InterchangeCode, InterchangeAmount, InterchangeRate, InterchangeFPT, InterchangeDesc, PINDebitSwitchFee, PINDebitIntrchgFee, BestInterchangeEligible, InterchangeDowngradeR1, InterchangeDowngradeR2, InterchangeDowngradeR3, InterchangeDowngradeR4, InterchangeDowngradeR5, CardFingerprint, IssuerCountryBINTable, isUSAIssuedInterchangeBased, TSYSIndustrySpecificData, PaysafeTransactionID, PaysafeTraceDate as filedate, PaysafeTraceID as filename from TransactionsDf"
      },
      {
         "dataFrameName":"MCRMTransactions_s3",
         "sql":"SELECT StatementDate , MerchantNumber, DBA, CardSchemeCode, TransactionType, SalesAmount, ReturnsAmount, AuthCode, CardFirst6, CardLast4, isKeyed, isChipRead, CardProductID, ClearingDate, TransactionDate, AuthDate, AuthAmount, AuthResponseCode, BatchDate, BatchNumber, MCC, ARN, VisaTranID, MastercardRefNum, AmexRefNum, DiscoverNetworkRefID, FDRTranID, AVSResponse, ACI, ReimbursementAttrib, ValidationCode, ClearingPlatform, ProcessorFrontEndCode, ProcessorFrontEndDesc, POSEntryMode, TransactionCode, TransactionMode, DebitCreditCardInd, EComInd, MotoInd, EMVCapCode, CardPresence, CardholderPresence, CardInputCap, CardHolderIDMethod, CardCaptureCap, CardHolderAuthCap, CardDataInputMode, CATInd, MastercardTIC, MarketSpecificInd, TerminalID, MerchRefNum, InvoiceID, ReceiptNum, CashBackAmount, DebitPINCap, isPINLess, CardSchemeProcessor, CardSchemeDebitCode, CurrencyCode, TaxInclInAmount, TaxAugmInAmount, SalesTaxAmount, InterchangeCode, InterchangeAmount, InterchangeRate, InterchangeFPT, InterchangeDesc, PINDebitSwitchFee, PINDebitIntrchgFee, BestInterchangeEligible, InterchangeDowngradeR1, InterchangeDowngradeR2, InterchangeDowngradeR3, InterchangeDowngradeR4, InterchangeDowngradeR5, CardFingerprint, IssuerCountryBINTable, isUSAIssuedInterchangeBased, TSYSIndustrySpecificData, PaysafeTransactionID, PaysafeTraceDate as filedate, PaysafeTraceID as filename,case when FinanceCompany is null then 'undefined' else FinanceCompany end as financecompany from TransactionsDf"
      },
      {
         "dataFrameName":"Metadatacount",
         "sql":"select 'paymentProcessing_usAcquiring_Transactions' as configid,PaysafeTraceDate as FILEDATE,PaysafeTraceID  AS FILENAME ,cast(count(1) as int) as RAWCOUNT,cast( count(1) as int) as PROCESSEDCOUNT,'usAcquiring' as BUSINESSUNIT, 'ACTIVE' as status, true as ISCONFORMEDENTRY, 'PPBI-TRANSACTIONS-LOAD' as usecase,'S3' as SOURCE, 'BLUE' as Zone, current_timestamp() as UPDATEDON from Transactions group by PaysafeTraceID,PaysafeTraceDate"
      }
   ],
   "outputs":{
      "Metadatacount":{
         "file":{
            "path":"s3://paysafe-unity-vertica-external-tables-${EDL2ACCOUNTID}-ca-central-1/DATA_SINK_META_DATA_LOG/",
            "saveMode":"Append",
            "format":"parquet",
            "partitionBy":[
               "usecase",
               "configid"
            ],
            "repartition":1
         }
      },
      "BITransactions_s3":{
         "file":{
            "path":"s3://paysafe-unity-uspp-data-${ACCOUNTID}-ca-central-1/conformed/Transactions/",
            "saveMode":"Overwrite",
            "repartition": 3,
            "options":{
               "partitionOverwriteMode":"dynamic"
            },
            "format":"parquet",
            "partitionBy":[
               "filedate",
               "filename"
            ]
         }
      },
      "MCRMTransactions_s3":{
         "file":{
            "path":"s3://paysafe-unity-uspp-data-${ACCOUNTID}-ca-central-1/mcrm/Transactions/",
            "saveMode":"Overwrite",
            "repartition": 3,
            "options":{
               "partitionOverwriteMode":"dynamic"
            },
            "format":"parquet",
            "partitionBy":[
               "filedate",
               "filename",
               "financecompany"
            ]
         }
      }
   },
   "explain":true,
   "showPreviewLines":42,
   "showQuery":true,
   "cacheOnPreview":true,
   "logLevel":"INFO",
   "cacheCountOnOutput":false,
   "continueOnFailedStep":false,
   "enableHiveSupport":true
}