{
  "appName": "MerchantDemographics_daily_update_PII",
  "catalog": {
    "database": "BISME"
  },
  "inputs": {
    "FF152_Omaha": {
      "file_date_duration": {
        "template": "s3://paysafe-unity-netbanx-mgr-452253236614-ca-central-1/ppbi-unity/pii/output/paymentProcessing_usAcquiring_FDR_FF152/UNITYFILENAME=Paysafe_FF152_*_%s_*.csv.gpg/",
        "duration": {
          "skipSunday": true,
          "skipSaturday": false,
          "to": 2,
          "from": 5,
          "format": "yyyyMMdd"
        },
        "format": "parquet",
        "cachedf": true,
        "options": {
          "mergeSchema": "true"
        }
      }
    },
    "DFM_AuthorizationDetails021_North": {
      "file_date_duration": {
        "template": "s3://paysafe-unity-netbanx-mgr-452253236614-ca-central-1/ppbi-unity/pii/output/paymentProcessing_usAcquiring_FDR_DFM021AUTH/UNITYFILENAME=Paysafe_DFM_021_Auth_*_%s_*.csv.gpg/",
        "duration": {
          "skipSunday": false,
          "skipSaturday": false,
          "to": 2,
          "from": 5,
          "format": "yyyyMMdd"
        },
        "format": "parquet",
        "cachedf": true,
        "options": {
          "mergeSchema": "true"
        }
      }
    },
    "DFM_CreditDetailFunded003_North": {
      "file_date_duration": {
        "template": "s3://paysafe-unity-netbanx-mgr-452253236614-ca-central-1/ppbi-unity/pii/output/paymentProcessing_usAcquiring_FDR_DFM003CREDITFUNDED/UNITYFILENAME=Paysafe_DFM_003_CreditFunded_*_%s_*.csv.gpg/",
        "duration": {
          "skipSunday": false,
          "skipSaturday": false,
          "to": 2,
          "from": 5,
          "format": "yyyyMMdd"
        },
        "format": "parquet",
        "cachedf": true,
        "options": {
          "mergeSchema": "true"
        }
      }
    },
    "DFM_CreditDetailNonFunded004_North": {
      "file_date_duration": {
        "template": "s3://paysafe-unity-netbanx-mgr-452253236614-ca-central-1/ppbi-unity/pii/output/paymentProcessing_usAcquiring_FDR_DFM004CREDITNONFUNDED/UNITYFILENAME=Paysafe_DFM_004_CreditNonFunded_*_%s_*.csv.gpg/",
        "duration": {
          "skipSunday": false,
          "skipSaturday": false,
          "to": 2,
          "from": 5,
          "format": "yyyyMMdd"
        },
        "format": "parquet",
        "cachedf": true,
        "options": {
          "mergeSchema": "true"
        }
      }
    },
    "DFM_DebitDetail005_North": {
      "file_date_duration": {
        "template": "s3://paysafe-unity-netbanx-mgr-452253236614-ca-central-1/ppbi-unity/pii/output/paymentProcessing_usAcquiring_FDR_DFM005DEBIT/UNITYFILENAME=Paysafe_DFM_005_Debit_*_%S_*.csv.gpg/",
        "duration": {
          "skipSunday": false,
          "skipSaturday": false,
          "to": 2,
          "from": 5,
          "format": "yyyyMMdd"
        },
        "format": "parquet",
        "cachedf": true,
        "options": {
          "mergeSchema": "true"
        }
      }
    },
    "AuthorizationDetailFile_TSYS": {
      "file_date_duration": {
        "template": "s3://paysafe-unity-netbanx-mgr-452253236614-ca-central-1/ppbi-unity/pii/output/paymentProcessing_usAcquiring_TSYS_ADF/UNITYFILENAME=Paysafe_ADF_*_%s_*.csv.gpg/",
        "duration": {
          "skipSunday": false,
          "skipSaturday": false,
          "to": 2,
          "from": 5,
          "format": "yyyyMMdd"
        },
        "format": "parquet",
        "cachedf": true,
        "options": {
          "mergeSchema": "true"
        }
      }
    },
    "DFM_LocationHeader002_North": {
      "file_date_duration": {
        "template": "s3://paysafe-unity-netbanx-mgr-452253236614-ca-central-1/ppbi-unity/pii/output/paymentProcessing_usAcquiring_FDR_DFM002LOCATIONHEADER/UNITYFILENAME=Paysafe_DFM_002_LocationHeader_*_%s_*.csv.gpg/",
        "format": "parquet",
        "duration": {
          "skipSunday": false,
          "skipSaturday": false,
          "to": 2,
          "from": 5,
          "format": "yyyyMMdd"
        },
        "cachedf": true,
        "options": {
          "mergeSchema": "true"
        }
      }
    },
    "MD033_Omaha": {
      "file": {
        "path": "s3://paysafe-unity-netbanx-mgr-452253236614-ca-central-1/ppbi-unity/pii/output/paymentProcessing_usAcquiring_FDR_MD033/",
        "format": "parquet",
        "cachedf": true,
        "options": {
          "mergeSchema": "true"
        }
      }
    },
    "MD032_Omaha": {
      "file": {
        "path": "s3://paysafe-unity-netbanx-mgr-452253236614-ca-central-1/ppbi-unity/pii/output/paymentProcessing_usAcquiring_FDR_MD032/",
        "format": "parquet",
        "cachedf": true,
        "options": {
          "mergeSchema": "true"
        }
      }
    },
    "MASSOFlat_ControlData_R10": {
      "file": {
        "path": "s3://paysafe-unity-netbanx-mgr-452253236614-ca-central-1/ppbi-unity/pii/output/paymentProcessing_usAcquiring_FDR_R10CONTROLDATA/",
        "format": "parquet",
        "cachedf": true,
        "options": {
          "mergeSchema": "true"
        }
      }
    },
    "MASSOFlat_FinancialHistory_R01": {
      "file": {
        "path": "s3://paysafe-unity-netbanx-mgr-452253236614-ca-central-1/ppbi-unity/pii/output/paymentProcessing_usAcquiring_FDR_R01FINANCIALHISTORY/",
        "format": "parquet",
        "cachedf": true,
        "options": {
          "mergeSchema": "true"
        }
      }
    },
    "MASSOFlat_Profitability_R02": {
      "file": {
        "path": "s3://paysafe-unity-netbanx-mgr-452253236614-ca-central-1/ppbi-unity/pii/output/paymentProcessing_usAcquiring_FDR_R02PROFITABILITY/",
        "format": "parquet",
        "cachedf": true,
        "options": {
          "mergeSchema": "true"
        }
      }
    },
    "MASSOFlat_AddressDBA_R20": {
      "file": {
        "path": "s3://paysafe-unity-netbanx-mgr-452253236614-ca-central-1/ppbi-unity/pii/output/paymentProcessing_usAcquiring_FDR_R20ADDRESSDBA/",
        "format": "parquet",
        "cachedf": true,
        "options": {
          "mergeSchema": "true"
        }
      }
    },
    "MASSOFlat_Miscellaneous_R40": {
      "file": {
        "path": "s3://paysafe-unity-netbanx-mgr-452253236614-ca-central-1/ppbi-unity/pii/output/paymentProcessing_usAcquiring_FDR_R40MISCELLANEOUS/",
        "format": "parquet",
        "cachedf": true,
        "options": {
          "mergeSchema": "true"
        }
      }
    },
    "MASSNFlat_FeeHistory_RFH": {
      "file": {
        "path": "s3://paysafe-unity-netbanx-mgr-452253236614-ca-central-1/ppbi-unity/pii/output/paymentProcessing_usAcquiring_FDR_RFHFEEHISTORY/",
        "format": "parquet",
        "cachedf": true,
        "options": {
          "mergeSchema": "true"
        }
      }
    },
    "MASSNFlat_BillingFees_RMM_Input": {
      "file": {
        "path": "s3://paysafe-unity-netbanx-mgr-452253236614-ca-central-1/ppbi-unity/pii/output/paymentProcessing_usAcquiring_FDR_RMMBILLINGFEES/",
        "format": "parquet",
        "cachedf": true,
        "options": {
          "mergeSchema": "true"
        }
      }
    },
    "PPMProfitabilityTotalsMonthly_TSYS": {
      "file": {
        "path": "s3://paysafe-unity-netbanx-mgr-452253236614-ca-central-1/ppbi-unity/pii/output/paymentProcessing_usAcquiring_TSYS_PPMPROFITABILITYTOTALSMONTHLY/",
        "format": "parquet",
        "cachedf": true,
        "options": {
          "mergeSchema": "true"
        }
      }
    },
    "PPMFeeItemTotalsMonthly_TSYS": {
      "file": {
        "path": "s3://paysafe-unity-netbanx-mgr-452253236614-ca-central-1/ppbi-unity/pii/output/paymentProcessing_usAcquiring_TSYS_PPMFEEITEMTOTALSMONTHLY/",
        "format": "parquet",
        "cachedf": true,
        "options": {
          "mergeSchema": "true"
        }
      }
    },
    "MASSNFlat_MerchantControlData_RAA": {
      "file": {
        "path": "s3://paysafe-unity-netbanx-mgr-452253236614-ca-central-1/ppbi-unity/pii/output/paymentProcessing_usAcquiring_FDR_RAAMERCHANTCONTROLDATA/",
        "format": "parquet",
        "cachedf": true,
        "options": {
          "mergeSchema": "true"
        }
      }
    },
    "MerchantDetailFile_TSYS": {
      "file": {
        "path": "s3://paysafe-unity-netbanx-mgr-452253236614-ca-central-1/ppbi-unity/pii/output/paymentProcessing_usAcquiring_TSYS_MDF/",
        "format": "parquet",
        "cachedf": true,
        "options": {
          "mergeSchema": "true"
        }
      }
    },
    "PPMProfitabilityTotalsDaily_TSYS": {
      "file_date_duration": {
        "template": "s3://paysafe-unity-netbanx-mgr-452253236614-ca-central-1/ppbi-unity/pii/output/paymentProcessing_usAcquiring_TSYS_PPMPROFITABILITYTOTALSDAILY/UNITYFILENAME=Paysafe_PPMProfitabilityTotalsDaily_*_%s_*.csv.gpg/",
        "format": "parquet",
        "cachedf": true,
        "options": {
          "mergeSchema": "true"
        },
        "duration": {
          "skipSunday": true,
          "skipSaturday": false,
          "to": 2,
          "from": 5,
          "format": "yyyyMMdd"
        }
      }
    },
    "DailyDetailFile_TSYS": {
      "file_date_duration": {
        "template": "s3://paysafe-unity-netbanx-mgr-452253236614-ca-central-1/ppbi-unity/pii/output/paymentProcessing_usAcquiring_TSYS_DDF/UNITYFILENAME=Paysafe_DDF_*_%s_*.gpg/",
        "format": "parquet",
        "cachedf": true,
        "options": {
          "mergeSchema": "true"
        },
        "duration": {
          "skipSunday": false,
          "skipSaturday": false,
          "to": 2,
          "from": 5,
          "format": "yyyyMMdd"
        }
      }
    },
    "SupplementalMIF_ApplicationRecord_Internal": {
      "file_date_duration": {
        "template": "s3://paysafe-unity-netbanx-mgr-452253236614-ca-central-1/fp-unity/output/paymentProcessing_usAcquiring_INTERNAL_MIFAPPLICATIONRECORD/FILENAME=Paysafe_SupplementalMIF_ApplicationRecord_%s*.gpg/",
        "format": "parquet",
        "cachedf": true,
        "duration": {
          "skipSunday": false,
          "skipSaturday": false,
          "to": 1,
          "from": 1,
          "format": "yyyyMMdd"
        },
        "options": {
          "mergeSchema": "true"
        }
      }
    },
    "SupplementalMIF_ApplicationOwners_Internal": {
      "file_date_duration": {
        "template": "s3://paysafe-unity-netbanx-mgr-452253236614-ca-central-1/fp-unity/output/paymentProcessing_usAcquiring_INTERNAL_MIFAPPLICATIONOWNERS/FILENAME=Paysafe_SupplementalMIF_ApplicationOwners_%s*.gpg/",
        "format": "parquet",
        "cachedf": true,
        "duration": {
          "skipSunday": false,
          "skipSaturday": false,
          "to": 1,
          "from": 1,
          "format": "yyyyMMdd"
        },
        "options": {
          "mergeSchema": "true"
        }
      }
    },
    "ReportingChannels": {
      "file_date_duration": {
        "template": "s3://paysafe-unity-uspp-data-452253236614-ca-central-1/conformed/ReportingChannelsHistory/FILEDATE=%s/",
        "duration": {
          "skipSunday": false,
          "skipSaturday": false,
          "to": 1,
          "from": 1,
          "format": "yyyy-MM-dd"
        },
        "format": "parquet",
        "cachedf": true,
        "options": {
          "mergeSchema": "true"
        }
      }
    },
    "ProcessorBankMatrix": {
      "file_date_duration": {
        "template": "s3://paysafe-unity-uspp-data-452253236614-ca-central-1/conformed/MerchantProcessorBankMatrixHistory/FILEDATE=%s/",
        "duration": {
          "skipSunday": false,
          "skipSaturday": false,
          "to": 1,
          "from": 1,
          "format": "yyyy-MM-dd"
        },
        "format": "parquet",
        "cachedf": true,
        "options": {
          "mergeSchema": "true"
        }
      }
    },

    "MerchantDemographics_Monthly_Staging": {
      "file_date_duration": {
        "template": "s3://paysafe-unity-uspp-data-452253236614-ca-central-1/conformed/MerchantDemographicsHistory_PII/todayDate=%s/",
        "duration": {
          "skipSunday": false,
          "skipSaturday": false,
          "to": 1,
          "from": 1,
          "format": "yyyy-MM-dd"
        },
        "format": "parquet",
        "cachedf": true
      }
    }
    ,
    "MerchantDemographicsDailyGrey": {
      "file_date_duration": {
        "template": "s3://paysafe-unity-uspp-data-245535966659-ca-central-1/conformed/MerchantDemographicsHistory/todayDate=%s/",
        "duration": {
          "skipSunday": false,
          "skipSaturday": false,
          "to": 1,
          "from": 1,
          "format": "yyyy-MM-dd"
        },
        "format": "parquet",
        "cachedf": true,
        "options": {
          "mergeSchema": "true"
        }
      }
    },
    "MonthlyTrend_iPayment": {
      "file": {
        "path": "s3://paysafe-unity-netbanx-mgr-245535966659-ca-central-1/ppbi-unity/output/MonthlyTrend_iPayment/",
        "format": "parquet",
        "cachedf": true,
        "options": {
          "mergeSchema": "true"
        }
      }
    },
    "TransactionsSummaryDaily": {
      "file_date_duration": {
        "template": "s3://paysafe-unity-uspp-data-452253236614-ca-central-1/conformed/TransactionsSummaryCardDaily/filedate=%s/filename=*/",
        "duration": {
          "skipSunday": false,
          "skipSaturday": false,
          "to": 2,
          "from": 15,
          "format": "yyyy-MM-dd"
        },
        "format": "parquet",
        "cachedf": true,
        "options": {
          "mergeSchema": "true"
        }
      }
    }
  },
  "connectionProperties": {
    "vertica": {
      "db": "verticadb",
      "secretType": "AWSSECRET",
      "secretKey": "ppbi_credentials",
      "host": "vertica.edl2.prod.paysafe.cloud"
    }
  },
  "stages": [
    {
      "dataFrameName": "MASSNFlat_BillingFees_RMM_1",
      "sql": "select *,rank () over(partition by FDMSACCOUNTNO order by MRCH_STMT_MTH desc ) as rn from MASSNFlat_BillingFees_RMM_Input WHERE  FEE_SEQUENCE IN ('340', '564','560','800','820')  order by FDMSACCOUNTNO desc"
    },
    {
      "dataFrameName": "MASSNFlat_BillingFees_RMM",
      "sql": "select * from MASSNFlat_BillingFees_RMM_1 where rn = 1"
    },
	{
      "dataFrameName": "MerchantDemographics_Monthly",
      "sql": "SELECT DISTINCT merchantnumber, billingprogram, isopen, opendate, closedate, sponsorbank, clearingplatform, dba, discountmethod, openyearmonth, closeyearmonth, hasbillingorvolume, isnonprofit, mcc, closecode, locationaddresspart,  locationaddresspartplain, locationcity, locationstate, locationzip, locationcountry, locationphonelast4, locationphoneplain, ownernamelast25pct, ownernameplain, emailfirst25pct, emailplain, corptaxidlast25pct, CAST(NULL AS STRING) corptaxidplain, ownertaxidlast4,CAST(NULL AS STRING) ownertaxidplain, legalbusinessname,legalbusinessnameplain, corptaxidfingerprint, ownertaxidfingerprint, emailfingerprint, CAST(NULL AS STRING) BUS_TYPE FROM MerchantDemographics_Monthly_Staging"
    },
    {
      "dataFrameName": "Omaha_daily",
      "file": "s3://paysafe-unity-netbanx-mgr-452253236614-ca-central-1/pipeline-unity/spark_sql/usAcquiring/MerchantDemographics/PII/Daily/OMAHA/Omaha.sql"
    },
    {
      "dataFrameName": "TSYS_daily",
      "file": "s3://paysafe-unity-netbanx-mgr-452253236614-ca-central-1/pipeline-unity/spark_sql/usAcquiring/MerchantDemographics/PII/Daily/TSYS/TSYS.sql"
    },
    {
      "dataFrameName": "North_daily",
      "file": "s3://paysafe-unity-netbanx-mgr-452253236614-ca-central-1/pipeline-unity/spark_sql/usAcquiring/MerchantDemographics/PII/Daily/NORTH/North.sql"
    },
    {
      "dataFrameName": "MerchantDemographics_Step1",
      "file": "s3://paysafe-unity-netbanx-mgr-452253236614-ca-central-1/pipeline-unity/spark_sql/usAcquiring/MerchantDemographics/PII/Daily/MD/ALL_Daily_Monthly.sql"
    },
    {
      "dataFrameName": "Omaha_MerchantDemographics",
      "file": "s3://paysafe-unity-netbanx-mgr-452253236614-ca-central-1/pipeline-unity/spark_sql/usAcquiring/MerchantDemographics/PII/Daily/OMAHA/Omaha_MerchantDemographics.sql"
    },
    {
      "dataFrameName": "omaha_CloseDate",
      "file": "s3://paysafe-unity-netbanx-mgr-452253236614-ca-central-1/pipeline-unity/spark_sql/usAcquiring/MerchantDemographics/PII/Daily/OMAHA/Omaha_CloseDate_1.sql"
    },
    {
      "dataFrameName": "Omaha_DiscountMethod",
      "file": "s3://paysafe-unity-netbanx-mgr-452253236614-ca-central-1/pipeline-unity/spark_sql/usAcquiring/MerchantDemographics/PII/Daily/OMAHA/Omaha_DiscountMethod.sql"
    },
    {
      "dataFrameName": "Omaha_OpenDate_1",
      "file": "s3://paysafe-unity-netbanx-mgr-452253236614-ca-central-1/pipeline-unity/spark_sql/usAcquiring/MerchantDemographics/PII/Daily/OMAHA/Omaha_OpenDate_1.sql"
    },
    {
      "dataFrameName": "omaha_NonProfit",
      "file": "s3://paysafe-unity-netbanx-mgr-452253236614-ca-central-1/pipeline-unity/spark_sql/usAcquiring/MerchantDemographics/PII/Daily/OMAHA/Omaha_Nonprofit.sql"
    },
    {
      "dataFrameName": "Omaha_MerchantDemographics_merged",
      "file": "s3://paysafe-unity-netbanx-mgr-452253236614-ca-central-1/pipeline-unity/spark_sql/usAcquiring/MerchantDemographics/PII/Daily/OMAHA/Omaha_MerchantDemographics_merged.sql"
    },
    {
      "dataFrameName": "omaha_reopen",
      "file": "s3://paysafe-unity-netbanx-mgr-452253236614-ca-central-1/pipeline-unity/spark_sql/usAcquiring/MerchantDemographics/PII/Daily/OMAHA/Omaha_ReOpenDate_1.sql"
    },
    {
      "dataFrameName": "Omaha_MerchantDemographics_merged_Step2",
      "file": "s3://paysafe-unity-netbanx-mgr-452253236614-ca-central-1/pipeline-unity/spark_sql/usAcquiring/MerchantDemographics/PII/Daily/OMAHA/omaha_update_isOpen.sql"
    },
    {
      "dataFrameName": "TSYS_MerchantDemographics",
      "file": "s3://paysafe-unity-netbanx-mgr-452253236614-ca-central-1/pipeline-unity/spark_sql/usAcquiring/MerchantDemographics/PII/Daily/TSYS/TSYS_MerchantDemographics.sql"
    },
    {
      "dataFrameName": "TSYS_MerchantDemographics_merged",
      "file": "s3://paysafe-unity-netbanx-mgr-452253236614-ca-central-1/pipeline-unity/spark_sql/usAcquiring/MerchantDemographics/PII/Daily/TSYS/TSYS_MerchantDemographics_merged.sql"
    },
    {
      "dataFrameName": "North_MD",
      "file": "s3://paysafe-unity-netbanx-mgr-452253236614-ca-central-1/pipeline-unity/spark_sql/usAcquiring/MerchantDemographics/PII/Daily/NORTH/North_MD.sql"
    },
    {
      "dataFrameName": "North_MerchantDemographics",
      "file": "s3://paysafe-unity-netbanx-mgr-452253236614-ca-central-1/pipeline-unity/spark_sql/usAcquiring/MerchantDemographics/PII/Daily/NORTH/North_MerchantDemographics.sql"
    },
    {
      "dataFrameName": "North_MerchantDemographics_merged",
      "file": "s3://paysafe-unity-netbanx-mgr-452253236614-ca-central-1/pipeline-unity/spark_sql/usAcquiring/MerchantDemographics/PII/Daily/NORTH/North_MerchantDemographics_merged.sql"
    },
    {
      "dataFrameName": "MerchantDemographics_RC_2",
      "file": "s3://paysafe-unity-netbanx-mgr-452253236614-ca-central-1/pipeline-unity/spark_sql/usAcquiring/MerchantDemographics/PII/Daily/MD/Daily_MIF_Update.sql"
    },
    {
      "dataFrameName": "MerchantDemographics_email",
      "file": "s3://paysafe-unity-netbanx-mgr-452253236614-ca-central-1/pipeline-unity/spark_sql/usAcquiring/MerchantDemographics/PII/Daily/MD/MerchantDemographics_email.sql"
    },
    {
      "dataFrameName": "MerchantDemographics_SponsorBank",
      "file": "s3://paysafe-unity-netbanx-mgr-452253236614-ca-central-1/pipeline-unity/spark_sql/usAcquiring/MerchantDemographics/PII/Daily/MD/MerchantDemographics_SponsorBank.sql"
    },
    {
      "dataFrameName": "OpenDate_Ipmt",
      "file": "s3://paysafe-unity-netbanx-mgr-452253236614-ca-central-1/pipeline-unity/spark_sql/usAcquiring/MerchantDemographics/PII/Daily/MD/OpenDate_Ipmt.sql"
    },
    {
      "dataFrameName": "MerchantDemographics_OpenDate_Ipmt",
      "file": "s3://paysafe-unity-netbanx-mgr-452253236614-ca-central-1/pipeline-unity/spark_sql/usAcquiring/MerchantDemographics/PII/Daily/MD/MerchantDemographics_OpenDate_Ipmt.sql"
    },
    {
      "dataFrameName": "MerchantDemographics_hasBillingOrVolume",
      "file": "s3://paysafe-unity-netbanx-mgr-452253236614-ca-central-1/pipeline-unity/spark_sql/usAcquiring/MerchantDemographics/PII/Daily/MD/MerchantDemographics_hasBillingOrVolume.sql"
    },
    {
      "dataFrameName": "TransactionsSummaryDaily_txn_closeDate",
      "file": "s3://paysafe-unity-netbanx-mgr-452253236614-ca-central-1/pipeline-unity/spark_sql/usAcquiring/MerchantDemographics/PII/Daily/MD/TransactionsSummaryDaily_txn_closeDate.sql"
    },
    {
      "dataFrameName": "MerchantDemographics_txn_closeDate",
      "file": "s3://paysafe-unity-netbanx-mgr-452253236614-ca-central-1/pipeline-unity/spark_sql/usAcquiring/MerchantDemographics/PII/Daily/MD/MerchantDemographics_txn_closeDate.sql"
    },
    {
      "dataFrameName": "TransactionsSummaryDaily_txn_closeDate2",
      "file": "s3://paysafe-unity-netbanx-mgr-452253236614-ca-central-1/pipeline-unity/spark_sql/usAcquiring/MerchantDemographics/PII/Daily/MD/TransactionsSummaryDaily_txn_closeDate2.sql"
    },
    {
      "dataFrameName": "MerchantDemographics_txn_closeDate2",
      "file": "s3://paysafe-unity-netbanx-mgr-452253236614-ca-central-1/pipeline-unity/spark_sql/usAcquiring/MerchantDemographics/PII/Daily/MD/MerchantDemographics_txn_closeDate2.sql"
    },
    {
      "sql": "SELECT merchantnumber, billingprogram, isopen, opendate, closedate, sponsorbank, clearingplatform, dba, discountmethod, openyearmonth, closeyearmonth, hasbillingorvolume, isnonprofit, mcc, closecode, locationaddresspart, locationaddresspartplain, locationcity, locationstate, locationzip, locationcountry, locationphonelast4, locationphoneplain, ownernamelast25pct, ownernameplain, emailfirst25pct, emailplain, corptaxidlast25pct, corptaxidplain, ownertaxidlast4, ownertaxidplain, legalbusinessname, legalbusinessnameplain,corptaxidfingerprint, ownertaxidfingerprint, emailfingerprint,current_date() as todayDate from MerchantDemographics_txn_closeDate2",
      "dataFrameName": "MerchantDemographicsDaily_Final"
    },
    {
      "sql": " SELECT MerchantNumber, BillingProgram, isOpen, OpenDate, CloseDate, SponsorBank, ClearingPlatform, DBA, DiscountMethod, OpenYearMonth, CloseYearMonth, hasBillingOrVolume, isNonProfit, MCC, CloseCode, LocationAddressPart, LocationAddressPartPlain, LocationCity, LocationState, LocationZIP, LocationCountry, LocationPhoneLast4, LocationPhonePlain, OwnerNameLast25Pct, OwnerNamePlain,EmailFirst25Pct, EmailPlain, CorpTaxIDLast25Pct, CorpTaxIDPlain, OwnerTaxIDLast4, OwnerTaxIDPlain, LegalBusinessName, LegalBusinessNamePlain, CorpTaxIDFingerprint, OwnerTaxIDFingerprint,  EmailFingerprint FROM MerchantDemographicsDaily_Final",
      "dataFrameName": "MerchantDemographicsDaily_BIUnhashed"
    },
	{
      "dataFrameName": "MerchantDemographicsDaily_BI",
      "file": "s3://paysafe-unity-netbanx-mgr-452253236614-ca-central-1/pipeline-unity/spark_sql/usAcquiring/MerchantDemographics/PII/Daily/MD/MerchantDemographicsDaily_1.sql"
    },
	{
      "sql": " SELECT current_date() as todayDate, * from MerchantDemographicsDaily_BI",
      "dataFrameName": "MerchantDemographicsDaily_S3_partition"
    },
    {
      "sql": "  SELECT MerchantNumber, BillingProgram, isOpen, OpenDate, CloseDate, SponsorBank, ClearingPlatform, DBA, DiscountMethod, OpenYearMonth, CloseYearMonth, hasBillingOrVolume, isNonProfit, MCC, CloseCode, LocationAddressPart, LocationAddressPartPlain, LocationCity, LocationState, LocationZIP, LocationCountry, LocationPhoneLast4, LocationPhonePlain, OwnerNameLast25Pct, OwnerNamePlain, EmailFirst25Pct, EmailPlain, CorpTaxIDLast25Pct, OwnerTaxIDLast4, LegalBusinessName, LegalBusinessNamePlain, CorpTaxIDFingerprint, OwnerTaxIDFingerprint, EmailFingerprint FROM MerchantDemographicsDaily_Final",
      "dataFrameName": "MerchantDemographicsDaily_MCRM"
    }
  ],
  "outputs": {

    "MerchantDemographicsDaily_BI": {
      "vertica": {
        "schema": "BI",
        "table": "MerchantDemographics_PII",
        "mode": "Overwrite"
      }
    },
    "MerchantDemographicsDaily_S3_partition": {
      "file": {
        "path": "s3://paysafe-unity-uspp-data-452253236614-ca-central-1/conformed/MerchantDemographicsHistory_PII/",
        "saveMode": "Overwrite",
        "repartition": 3,
        "options": {
          "partitionOverwriteMode": "dynamic"
        },
        "format": "parquet",
        "partitionBy": [
          "todayDate"
        ]
      }
    }
    
  },
  
  "explain": false,
  "showPreviewLines": 5,
  "showQuery": true,
  "cacheOnPreview": true,
  "logLevel": "ERROR",
  "cacheCountOnOutput": false,
  "continueOnFailedStep": false,
  "enableHiveSupport": false
}