{
   "appName": "paymentProcessing_usAcquiring_ChargeBacks",
   "inputs": {
      "SD119_Omaha_staging": {
         "fileCustom": {
            "path": "s3://paysafe-unity-netbanx-mgr-452253236614-ca-central-1/ppbi-unity/output/paymentProcessing_usAcquiring_FDR_SD119/",
            "format": "parquet",
            "schemaPath": "s3://paysafe-unity-netbanx-mgr-452253236614-ca-central-1/pipeline-unity/schema/usAcquiring/paymentProcessing_usAcquiring_FDR_SD119_schema.json",
            "cachedf": true
         }
      },
      "SD206_Omaha_staging": {
         "fileCustom": {
            "path": "s3://paysafe-unity-netbanx-mgr-452253236614-ca-central-1/ppbi-unity/output/paymentProcessing_usAcquiring_FDR_SD206CHARGEBACK/",
            "format": "parquet",
            "schemaPath": "s3://paysafe-unity-netbanx-mgr-452253236614-ca-central-1/pipeline-unity/schema/usAcquiring/paymentProcessing_usAcquiring_FDR_SD206CHARGEBACK_schema.json",
            "cachedf": true
         }
      },
      "SD430B_Omaha_staging": {
         "fileCustom": {
            "path": "s3://paysafe-unity-netbanx-mgr-452253236614-ca-central-1/ppbi-unity/output/paymentProcessing_usAcquiring_FDR_SD430BCHARGEBACK/",
            "format": "parquet",
            "schemaPath": "s3://paysafe-unity-netbanx-mgr-452253236614-ca-central-1/pipeline-unity/schema/usAcquiring/paymentProcessing_usAcquiring_FDR_SD430BCHARGEBACK_schema.json",
            "cachedf": true
         }
      },
      "MerlinCaseActionFile_TSYS_staging": {
         "fileCustom": {
            "path": "s3://paysafe-unity-netbanx-mgr-452253236614-ca-central-1/ppbi-unity/output/paymentProcessing_usAcquiring_TSYS_MERLINCASEACTION/",
            "format": "parquet",
            "schemaPath": "s3://paysafe-unity-netbanx-mgr-452253236614-ca-central-1/pipeline-unity/schema/usAcquiring/paymentProcessing_usAcquiring_TSYS_MERLINCASEACTION_schema.json",
            "cachedf": true
         }
      },
      "DFM_ChargebackDetail009_North_staging": {
         "fileCustom": {
            "path": "s3://paysafe-unity-netbanx-mgr-452253236614-ca-central-1/ppbi-unity/output/paymentProcessing_usAcquiring_FDR_DFM009CHARGEBACK/",
            "format": "parquet",
            "schemaPath": "s3://paysafe-unity-netbanx-mgr-452253236614-ca-central-1/pipeline-unity/schema/usAcquiring/paymentProcessing_usAcquiring_FDR_DFM009CHARGEBACK_schema.json",
            "cachedf": true
         }
      },
      "ReportingChannels": {
         "file_custom_minus_days": {
            "template": "s3://paysafe-unity-uspp-data-452253236614-ca-central-1/conformed/ReportingChannelsHistory/FILEDATE=%s/",
            "format": "parquet",
            "minus_days": {
               "format": "yyyy-MM-dd",
               "noOfDays": 1
            },
            "cachedf": true
         }
      }
   },
   "connectionProperties": {
      "vertica": {
         "db": "verticadb",
         "secretType": "AWSSECRET",
         "secretKey": "ppbi_credentials",
         "host": "vertica.edl2.prod.paysafe.cloud"
      }
   },
   "stages": [
      {
         "dataFrameName": "SD206_Omaha",
         "sql": "select DISPUTE_DATE, PRSC_CODE,TRANS_AMOUNT,CARDNUMBERFIRST6,CARDNUMBERLAST4,DISP_CASE_NR, ACQUIRER_REFERENCE_NO,DISPUTE_RESN, FDR_MERCHANT_NAME,MCC,NETWORK_ID,AUTH_CD, CLEARINGDATEACQUIRERREFERENCENO,DISCV_MRCH_NR,ISSR_CNCY,CARDHOLDER_NR,TRANS_ID,ENVELOPEFILEDATE, case when trim(FUNCCD) = '' then null ELSE FUNCCD END as FUNCCD  ,case when trim(FDR_MRCH_NR) = '' then null ELSE FDR_MRCH_NR END as FDR_MRCH_NR,regexp_extract(input_file_name(), \".*FILENAME=(.*)/.*\") AS PaysafeTraceID from SD206_Omaha_staging"
      },
      {
         "dataFrameName": "SD430B_Omaha",
         "sql": "select ADJ_DT  ,CB_AMT ,CARDNUMBERFIRST6 ,CARDNUMBERLAST4 ,ADJ_NR ,CURRENT_CASE ,IND_REF_NR ,CB_REASON ,MRCH_NAME ,TRAN_DT ,ROC_AMT ,SE_NR ,CARDHOLDER_NR ,ENVELOPEFILEDATE ,case when trim(FINANCIAL_INDICATOR) = '' then null ELSE FINANCIAL_INDICATOR END as FINANCIAL_INDICATOR  ,case when trim(FDR_MRCH_NR) = '' then null ELSE FDR_MRCH_NR END as FDR_MRCH_NR,regexp_extract(input_file_name(), \".*FILENAME=(.*)/.*\") AS PaysafeTraceID   from SD430B_Omaha_staging"
      },
      {
         "dataFrameName": "SD119_Omaha",
         "sql": "select VS_CPD  ,VS_AMOUNT ,VSCARDHOLDERFIRST6 ,VSCARDHOLDERLAST4 ,VS_SEQUENCE_NO ,VS_VISA_CASE ,VS_RSN ,VS_DSP_CND , VS_FC_DATE, MC_FC_DATE, VS_REFERENCE_NUMBER ,VS_MRCH_DBA ,VS_CAT ,case when trim(VS_TRAN) = '' then null ELSE VS_TRAN END as VS_TRAN ,VS_CD ,VS_TRN_DATE ,VSCLEARINGDATEREFERENCENO ,case when trim(VS_SP_CB) = '' then null ELSE VS_SP_CB END as VS_SP_CB ,VS_S_CURR ,VS_CARDHOLDER ,MC_FDR_TRAN_ID ,ENVELOPEFILEDATE  ,MC_CPD  ,MC_REVERSAL ,MC_PROC_CD ,MC_AMOUNT ,MCCARDHOLDERFIRST6 ,MCCARDHOLDERLAST4 ,MC_SEQUENCE_NUM ,MC_CBREFNUM ,MC_REFERENCE_NUMBER ,MC_RSN ,MC_MERCHANT_NAME ,MC_CAT_CD ,MC_TRACE_ID ,MC_AUTH_CD ,MC_TRN_DATE ,MCCLEARINGDATEREFERENCENO ,MC_TRAN_AMOUNT  ,MC_CURR_CHBK_FEE ,MC_CARDHOLDER, CASE WHEN trim(VS_DSP_ST) = '' then null ELSE VS_DSP_ST END as VS_DSP_ST,CASE WHEN trim(VS_DISPOSITION) = '' then null ELSE VS_DISPOSITION END as VS_DISPOSITION, case when trim(MC_SYSTEM_NUMBER) = '' then null ELSE MC_SYSTEM_NUMBER END as MC_SYSTEM_NUMBER  ,case when trim(MC_DISPOSITION) = '' then null ELSE MC_DISPOSITION END as MC_DISPOSITION ,case when trim(MC_CBT) = '' then null ELSE MC_CBT END as MC_CBT ,case when trim(MC_FNC_CD) = '' then null ELSE MC_FNC_CD END as MC_FNC_CD, case when trim(VS_MERCHANT) = '' then null ELSE VS_MERCHANT END as VS_MERCHANT  ,case when trim(MC_MERCHANT) = '' then null ELSE MC_MERCHANT END as MC_MERCHANT,regexp_extract(input_file_name(), \".*FILENAME=(.*)/.*\") AS PaysafeTraceID  from SD119_Omaha_staging"
      },
      {
         "dataFrameName": "MerlinCaseActionFile_TSYS",
         "sql": "select CASENUMBERDATE  ,CARD_BRAND ,DEBIT_CREDIT ,CASE_AMOUNT ,CARDHOLDERACCOUNTNUMBERFIRST6 ,CARDHOLDERACCOUNTNUMBERLAST4 ,CASE_NUMBER ,VROL_CASE_NUMBER ,CHARGEBACK_REFERENCE_NUMBER,ACQUIRER_REFERENCE_NUMBER ,REASON_CODE ,FULL_REASON_CODE ,DBA_NAME ,MCC ,case when trim(TRANS_ID) = '' then null ELSE TRANS_ID END as TRANS_ID ,AUTH_CODE ,DATE_TRANSACTION ,CLEARINGDATEACQUIRERREFERENCENUMBER ,CARDHOLDER_ACCOUNT_NUMBER ,FAMILY_ID ,ENVELOPEFILEDATE ,case when trim(ITEM_TYPE) = '' then null ELSE ITEM_TYPE END as ITEM_TYPE  ,case when trim(CASE_TYPE) = '' then null ELSE CASE_TYPE END as CASE_TYPE ,case when trim(RECORD_TYPE) = '' then null ELSE RECORD_TYPE END as RECORD_TYPE , case when trim(MERCHANT_NUMBER) = '' then null ELSE MERCHANT_NUMBER END as MERCHANT_NUMBER,regexp_extract(input_file_name(), \".*FILENAME=(.*)/.*\") AS PaysafeTraceID from MerlinCaseActionFile_TSYS_staging"
      },
      {
         "dataFrameName": "DFM_ChargebackDetail009_North",
         "sql": "select FIRST_CHARGEBACK_DATE,STATUS_DATE  ,case when trim(LOCATION_ID)='' then null else LOCATION_ID end as LOCATION_ID ,CARD_TYPE ,DEBIT_NETWORK_ID ,DISPUTEAMOUNTSIGNED ,CARDNUMBERFIRST6 ,CARDNUMBERLAST4 ,case when trim(IDS_CASE_NUMBER)='' then null else IDS_CASE_NUMBER end as IDS_CASE_NUMBER ,ACQUIRER_REFERENCE_NUMBER ,REASON_CODE ,LOCATION_DBA_NAME ,SIC_CODE ,AUTHORIZATION_CODE ,BATCH_DATE ,CLEARINGDATEREFERENCENUMBER ,PROCESSEDTRANSACTIONAMOUNTSIGNED ,CHARGEBACK_CURRENCY_CODE ,CARD_NUMBER ,ENVELOPEFILEDATE , case when trim(CHARGEBACK_CYCLE)='' then null else CHARGEBACK_CYCLE end as CHARGEBACK_CYCLE,regexp_extract(input_file_name(), \".*FILENAME=(.*)/.*\") AS PaysafeTraceID from DFM_ChargebackDetail009_North_staging"
      },
      {
         "dataFrameName": "SD119_Omaha_Visa_Stage",
         "sql": "SELECT VS_CPD AS ChargebackDate, vv.VS_MERCHANT AS MerchantNumber, 'VISA' AS CardScheme, 'FirstChargeback' AS LifecycleType, CASE WHEN NVL(VS_AMOUNT, 0)>= 0 THEN CAST(VS_AMOUNT AS decimal(18,4) ) ELSE CAST(0.00 AS decimal(18,4) ) END AS WithdrawalAmt, CASE WHEN NVL(VS_AMOUNT, 0)<0 THEN CAST(ABS(VS_AMOUNT) AS decimal(18,4) ) ELSE CAST(0.00 AS decimal(18,4) ) END AS DepositAmt, CASE WHEN NVL(VS_AMOUNT, 0)<0 THEN 'C' ELSE 'D' END AS AmtDirection, VSCARDHOLDERFIRST6 AS First6, VSCARDHOLDERLAST4 AS Last4, REPLACE(vv.VS_SEQUENCE_NO, ' ', '') AS DisputeManagerCase, NULL AS MerLinkCase, REPLACE(vv.VS_VISA_CASE, ' ', '') AS VisaCase, NULL AS MasterCardCase, NULL AS AMEXCase, NULL AS DiscoverCase, vv.VS_REFERENCE_NUMBER AS ARN, RIGHT(VS_RSN, 2) || CAST('.' AS VARCHAR(20)) || VS_DSP_CND AS DisputeReasonCode, VS_MRCH_DBA AS DBA, VS_CAT AS MCC, CASE WHEN VS_TRAN IS NOT NULL THEN toCustomDate(SUBSTRING(RIGHT(VS_TRAN, 15), 3, 4), 'YDDD', 'MMM dd') ELSE NULL END AS AuthDateCardScheme, RIGHT(VS_TRAN, 15) AS AuthTraceCode, VS_CD AS AuthCode, VS_TRN_DATE AS BatchDate,VSCLEARINGDATEREFERENCENO AS TxnClearingDate, CASE WHEN VS_SP_CB IS NOT NULL THEN NULL ELSE CAST(ABS(VS_AMOUNT) AS decimal(18,4) ) END AS TxnAmount, CASE WHEN VS_SP_CB IS NOT NULL THEN 'Y' ELSE 'N' END AS isDisputeAmtLessThanTxnAmt, NULL AS MerchantNumberCardScheme, CASE WHEN VS_S_CURR = '840' THEN 'USD' ELSE VS_S_CURR END AS CurrencyCode, 'OMA' AS Processor, VS_CARDHOLDER AS CardFingerprint, MC_FDR_TRAN_ID AS FDRTranID, NULL AS TSYSFamilyID, UUID() AS PaysafeChargebackID, ENVELOPEFILEDATE AS PaysafeTraceDate, PaysafeTraceID AS PaysafeTraceID FROM SD119_Omaha vv INNER JOIN ( SELECT * FROM ( SELECT DISTINCT LEFT(VS_MERCHANT,15) VS_MERCHANT, VS_REFERENCE_NUMBER, VS_VISA_CASE, VS_SEQUENCE_NO, VS_FC_DATE, ROW_NUMBER() OVER (PARTITION BY VS_REFERENCE_NUMBER,VS_VISA_CASE,VS_SEQUENCE_NO ORDER BY VS_FC_DATE ASC) AS ROWNUMBER FROM SD119_Omaha_staging WHERE VS_DSP_ST IN ('F1')) cc WHERE ROWNUMBER=1 ) bb ON ( LEFT(vv.VS_MERCHANT,15)=LEFT(bb.VS_MERCHANT,15) AND vv.VS_REFERENCE_NUMBER=bb.VS_REFERENCE_NUMBER AND vv.VS_VISA_CASE=bb.VS_VISA_CASE AND vv.VS_SEQUENCE_NO=bb.VS_SEQUENCE_NO AND vv.VS_FC_DATE=bb.VS_FC_DATE )"
      },
      {
         "dataFrameName": "SD119_Omaha_MasterCard_Stage",
         "sql": "SELECT MC_CPD AS ChargebackDate, vv.MC_MERCHANT AS MerchantNumber, 'MC' AS CardScheme, 'FirstChargeback' AS LifecycleType, CASE WHEN LEFT(MC_PROC_CD,2) IN ('00','12','09','18','28') THEN CAST(MC_AMOUNT AS decimal(18,4)) ELSE CAST(0.00 AS decimal(18,4)) END as WithdrawalAmt, CASE WHEN LEFT(MC_PROC_CD,2) IN ('20') THEN CAST(MC_AMOUNT AS decimal(18,4)) ELSE CAST(0.00 AS decimal(18,4)) END as DepositAmt, CASE WHEN LEFT(MC_PROC_CD,2) IN ('00','12','09','18','28') THEN 'D' WHEN LEFT(MC_PROC_CD,2) IN ('20') THEN 'C' ELSE '?' END as AmtDirection, MCCARDHOLDERFIRST6 AS First6, MCCARDHOLDERLAST4 AS Last4, vv.MC_SEQUENCE_NUM AS DisputeManagerCase, NULL AS MerLinkCase, NULL AS VisaCase, vv.MC_CBREFNUM AS MasterCardCase, NULL AS AMEXCase, NULL AS DiscoverCase, vv.MC_REFERENCE_NUMBER AS ARN, MC_RSN AS DisputeReasonCode, MC_MERCHANT_NAME AS DBA, MC_CAT_CD AS MCC, date_format(TO_DATE('0001' || SUBSTRING(MC_TRACE_ID, 11, 2)|| RIGHT(MC_TRACE_ID, 2), 'yyyyMMdd'), 'MMM dd') AS AuthDateCardScheme, MC_TRACE_ID AS AuthTraceCode, MC_AUTH_CD AS AuthCode, MC_TRN_DATE AS BatchDate, MCCLEARINGDATEREFERENCENO AS TxnClearingDate, CAST(ABS(MC_TRAN_AMOUNT) AS decimal(18,4) ) AS TxnAmount, CASE WHEN MC_FNC_CD IN ('282', '453', '454') THEN 'Y' ELSE 'N' END AS isDisputeAmtLessThanTxnAmt, NULL AS MerchantNumberCardScheme, CASE WHEN MC_CURR_CHBK_FEE = '840' THEN 'USD' ELSE MC_CURR_CHBK_FEE END AS CurrencyCode, 'OMA' AS Processor, MC_CARDHOLDER AS CardFingerprint, MC_FDR_TRAN_ID AS FDRTranID, NULL AS TSYSFamilyID, UUID() AS PaysafeChargebackID, ENVELOPEFILEDATE AS PaysafeTraceDate, PaysafeTraceID AS PaysafeTraceID FROM SD119_Omaha vv INNER JOIN ReportingChannels rc ON (LEFT(vv.MC_MERCHANT,15)=LEFT(rc.MerchantNumber,15)) INNER JOIN ( SELECT * FROM ( SELECT DISTINCT LEFT(MC_MERCHANT,15) MC_MERCHANT, MC_REFERENCE_NUMBER, MC_CBREFNUM, MC_SEQUENCE_NUM, MC_FC_DATE, ROW_NUMBER() OVER (PARTITION BY MC_REFERENCE_NUMBER,MC_CBREFNUM,MC_SEQUENCE_NUM ORDER BY MC_FC_DATE ASC) AS ROWNUMBER FROM SD119_Omaha WHERE MC_MERCHANT IS NOT NULL AND MC_CBT='1' AND NVL(MC_REVERSAL,'')='' ) cc WHERE ROWNUMBER=1 ) bb ON ( LEFT(vv.MC_MERCHANT,15)=LEFT(bb.MC_MERCHANT,15) AND vv.MC_REFERENCE_NUMBER=bb.MC_REFERENCE_NUMBER AND vv.MC_CBREFNUM=bb.MC_CBREFNUM AND vv.MC_SEQUENCE_NUM=bb.MC_SEQUENCE_NUM AND vv.MC_FC_DATE=bb.MC_FC_DATE )"
      },
      {
         "dataFrameName": "SD206_Omaha_stage",
         "sql": "SELECT DISPUTE_DATE AS ChargebackDate, rc.MerchantNumber AS MerchantNumber, 'DISC' AS CardScheme, 'FirstChargeback' AS LifecycleType, CASE WHEN LEFT(PRSC_CODE, 2) != '20' THEN CAST(ABS(TRANS_AMOUNT) AS decimal(18,4) ) ELSE CAST(0.00 AS decimal(18,4) ) END AS WithdrawalAmt, CASE WHEN LEFT(PRSC_CODE, 2) = '20' THEN CAST(ABS(TRANS_AMOUNT) AS decimal(18,4) ) ELSE CAST(0.00 AS decimal(18,4) ) END AS DepositAmt, CASE WHEN LEFT(PRSC_CODE, 2) = '20' THEN 'C' ELSE 'D' END AS AmtDirection, CARDNUMBERFIRST6 AS First6, CARDNUMBERLAST4 AS Last4, DISP_CASE_NR AS DisputeManagerCase, NULL AS MerLinkCase, NULL AS VisaCase, NULL AS MasterCardCase, NULL AS AMEXCase, DISP_CASE_NR AS DiscoverCase, ACQUIRER_REFERENCE_NO AS ARN, DISPUTE_RESN AS DisputeReasonCode, FDR_MERCHANT_NAME AS DBA, MCC AS MCC, NULL AS AuthDateCardScheme, NETWORK_ID AS AuthTraceCode, AUTH_CD AS AuthCode, NULL AS BatchDate, CLEARINGDATEACQUIRERREFERENCENO AS TxnClearingDate, NULL As TxnAmount, CASE WHEN FUNCCD = '453' THEN 'Y' WHEN FUNCCD = '450' THEN 'N' ELSE FUNCCD END AS isDisputeAmtLessThanTxnAmt, DISCV_MRCH_NR AS MerchantNumberCardScheme, ISSR_CNCY AS CurrencyCode, 'OMA' AS Processor, CARDHOLDER_NR AS CardFingerprint, TRANS_ID AS FDRTranID, NULL AS TSYSFamilyID, UUID() AS PaysafeChargebackID, ENVELOPEFILEDATE AS PaysafeTraceDate, PaysafeTraceID AS PaysafeTraceID FROM SD206_Omaha oo INNER JOIN ReportingChannels rc ON (oo.FDR_MRCH_NR=rc.MerchantNumber) WHERE FUNCCD IN ('450', '453')"
      },
      {
         "dataFrameName": "SD430B_Omaha_stage",
         "sql": "SELECT aa.ADJ_DT AS ChargebackDate, rc.MerchantNumber AS MerchantNumber, 'OPTB' AS CardScheme, 'FirstChargeback' AS LifecycleType, CASE WHEN CB_AMT<0 THEN CAST(ABS(CB_AMT) AS decimal(18,4) ) ELSE CAST(0.00 AS decimal(18,4) ) END AS WithdrawalAmt, CASE WHEN CB_AMT >= 0 THEN CAST(ABS(CB_AMT) AS decimal(18,4) ) ELSE CAST(0.00 AS decimal(18,4) ) END AS DepositAmt, CASE WHEN CB_AMT<0 THEN 'D' ELSE 'C' END AS AmtDirection, CARDNUMBERFIRST6 AS First6, CARDNUMBERLAST4 AS Last4, ADJ_NR AS DisputeManagerCase, NULL AS MerLinkCase, NULL AS VisaCase, NULL AS MasterCardCase, CURRENT_CASE AS AMEXCase, NULL AS DiscoverCase, IND_REF_NR AS ARN, CB_REASON AS DisputeReasonCode, MRCH_NAME AS DBA, NULL AS MCC, NULL AS AuthDateCardScheme, NULL AS AuthTraceCode, NULL AS AuthCode, TRAN_DT AS BatchDate, NULL AS TxnClearingDate, CAST(ABS(ROC_AMT) AS decimal(18,4) ) AS TxnAmount, CASE WHEN ABS(CB_AMT)<ABS(ROC_AMT) THEN 'Y' ELSE 'N' END AS isDisputeAmtLessThanTxnAmt, SE_NR AS MerchantNumberCardScheme, NULL AS CurrencyCode, 'OMA' AS Processor, CARDHOLDER_NR AS CardFingerprint, NULL AS FDRTranID, NULL AS TSYSFamilyID, UUID() AS PaysafeChargebackID, ENVELOPEFILEDATE AS PaysafeTraceDate, PaysafeTraceID AS PaysafeTraceID FROM SD430B_Omaha aa INNER JOIN ReportingChannels rc ON (aa.FDR_MRCH_NR=rc.MerchantNumber) WHERE FINANCIAL_INDICATOR = 'Y'"
      },
      {
         "dataFrameName": "FDR_Omaha_Conformed",
         "sql": "select Omaha.*, rc.FinanceCompany from (select * from  SD119_Omaha_Visa_Stage UNION ALL select * from SD119_Omaha_MasterCard_Stage UNION ALL select * from SD206_Omaha_stage UNION ALL select * from SD430B_Omaha_stage) Omaha INNER JOIN ReportingChannels rc ON ( LEFT(Omaha.MerchantNumber, 15) = LEFT(rc.MerchantNumber, 15))"
      },
      {
         "dataFrameName": "TSYS_Conformed",
         "sql": "select ChargebackDate, rc.MerchantNumber AS MerchantNumber, CardScheme, LifecycleType, WithdrawalAmt, DepositAmt, AmtDirection, First6, Last4, DisputeManagerCase, MerLinkCase, VisaCase, MasterCardCase, AMEXCase, DiscoverCase, ARN, DisputeReasonCode, DBA, MCC, AuthDateCardScheme, AuthTraceCode, AuthCode, BatchDate, TxnClearingDate, TxnAmount, isDisputeAmtLessThanTxnAmt, MerchantNumberCardScheme, CurrencyCode, Processor, CardFingerprint, FDRTranID, TSYSFamilyID, PaysafeChargebackID, PaysafeTraceDate, PaysafeTraceID, rc.FinanceCompany from( SELECT CASENUMBERDATE AS ChargebackDate, mm.MERCHANT_NUMBER AS MerchantNumber, CASE WHEN CARD_BRAND = '1' THEN 'VISA' WHEN CARD_BRAND = '2' THEN 'MC' WHEN CARD_BRAND = '3' THEN 'DISC' WHEN CARD_BRAND = '4' THEN 'OPTB' WHEN CARD_BRAND = '5' THEN 'PPAL' ELSE CARD_BRAND END AS CardScheme, 'FirstChargeback' LifecycleType, CASE WHEN DEBIT_CREDIT = 'D' THEN CAST(CASE_AMOUNT AS decimal(18,4) ) ELSE CAST(0.00 AS decimal(18,4) ) END AS WithdrawalAmt, CASE WHEN DEBIT_CREDIT = 'C' THEN CAST(CASE_AMOUNT AS decimal(18,4) ) ELSE CAST(0.00 AS decimal(18,4) ) END AS DepositAmt, CASE WHEN DEBIT_CREDIT IN ('D', 'C') THEN DEBIT_CREDIT ELSE '?' END AS AmtDirection, CARDHOLDERACCOUNTNUMBERFIRST6 AS First6, CARDHOLDERACCOUNTNUMBERLAST4 AS Last4, NULL AS DisputeManagerCase, CASE_NUMBER AS MerLinkCase, VROL_CASE_NUMBER AS VisaCase, CASE WHEN CARD_BRAND = '2' THEN CHARGEBACK_REFERENCE_NUMBER END AS MasterCardCase, CASE WHEN CARD_BRAND = '4' THEN CHARGEBACK_REFERENCE_NUMBER END AS AMEXCase, CASE WHEN CARD_BRAND = '3' THEN CHARGEBACK_REFERENCE_NUMBER END AS DiscoverCase, ACQUIRER_REFERENCE_NUMBER AS ARN, CASE WHEN CARD_BRAND = '1' THEN LEFT(REASON_CODE, 2) || CAST('.' AS VARCHAR(20)) || SUBSTRING(REASON_CODE, 4, 1) WHEN CARD_BRAND = '4' THEN FULL_REASON_CODE ELSE REASON_CODE END AS DisputeReasonCode, DBA_NAME AS DBA, MCC AS MCC, CASE WHEN CARD_BRAND IN ('1', '3', '4') AND TRANS_ID IS NOT NULL THEN toCustomDate(SUBSTRING(TRANS_ID, 3, 4), 'YDDD', 'MMM dd') WHEN CARD_BRAND = '2' AND TRANS_ID IS NOT NULL THEN date_format(TO_DATE('0001' || SUBSTRING(TRANS_ID, 10, 2)|| RIGHT(TRANS_ID,2), 'yyyyMMdd'), 'MMM dd') ELSE NULL END AS AuthDateCardScheme, TRANS_ID AS AuthTraceCode, AUTH_CODE AS AuthCode, DATE_TRANSACTION AS BatchDate, CLEARINGDATEACQUIRERREFERENCENUMBER AS TxnClearingDate, NULL AS TxnAmount, NULL AS isDisputeAmtLessThanTxnAmt, NULL AS MerchantNumberCardScheme, NULL AS CurrencyCode, 'TSS' AS Processor, CARDHOLDER_ACCOUNT_NUMBER AS CardFingerprint, NULL AS FDRTranID, FAMILY_ID AS TSYSFamilyID, UUID() AS PaysafeChargebackID, ENVELOPEFILEDATE AS PaysafeTraceDate, PaysafeTraceID AS PaysafeTraceID FROM MerlinCaseActionFile_TSYS mm WHERE ITEM_TYPE = '01' AND CASE_TYPE IN ('01', '12', '18', '20', '21') AND RECORD_TYPE IS NULL) MerlinCaseActionFile_TSYS_stag INNER JOIN ReportingChannels rc ON (CAST(MerlinCaseActionFile_TSYS_stag.MerchantNumber AS BIGINT) = rc.MerchantNumber)"
      },
      {
         "dataFrameName": "subDfmDf",
         "sql": "SELECT IDS_CASE_NUMBER, MIN(STATUS_DATE) as STATUS_DATE   FROM DFM_ChargebackDetail009_North WHERE CHARGEBACK_CYCLE='F' GROUP BY IDS_CASE_NUMBER"
      },
      {
         "dataFrameName": "dfmDf",
         "sql": "select *  from DFM_ChargebackDetail009_North"
      },
      {
         "dataFrameName": "FDR_North_Conformed",
         "sql": "SELECT FIRST_CHARGEBACK_DATE ChargebackDate, LOCATION_ID MerchantNumber, CASE WHEN CARD_TYPE IN('003', '00002', '00079', '00080', '00081', '00082', '00083', '00084') THEN 'VISA' WHEN CARD_TYPE IN ('00001', '002') THEN 'MC' WHEN CARD_TYPE IN ('00003') THEN 'DISC' WHEN CARD_TYPE IN ('00018') AND DEBIT_NETWORK_ID = '060007' THEN 'MAES' WHEN CARD_TYPE IN ('00018') AND DEBIT_NETWORK_ID = '060005' THEN 'ITLK' WHEN CARD_TYPE IN ('00018') AND DEBIT_NETWORK_ID IN('060003', '060006', '060004') THEN 'STAR' WHEN CARD_TYPE IN ('00018') AND DEBIT_NETWORK_ID = '060011' THEN 'PULS' WHEN CARD_TYPE IN ('00018') AND DEBIT_NETWORK_ID = '060141' THEN 'ACCL' WHEN CARD_TYPE IN ('00018') AND DEBIT_NETWORK_ID = '060010' THEN 'NYCE' WHEN CARD_TYPE IN ('00018') AND DEBIT_NETWORK_ID = '070000' THEN 'AFFN' WHEN CARD_TYPE IN ('00018') AND DEBIT_NETWORK_ID = '060013' THEN 'SHZM' WHEN CARD_TYPE IN ('00018') AND DEBIT_NETWORK_ID = '065000' THEN 'JEAN' WHEN CARD_TYPE IN ('00018') THEN 'GPIN' WHEN CARD_TYPE IN ('00008') THEN 'OPTB' WHEN CARD_TYPE IN ('00035') THEN 'WEX' WHEN CARD_TYPE IN ('00027') THEN 'EBT' ELSE LEFT(CARD_TYPE, 2) END AS CardScheme, 'FirstChargeback' AS LifecycleType, CASE WHEN NVL(DISPUTEAMOUNTSIGNED, 0)>= 0 THEN CAST(DISPUTEAMOUNTSIGNED AS decimal(18,4) ) ELSE CAST(0.00 AS decimal(18,4) ) END AS WithdrawalAmt, CASE WHEN NVL(DISPUTEAMOUNTSIGNED, 0)<0 THEN CAST(ABS(DISPUTEAMOUNTSIGNED) AS decimal(18,4) ) ELSE CAST(0.00 AS decimal(18,4) ) END AS DepositAmt, CASE WHEN NVL(DISPUTEAMOUNTSIGNED, 0)<0 THEN 'C' ELSE 'D' END AS AmtDirection, CARDNUMBERFIRST6 AS First6, CARDNUMBERLAST4 AS Last4, nn.IDS_CASE_NUMBER AS DisputeManagerCase, NULL AS MerLinkCase, NULL AS VisaCase, NULL AS MasterCardCase, NULL AS AMEXCase, NULL AS DiscoverCase, ACQUIRER_REFERENCE_NUMBER AS ARN, CASE WHEN CARD_TYPE IN ('003', '00002', '00079', '00080', '00081', '00082', '00083', '00084') THEN LEFT(REASON_CODE, 2) || CAST('.' AS VARCHAR(20)) || SUBSTRING(REASON_CODE, 3, 1) WHEN CARD_TYPE IN ('00001', '002') AND NVL(LEFT(REASON_CODE, 2), 'ERROR') IN ('07', '08', '12', '31', '34', '37', '40', '41', '42', '46', '49', '53', '54', '55', '59', '60', '63', '70', '71') THEN '48' || LEFT(REASON_CODE, 2) WHEN CARD_TYPE IN ('00001', '002') AND NVL(LEFT(REASON_CODE, 2), 'ERROR') NOT IN ('07', '08', '12', '31', '34', '37', '40', '41', '42', '46', '49', '53', '54', '55', '59', '60', '63', '70', '71') THEN REASON_CODE ELSE REASON_CODE END AS DisputeReasonCode, LOCATION_DBA_NAME AS DBA, SIC_CODE AS MCC, NULL AS AuthDateCardScheme, NULL AS AuthTraceCode, AUTHORIZATION_CODE AS AuthCode, BATCH_DATE AS BatchDate, CLEARINGDATEREFERENCENUMBER AS TxnClearingDate, CAST(ABS(PROCESSEDTRANSACTIONAMOUNTSIGNED) AS decimal(18,4) ) AS TxnAmount, CASE WHEN PROCESSEDTRANSACTIONAMOUNTSIGNED < DISPUTEAMOUNTSIGNED THEN 'Y' ELSE 'N' END AS isDisputeAmtLessThanTxnAmt, NULL AS MerchantNumberCardScheme, CASE WHEN CHARGEBACK_CURRENCY_CODE = '840' THEN 'USD' ELSE CHARGEBACK_CURRENCY_CODE END AS CurrencyCode, 'NOR' AS Processor, CARD_NUMBER AS CardFingerprint, NULL AS FDRTranID, NULL AS TSYSFamilyID, UUID() AS PaysafeChargebackID, ENVELOPEFILEDATE AS PaysafeTraceDate, nn.PaysafeTraceID, rc.FinanceCompany FROM subDfmDf aa INNER JOIN dfmDf nn ON (aa.IDS_CASE_NUMBER = nn.IDS_CASE_NUMBER AND aa.STATUS_DATE = nn.STATUS_DATE) INNER JOIN ReportingChannels rc ON ( nn.LOCATION_ID = rc.MerchantNumber)"
      },
      {
         "dataFrameName": "Chargebacks",
         "sql": "select * from TSYS_Conformed UNION ALL select * from FDR_North_Conformed UNION ALL select * from FDR_Omaha_Conformed "
      },
      {
         "dataFrameName": "BIChargebacks_s3",
         "sql": "SELECT ChargebackDate, MerchantNumber, CardScheme, LifecycleType, WithdrawalAmt, DepositAmt, AmtDirection, First6, Last4, DisputeManagerCase, MerLinkCase, VisaCase, MasterCardCase, AMEXCase, DiscoverCase, ARN, DisputeReasonCode, DBA, MCC, AuthDateCardScheme, AuthTraceCode, AuthCode, BatchDate, TxnClearingDate, TxnAmount, isDisputeAmtLessThanTxnAmt, MerchantNumberCardScheme, CurrencyCode, Processor, CardFingerprint, FDRTranID, TSYSFamilyID, PaysafeChargebackID , PaysafeTraceDate as filedate, PaysafeTraceID as filename FROM Chargebacks"
      },
      {
         "dataFrameName": "MCRMChargebacks_s3",
         "sql": "SELECT ChargebackDate, MerchantNumber, CardScheme, LifecycleType, WithdrawalAmt, DepositAmt, AmtDirection, First6, Last4, DisputeManagerCase, MerLinkCase, VisaCase, MasterCardCase, AMEXCase, DiscoverCase, ARN, DisputeReasonCode, DBA, MCC, AuthDateCardScheme, AuthTraceCode, AuthCode, BatchDate, TxnClearingDate, TxnAmount, isDisputeAmtLessThanTxnAmt, MerchantNumberCardScheme, CurrencyCode, Processor, CardFingerprint, FDRTranID, TSYSFamilyID, PaysafeChargebackID , PaysafeTraceDate as filedate, PaysafeTraceID as filename,case when FinanceCompany is null then 'undefined' else FinanceCompany end as financecompany FROM Chargebacks"
      },
      {
         "dataFrameName": "Metadatacount",
         "sql": "select 'paymentProcessing_usAcquiring_ChargeBacks' as configid,PaysafeTraceDate as filedate, PaysafeTraceID as filename ,cast(count(1) as int) as RAWCOUNT,cast( count(1) as int) as PROCESSEDCOUNT,'usAcquiring' as BUSINESSUNIT, 'ACTIVE' as status, true as ISCONFORMEDENTRY,'PPBI-CHARGEBACKS-LOAD' as usecase,'S3' as SOURCE, 'BLUE' as Zone, current_timestamp() as UPDATEDON from Chargebacks group by PaysafeTraceDate,PaysafeTraceID"
      }
   ],
   "udfClasses": [
      "com.paysafe.upf.data.pipeline.customudf.JulianDate"
   ],
   "outputs": {
      "Metadatacount": {
         "file": {
            "path": "s3://paysafe-unity-vertica-external-tables-245535966659-ca-central-1/DATA_SINK_META_DATA_LOG/",
            "saveMode": "Append",
            "format": "parquet",
            "partitionBy": [
               "usecase",
               "configid"
            ],
            "repartition": 1
         }
      },
      "BIChargebacks_s3": {
         "file": {
            "path": "s3://paysafe-unity-uspp-data-452253236614-ca-central-1/conformed/Chargebacks/",
            "saveMode": "Overwrite",
            "repartition": 3,
            "format": "parquet",
            "partitionBy": [
               "filedate",
               "filename"
            ]
         }
      },
      "MCRMChargebacks_s3": {
         "file": {
            "path": "s3://paysafe-unity-uspp-data-452253236614-ca-central-1/mcrm/Chargebacks/",
            "saveMode": "Overwrite",
            "repartition": 3,
            "format": "parquet",
            "partitionBy": [
               "filedate",
               "filename",
               "financecompany"
            ]
         }
      }
   },
   "explain": true,
   "showPreviewLines": 42,
   "showQuery": true,
   "cacheOnPreview": true,
   "logLevel": "INFO",
   "cacheCountOnOutput": false,
   "continueOnFailedStep": false,
   "enableHiveSupport": false
}