{
   "appName":"paymentProcessing_usAcquiring_RevenueMerchantMonthlyStatement",
   "inputs":{
      "MASSOFlat_ControlData_R10":{
         "file":{
            "path":"s3://paysafe-unity-netbanx-mgr-550629512586-ca-central-1/ppbi-unity/output/paymentProcessing_usAcquiring_FDR_R10CONTROLDATA/",
            "format":"parquet",
            "cachedf":true
         }
      },
      "MASSOFlat_Profitability_R02":{
         "fileCustom":{
            "path":"s3://paysafe-unity-netbanx-mgr-550629512586-ca-central-1/ppbi-unity/output/paymentProcessing_usAcquiring_FDR_R02PROFITABILITY/",
            "format":"parquet",
            "cachedf":true,
            "options":{
               "mergeSchema":"true"
            }
         }
      },
      "MASSNFlat_FeeHistory_RFH":{
         "fileCustom":{
            "path":"s3://paysafe-unity-netbanx-mgr-550629512586-ca-central-1/ppbi-unity/output/paymentProcessing_usAcquiring_FDR_RFHFEEHISTORY/",
            "format":"parquet",
            "cachedf":true,
            "options":{
               "mergeSchema":"true"
            }
         }
      },
      "PPMFeeItemTotalsMonthly_TSYS":{
         "fileCustom":{
            "path":"s3://paysafe-unity-netbanx-mgr-550629512586-ca-central-1/ppbi-unity/output/paymentProcessing_usAcquiring_TSYS_PPMFEEITEMTOTALSMONTHLY/",
            "format":"parquet",
            "cachedf":true,
            "options":{
               "mergeSchema":"true"
            }
         }
      },
      "ReportingChannels":{
         "file_custom_minus_days":{
            "template":"s3://paysafe-unity-uspp-data-550629512586-ca-central-1/conformed/ReportingChannelsHistory/FILEDATE=%s/",
            "format":"parquet",
            "minus_days":{
               "format":"yyyy-MM-dd",
               "noOfDays":0
            },
            "cachedf":true
         }
      }
   },
   "connectionProperties":{
      "vertica":{
         "db":"verticadb",
         "secretType":"AWSSECRET",
         "secretKey":"ppbi_credentials",
         "host":"vertica.edl2.non-prod.paysafe.cloud"
      }
   },
   "stages":[
      {
         "dataFrameName":"RevenueMerchantMonthlyStatement",
         "sql":"(  SELECT    cd.MRCH_STMT_MTH AS MerchStmtMth, cd.ACCOUNT_NO AS MerchantNumber,'OMA' AS Platform, SUM(pp.RMH_MTH_INC_TOTAL_CHARGE) AS BilledAmount  FROM    MASSOFlat_ControlData_R10 cd     INNER JOIN       MASSOFlat_Profitability_R02 pp        ON ( cd.MRCH_STMT_MTH = pp.MRCH_STMT_MTH        AND cd.ACCOUNT_NO = pp.ACCOUNT_NO )     INNER JOIN       ReportingChannels rc        ON (LEFT(cd.ACCOUNT_NO, 15) = LEFT(rc.MerchantNumber, 15))  WHERE    cd.MERCHANT_TYPE = 'R'  GROUP BY    cd.MRCH_STMT_MTH, cd.ACCOUNT_NO  HAVING    SUM(pp.RMH_MTH_INC_TOTAL_CHARGE) != 0 )  UNION ALL (  SELECT    nfh.MRCH_STMT_MTH AS MerchStmtMth, nfh.FDMSACCOUNTNO AS MerchantNumber,'NOR' AS Platform, SUM(nfh.RETAIL_AMOUNT) AS BilledAmount  FROM    MASSNFlat_FeeHistory_RFH nfh     INNER JOIN       ReportingChannels rc        ON (nfh.FDMSACCOUNTNO = rc.MerchantNumber)  WHERE    nfh.BUCKET_NUMBER = '002'  GROUP BY    nfh.MRCH_STMT_MTH, nfh.FDMSACCOUNTNO  HAVING    SUM(nfh.RETAIL_AMOUNT) != 0 )  UNION ALL (  SELECT    MRCH_STMT_MTH AS MerchStmtMth, MERCHANT_ID AS MerchantNumber, 'TSS' AS Platform, SUM(INCOME) AS BilledAmount  FROM    PPMFeeItemTotalsMonthly_TSYS fit     INNER JOIN       ReportingChannels rc        ON (fit.MERCHANT_ID = rc.MerchantNumber)  GROUP BY    MRCH_STMT_MTH, MERCHANT_ID  HAVING    SUM(INCOME) != 0 )"
      },
      {
         "dataFrameName":"RevenueMerchantMonthlyStatement_s3",
         "sql":"SELECT merchstmtmth, MerchantNumber,Platform, BilledAmount FROM RevenueMerchantMonthlyStatement"
      }
   ],
   "outputs":{
      "RevenueMerchantMonthlyStatement_s3":{
         "hiveTable":{
            "path":"s3://paysafe-unity-uspp-data-550629512586-ca-central-1/conformed/RevenueMerchantMonthlyStatement/",
            "saveMode":"Overwrite",
            "format":"parquet",
            "partitionBy":[
               "merchstmtmth"
            ],
            "hiveSchemaName": "BI",
            "hiveTableName": "RevenueMerchantMonthlyStatement"
         }
      }
   },
   "explain":true,
   "showPreviewLines":42,
   "showQuery":true,
   "cacheOnPreview":true,
   "logLevel":"INFO",
   "cacheCountOnOutput":false,
   "continueOnFailedStep":false,
   "enableHiveSupport":true
}