{
  "appName":"paymentProcessing_usAcquiring_Irvine",
  "inputs": {
    "MerchantStatusHistory": {
      "fileCustom": {
        "path": "s3://paysafe-unity-netbanx-mgr-452253236614-ca-central-1/fp-unity/output/paymentProcessing_usAcquiring_INTERNAL_MERCHANTSTATUSHISTORY/",
        "format": "parquet",
        "schemaPath": "s3://paysafe-unity-netbanx-mgr-452253236614-ca-central-1/pipeline-unity/schema/usAcquiring/paymentProcessing_usAcquiring_INTERNAL_MERCHANTSTATUSHISTORY.json",
        "cachedf": true
      }
    },
    "Merchants": {
      "fileCustom": {
        "path": "s3://paysafe-unity-netbanx-mgr-452253236614-ca-central-1/fp-unity/output/paymentProcessing_usAcquiring_INTERNAL_MERCHANTS/",
        "format": "parquet",
        "schemaPath": "s3://paysafe-unity-netbanx-mgr-452253236614-ca-central-1/pipeline-unity/schema/usAcquiring/paymentProcessing_usAcquiring_INTERNAL_MERCHANTS.json",
        "cachedf": true
      }
    }
  },
  "stages": [
    {
      "dataFrameName":"applicationdf",
      "sql":"SELECT CASE WHEN rank == 1 THEN true ELSE false END as isCurrent,* FROM ( SELECT *, row_number() OVER (PARTITION BY applicationId ORDER BY createdtimeInMillis DESC) as rank from (SELECT 'Irvine' as office,m.OFFICE_LOCATION as channelIrvineDallas,'IRVINE' as source,cast(m.zid as string) as applicationId, cast('' AS INTEGER) as runId, cast(null as string) as caseId, cast(null as string) as applicationType,msh.StatusName as statusCode,cast(null as string) as reasonCode, cast(null as string) as autoDecision,cast(null as string) as merchantrefnum,cast(null as string) as salesforceAccountId,cast(null as string) as linkageStatus, cast(null as string) as preferredLanguage, m.AGENT_DBA as salesAgentName, CAST(m.AGENT_ID AS INTEGER) as salesAgentId, cast(null as string) as mleid, CAST('' AS INTEGER) AS OnboardingConfigId,UNIX_TIMESTAMP(to_timestamp(DATECREATED,'yyyy-MM-dd HH:MM:ss')) as createdtimeInMillis,cast(null as string) as applcationSubmittedTimeInMillis,cast(null as string) as callbackUrl,'Irvine' as tenantId,cast(null as string) as acquirerId,cast(null as string) as acquirerCode,m.ACQUIRING_BANK as acquirerName,cast(null as string) as bvdId,CAST('' AS boolean) as bankDocumentsUploadPending,CAST('' AS boolean ) AS bankDocumentsVerificationPending,CAST('' as boolean) AS kycDocumentsUploadPending,CAST('' as boolean) AS kycDocumentsVerificationPending,CAST('' AS BOOLEAN) as tinDocumentsUploadPending,CAST('' AS boolean) AS tinDocumentsVerificationPending, CAST('' AS INTEGER) as BatchId, current_timestamp() as MM_CreatedTime, 'SYSTEM' as CreatedBy, current_timestamp() as MM_UpdatedTime, 'SYSTEM' as UpdatedBy  FROM Merchants m left join MerchantStatusHistory msh on m.ZID=msh.ZID))"
    },
    {
      "dataFrameName":"casedf",
      "sql":"select 'Irvine' as source, cast(null as string) as eventId, msh.StatusName as approvalStatus, msh.STATUSCHANGEDBY as assignee, CAST(null AS string) AS caseId, cast(null as string) as comments, UNIX_TIMESTAMP(to_timestamp(msh.STATUSCHANGEDDATE,'yyyy-MM-dd HH:MM:ss')) AS createdTimeInMillis, to_timestamp(msh.STATUSCHANGEDDATE,'yyyy-MM-dd HH:MM:ss') as createdTime, cast(msh.STATUSCHANGEDDATE as date) as caseCreatedDate, CAST('' as INTEGER) as caseCreatedDateKey, cast('' as BOOLEAN) as decisionOverridden, cast(null as string) as providerName, cast(null as string) as queue, cast(null as string) as referalStatus, cast(msh.zid as string) as applicationId, cast(null as string) as applicationName, 'Irvine' as tenantId, cast('' as LONG) as timeWithAssignee, cast(null as string) as type, cast('' as LONG) as updatedTimeInMillis, cast(null as string) as updatedTime, cast(null as date) as updatedDate, CAST('' as INTEGER) as updatedDateKey, 'Irvine' as office, msh.PAYMENTTYPE as IRVINE_PAYMENT_TYPE, CAST('' AS INTEGER) as BatchId, current_timestamp() as MM_CreatedTime, 'SYSTEM' as CreatedBy, current_timestamp() as MM_UpdatedTime, 'SYSTEM' as UpdatedBy,date_format(current_timestamp(),'yyyy-MM-dd') as JOB_DATE FROM MerchantStatusHistory msh"
    },
    {
      "dataFrameName":"applicationAccountDf",
      "sql":"SELECT CASE WHEN rank == 1 THEN true ELSE false END as isCurrent,'Irvine' as source, * from ( select row_number() OVER (PARTITION BY applicationId,merchantAccountId ORDER BY createdtimeInMillis DESC) as rank, * from (select cast(null as string) as applicationAccountId, BACK_MID as merchantAccountId, ZID as applicationId, cast(null as string) as applicationType, CAST(null AS INTEGER) AS runId, CAST(null as string) as caseId, UNIX_TIMESTAMP(to_timestamp(DATECREATED,'yyyy-MM-dd HH:MM:ss')) as createdtimeInMillis,CAST(null AS INTEGER) AS onboardingConfigId, cast(null as string) as mleid, 'Irvine' as TenantId, AGENT_ID as PartnerId, AGENT_DBA as partnerName, cast(null as string) as MerchantLegalName,cast(null as string) as businessDetailId,cast(null as string) as accountName, cast(null as string) as accountType, TRANSACTION_TYPE as paymentType, cast(null as string) as processingcurrency, cast(null as string) as settlementCurrency, cast(null as string) as descriptor,BUSINESS_TYPE as terminalType, cast(null as string) as bankDocumentCustomerId, cast(null as string) as bankDocumentStatus, cast(null as string) as bankDocumentManualDecision from Merchants))"
    }
  ],
  "outputs":{
    "applicationdf":{
      "file":{
        "path":"s3://paysafe-unity-452253236614-ca-central-1-merchantpipeline-prod/merchant-unity/etl/cdm/fulldump/mm_cdm/cdm_hub_application/",
        "saveMode":"Overwrite",
        "options":{
          "partitionOverwriteMode":"dynamic"
        },
        "format":"parquet",
        "partitionBy":[
          "source",
          "isCurrent"
        ]
      }
    },
    "casedf":{
      "file":{
        "path":"s3://paysafe-unity-452253236614-ca-central-1-merchantpipeline-prod/merchant-unity/etl/cdm/fulldump/mm_cdm/cdm_hub_case",
        "saveMode":"Overwrite",
        "options":{
          "partitionOverwriteMode":"dynamic"
        },
        "format":"parquet",
        "partitionBy":[
          "SOURCE"
        ]
      }
    },
    "applicationAccountDf":{
      "file":{
        "path":"s3://paysafe-unity-452253236614-ca-central-1-merchantpipeline-prod/merchant-unity/etl/cdm/fulldump/mm_cdm/cdm_hub_application_account",
        "saveMode":"Overwrite",
        "options":{
          "partitionOverwriteMode":"dynamic"
        },
        "format":"parquet",
        "partitionBy":[
          "SOURCE",
          "isCurrent"
        ]
      }
    }
  },
"explain":true,
"showPreviewLines":42,
"showQuery":true,
"cacheOnPreview":true,
"logLevel":"INFO",
"cacheCountOnOutput":false,
"continueOnFailedStep":false,
"enableHiveSupport":false
}