{
  "appName": "paymentProcessing_usAcquiring_Authorizations",
  "inputs": {
    "AW107_Omaha": {
      "fileCustom": {
        "path": "${PAYMENTPROCESSING_USACQUIRING_FDR_AW107AUTH}",
        "format": "parquet",
        "schemaPath": "s3://paysafe-unity-netbanx-mgr-${ACCOUNTID}-ca-central-1/pipeline-unity/schema/usAcquiring/paymentProcessing_usAcquiring_FDR_AW107AUTH_schema.json",
        "cachedf": true
      }
    },
    "AW169_Omaha": {
      "fileCustom": {
        "path": "${PAYMENTPROCESSING_USACQUIRING_FDR_AW169AUTH}",
        "format": "parquet",
        "schemaPath": "s3://paysafe-unity-netbanx-mgr-${ACCOUNTID}-ca-central-1/pipeline-unity/schema/usAcquiring/paymentProcessing_usAcquiring_FDR_AW169AUTH_schema.json",
        "cachedf": true
      }
    },
    "AuthorizationDetailFile_TSYS": {
      "fileCustom": {
        "path": "${PAYMENTPROCESSING_USACQUIRING_TSYS_ADF}",
        "format": "parquet",
        "schemaPath": "s3://paysafe-unity-netbanx-mgr-${ACCOUNTID}-ca-central-1/pipeline-unity/schema/usAcquiring/paymentProcessing_usAcquiring_TSYS_ADF_schema.json",
        "cachedf": true
      }
    },
    "MD027_Detail_Omaha": {
      "fileCustom": {
        "path": "${PAYMENTPROCESSING_USACQUIRING_FDR_MD027DETAIL}",
        "format": "parquet",
        "schemaPath": "s3://paysafe-unity-netbanx-mgr-${ACCOUNTID}-ca-central-1/pipeline-unity/schema/usAcquiring/paymentProcessing_usAcquiring_FDR_MD027DETAIL_schema.json",
        "cachedf": true
      }
    },
    "MD572_Omaha": {
      "fileCustom": {
        "path": "${PAYMENTPROCESSING_USACQUIRING_FDR_MD572}",
        "format": "parquet",
        "schemaPath": "s3://paysafe-unity-netbanx-mgr-${ACCOUNTID}-ca-central-1/pipeline-unity/schema/usAcquiring/paymentProcessing_usAcquiring_FDR_MD572_schema.json",
        "cachedf": true
      }
    },
    "DFM_AuthorizationDetails021_North": {
      "fileCustom": {
        "path": "${PAYMENTPROCESSING_USACQUIRING_FDR_DFM021AUTH}",
        "format": "parquet",
        "schemaPath": "s3://paysafe-unity-netbanx-mgr-${ACCOUNTID}-ca-central-1/pipeline-unity/schema/usAcquiring/paymentProcessing_usAcquiring_FDR_DFM021AUTH_schema.json",
        "cachedf": true
      }
    },
    "ReportingChannels": {
      "file_date_duration": {
        "template": "s3://paysafe-unity-uspp-data-245535966659-ca-central-1/conformed/ReportingChannelsHistory/FILEDATE=%s/",
        "duration": {
          "skipSunday": false,
          "skipSaturday": false,
          "to": 0,
          "from": 0,
          "format": "yyyy-MM-dd"
        },
        "format": "parquet",
        "cachedf": true
      }
    },
    "MerchantDemographics": {
      "file": {
        "path": "s3://paysafe-unity-uspp-data-${ACCOUNTID}-ca-central-1/conformed/MerchantDemographics/",
        "format": "parquet",
        "cachedf": true
      }
    },
    "AuthResponseDescriptions": {
      "vertica":{
        "schema":"BI_DIMENSION",
        "table":"AuthResponseDescriptions",
        "cachedf":true
      }
    }
  },
  "connectionProperties": {
    "vertica": {
      "db": "${PPBI_VERTICA_DB}",
      "secretType": "AWSSECRET",
      "secretKey": "${PPBI_VERTICA_SECRETKEY}",
      "host": "${PPBI_VERTICA_HOST}"
    }
  },
  "stages": [
    {
      "dataFrameName": "AW107_Omaha",
      "file": "s3://paysafe-unity-netbanx-mgr-${ACCOUNTID}-ca-central-1/pipeline-unity/spark_sql/usAcquiring/Authorizations/AW107_Omaha.sql"
    },
    {
      "dataFrameName": "AW169_Omaha",
      "file": "s3://paysafe-unity-netbanx-mgr-${ACCOUNTID}-ca-central-1/pipeline-unity/spark_sql/usAcquiring/Authorizations/AW169_Omaha.sql"
    },
    {
      "dataFrameName": "MD027_Detail_Omaha",
      "file": "s3://paysafe-unity-netbanx-mgr-${ACCOUNTID}-ca-central-1/pipeline-unity/spark_sql/usAcquiring/Authorizations/MD027_Detail_Omaha.sql"
    },
    {
      "dataFrameName": "MD572_Omaha",
      "file": "s3://paysafe-unity-netbanx-mgr-${ACCOUNTID}-ca-central-1/pipeline-unity/spark_sql/usAcquiring/Authorizations/MD572_Omaha.sql"
    },
    {
      "dataFrameName": "DFM_AuthorizationDetails021_North",
      "file": "s3://paysafe-unity-netbanx-mgr-${ACCOUNTID}-ca-central-1/pipeline-unity/spark_sql/usAcquiring/Authorizations/DFM_AuthorizationDetails021_North.sql"
    },
    {
      "dataFrameName": "AuthorizationDetailFile_TSYS_stage",
      "file": "s3://paysafe-unity-netbanx-mgr-${ACCOUNTID}-ca-central-1/pipeline-unity/spark_sql/usAcquiring/Authorizations/AuthorizationDetailFile_TSYS_stage.sql"
    },
    {
      "dataFrameName": "AuthorizationDetailFile_TSYS",
      "file": "s3://paysafe-unity-netbanx-mgr-${ACCOUNTID}-ca-central-1/pipeline-unity/spark_sql/usAcquiring/Authorizations/AuthorizationDetailFile_TSYS.sql"
    },
    {
      "dataFrameName": "Authorizations_stage1",
      "sql": "SELECT * FROM AW107_Omaha UNION ALL SELECT * FROM AW169_Omaha UNION ALL SELECT * FROM MD027_Detail_Omaha UNION ALL SELECT * FROM MD572_Omaha UNION ALL SELECT * FROM DFM_AuthorizationDetails021_North UNION ALL SELECT * FROM AuthorizationDetailFile_TSYS"
    },
    {
      "dataFrameName": "Authorizations_stage2",
      "sql": "SELECT AuthDate,MerchantNumber,DBA,Authorizations_stage1.CardSchemeCode,AuthType,isApproved,SalesAmountAuth,ReturnsAmountAuth,AuthCode,CardFirst6,CardLast4,CardExpDate,CASE WHEN Authorizations_stage1.SourceReport              = AuthResponseDescriptions.SourceReport AND Authorizations_stage1.CardSchemeCode        = CASE WHEN AuthResponseDescriptions.CardSchemeCode = '*' THEN Authorizations_stage1.CardSchemeCode ELSE AuthResponseDescriptions.CardSchemeCode END AND Authorizations_stage1.ProcessorResponseCode = AuthResponseDescriptions.ProcessorResponseCode AND Authorizations_stage1.isApproved='No' AND NVL(Authorizations_stage1.AuthResponseDescription,'')='' THEN AuthResponseDescriptions.AuthResponseCode ELSE Authorizations_stage1.AuthResponseCode END AuthResponseCode, CASE WHEN Authorizations_stage1.SourceReport              = AuthResponseDescriptions.SourceReport AND Authorizations_stage1.CardSchemeCode        = CASE WHEN AuthResponseDescriptions.CardSchemeCode = '*' THEN Authorizations_stage1.CardSchemeCode ELSE AuthResponseDescriptions.CardSchemeCode END AND Authorizations_stage1.ProcessorResponseCode = AuthResponseDescriptions.ProcessorResponseCode AND Authorizations_stage1.isApproved='No' AND NVL(Authorizations_stage1.AuthResponseDescription,'')='' THEN AuthResponseDescriptions.AuthResponseDescription ELSE Authorizations_stage1.AuthResponseDescription END AuthResponseDescription, isKeyed,isChipRead,isReversed,ACI,ValidationCode,VisaTranID,MastercardRefNumber,AmexRefNumber,DiscoverNetworkRefID,AVSResponse,CVV2ResultCode,CAVVResultCode,UCAFSupportCode,CardProductID,AuthDateTime,ProcessorRunDate,ProcessorRunDateTime,StatementDate,AuthPlatform,ProcessorCardScheme,ProcessorAuthType,ProcessorAmount,ProcessorExtraMsg,Authorizations_stage1.ProcessorResponseCode,POSEntryMsg,POSEntryMode,EComInd,PreOrFinalAuth,ForeignFrontEndMID,MCC,TransTraceAuditNumber,TransEntryAuthAccessMode,HostInterfaceSystemCode,HostCPUIndCode,HowSentToFiserv,BatchSequence,BatchCutOff,BatchTypeETC,CreditVoucherCode,SurchargeAmount,CashbackAmount,StarSignatureDebit,DebitNetworkID,DebitNetworkFee,PINEntryCapability,PINCaptureCapability,PINVerification,RetrievalRefNumber,MarketSpecificIndicatorCode,TransCommType,StoreNumber,POSModelInfo,POSDataCode,CardSourceType,TSYSBINBankStore,TerminalID,ExternalID,OrderNumber,InvoiceNumber,CurrencyCode,CardServiceCode,TransEncryptionType,AuthSecurityLevel,CardFingerprint,Authorizations_stage1.SourceReport,PaysafeAuthID, PaysafeTraceDate , PaysafeTraceID FROM Authorizations_stage1 left join AuthResponseDescriptions on (Authorizations_stage1.SourceReport              = AuthResponseDescriptions.SourceReport AND Authorizations_stage1.CardSchemeCode        = CASE WHEN AuthResponseDescriptions.CardSchemeCode = '*' THEN Authorizations_stage1.CardSchemeCode ELSE AuthResponseDescriptions.CardSchemeCode END AND Authorizations_stage1.ProcessorResponseCode = AuthResponseDescriptions.ProcessorResponseCode)"
    },
    {
      "dataFrameName": "Authorizations_stage3",
      "sql": "SELECT AuthDate,MerchantNumber,DBA,CardSchemeCode,AuthType,isApproved,SalesAmountAuth,ReturnsAmountAuth,AuthCode,CardFirst6,CardLast4,CardExpDate,case when isApproved='Yes' AND ProcessorResponseCode IN ('10','OC','PA') AND NVL(AuthResponseDescription,'')='' then '10' else AuthResponseCode end as AuthResponseCode, case when  isApproved='Yes' AND ProcessorResponseCode IN ('10','OC','PA') AND NVL(AuthResponseDescription,'')='' then 'Partially Approved' else AuthResponseDescription end as AuthResponseDescription,isKeyed,isChipRead,isReversed,ACI,ValidationCode,VisaTranID,MastercardRefNumber,AmexRefNumber,DiscoverNetworkRefID,AVSResponse,CVV2ResultCode,CAVVResultCode,UCAFSupportCode,CardProductID,AuthDateTime,ProcessorRunDate,ProcessorRunDateTime,StatementDate,AuthPlatform,ProcessorCardScheme,ProcessorAuthType,ProcessorAmount,ProcessorExtraMsg,ProcessorResponseCode,POSEntryMsg,POSEntryMode,EComInd,PreOrFinalAuth,ForeignFrontEndMID,MCC,TransTraceAuditNumber,TransEntryAuthAccessMode,HostInterfaceSystemCode,HostCPUIndCode,HowSentToFiserv,BatchSequence,BatchCutOff,BatchTypeETC,CreditVoucherCode,SurchargeAmount,CashbackAmount,StarSignatureDebit,DebitNetworkID,DebitNetworkFee,PINEntryCapability,PINCaptureCapability,PINVerification,RetrievalRefNumber,MarketSpecificIndicatorCode,TransCommType,StoreNumber,POSModelInfo,POSDataCode,CardSourceType,TSYSBINBankStore,TerminalID,ExternalID,OrderNumber,InvoiceNumber,CurrencyCode,CardServiceCode,TransEncryptionType,AuthSecurityLevel,CardFingerprint,SourceReport,PaysafeAuthID, PaysafeTraceDate , PaysafeTraceID FROM Authorizations_stage2"
    },
    {
      "dataFrameName": "Authorizations_conformed",
      "sql": "SELECT AuthDate,MerchantNumber,DBA,CardSchemeCode,AuthType,isApproved,SalesAmountAuth,ReturnsAmountAuth,AuthCode,CardFirst6,CardLast4,CardExpDate,case when isApproved='Yes' AND NVL(AuthResponseDescription,'')='' then '00' else AuthResponseCode end as AuthResponseCode, case when isApproved='Yes' AND NVL(AuthResponseDescription,'')='' then 'Approved' else AuthResponseDescription end as AuthResponseDescription,isKeyed,isChipRead,isReversed,ACI,ValidationCode,VisaTranID,MastercardRefNumber,AmexRefNumber,DiscoverNetworkRefID,AVSResponse,CVV2ResultCode,CAVVResultCode,UCAFSupportCode,CardProductID,AuthDateTime,ProcessorRunDate,ProcessorRunDateTime,StatementDate,AuthPlatform,ProcessorCardScheme,ProcessorAuthType,ProcessorAmount,ProcessorExtraMsg,ProcessorResponseCode,POSEntryMsg,POSEntryMode,EComInd,PreOrFinalAuth,ForeignFrontEndMID,MCC,TransTraceAuditNumber,TransEntryAuthAccessMode,HostInterfaceSystemCode,HostCPUIndCode,HowSentToFiserv,BatchSequence,BatchCutOff,BatchTypeETC,CreditVoucherCode,SurchargeAmount,CashbackAmount,StarSignatureDebit,DebitNetworkID,DebitNetworkFee,PINEntryCapability,PINCaptureCapability,PINVerification,RetrievalRefNumber,MarketSpecificIndicatorCode,TransCommType,StoreNumber,POSModelInfo,POSDataCode,CardSourceType,TSYSBINBankStore,TerminalID,ExternalID,OrderNumber,InvoiceNumber,CurrencyCode,CardServiceCode,TransEncryptionType,AuthSecurityLevel,CardFingerprint,SourceReport,PaysafeAuthID, PaysafeTraceDate , PaysafeTraceID FROM Authorizations_stage3"
    },
    {
      "dataFrameName": "Authorizations_s3",
      "sql": "SELECT AuthDate,MerchantNumber,DBA,CardSchemeCode,AuthType,isApproved,SalesAmountAuth,ReturnsAmountAuth,AuthCode,CardFirst6,CardLast4,CardExpDate,AuthResponseCode,AuthResponseDescription,isKeyed,isChipRead,isReversed,ACI,ValidationCode,VisaTranID,MastercardRefNumber,AmexRefNumber,DiscoverNetworkRefID,AVSResponse,CVV2ResultCode,CAVVResultCode,UCAFSupportCode,CardProductID,AuthDateTime,ProcessorRunDate,ProcessorRunDateTime,StatementDate,AuthPlatform,ProcessorCardScheme,ProcessorAuthType,ProcessorAmount,ProcessorExtraMsg,ProcessorResponseCode,POSEntryMsg,POSEntryMode,EComInd,PreOrFinalAuth,ForeignFrontEndMID,MCC,TransTraceAuditNumber,TransEntryAuthAccessMode,HostInterfaceSystemCode,HostCPUIndCode,HowSentToFiserv,BatchSequence,BatchCutOff,BatchTypeETC,CreditVoucherCode,SurchargeAmount,CashbackAmount,StarSignatureDebit,DebitNetworkID,DebitNetworkFee,PINEntryCapability,PINCaptureCapability,PINVerification,RetrievalRefNumber,MarketSpecificIndicatorCode,TransCommType,StoreNumber,POSModelInfo,POSDataCode,CardSourceType,TSYSBINBankStore,TerminalID,ExternalID,OrderNumber,InvoiceNumber,CurrencyCode,CardServiceCode,TransEncryptionType,AuthSecurityLevel,CardFingerprint,SourceReport,PaysafeAuthID, PaysafeTraceDate as filedate, PaysafeTraceID as filename FROM Authorizations_conformed"
    },
{
    "dataFrameName":"MCRMAuthorizations_s3",
     "sql":"select auth.*,case when rc.FinanceCompany is null then 'undefined' else rc.FinanceCompany end as FinanceCompany from Authorizations_s3 auth inner join ReportingChannels rc on auth.MerchantNumber=rc.MerchantNumber"

},
    {
      "dataFrameName": "Metadatacount",
      "sql": "select 'paymentProcessing_usAcquiring_Authorizations' as configid, filedate, filename ,cast(count(1) as int) as RAWCOUNT,cast( count(1) as int) as PROCESSEDCOUNT,'usAcquiring' as BUSINESSUNIT, 'ACTIVE' as status, true as ISCONFORMEDENTRY,'PPBI-AUTHORIZATIONS-LOAD-BLUE' as usecase,'S3' as SOURCE, 'BLUE' as Zone, current_timestamp() as UPDATEDON from Authorizations_s3 group by filedate, filename"
    }
  ],
  "outputs": {
    "Metadatacount":{
      "file":{
        "path":"s3://paysafe-unity-vertica-external-tables-${EDL2ACCOUNTID}-ca-central-1/DATA_SINK_META_DATA_LOG/",
        "saveMode":"Append",
        "format":"parquet",
        "partitionBy":[
          "usecase",
          "configid"
        ],
        "repartition":1
      }
    },
    "Authorizations_s3": {
      "file": {
        "path": "s3://paysafe-unity-uspp-data-${ACCOUNTID}-ca-central-1/conformed/Authorizations/",
        "saveMode": "Overwrite",
        "repartition": 3,
        "options": {
          "partitionOverwriteMode": "dynamic"
        },
        "format": "parquet",
        "partitionBy": [
          "filedate",
          "filename"
        ]
      }
    },
  "MCRMAuthorizations_s3": {
      "file": {
        "path": "s3://paysafe-unity-uspp-data-${ACCOUNTID}-ca-central-1/mcrm/Authorizations/",
        "saveMode": "Overwrite",
        "repartition": 3,
        "options": {
          "partitionOverwriteMode": "dynamic"
        },
        "format": "parquet",
        "partitionBy": [
          "filedate",
          "filename",
          "financecompany"
        ]
      }
    }
  },
  "explain": true,
  "showPreviewLines": 42,
  "showQuery": true,
  "cacheOnPreview": true,
  "logLevel": "INFO",
  "cacheCountOnOutput": true,
  "continueOnFailedStep": false,
  "enableHiveSupport": true
}