{
   "businessUnit":"cardIssuing",
   "jobId":"DATASINK_INVOKER",
   "emrName":"fp-unity",
   "usecase":"CARDISSUING-LOAD-VERTICA",
   "pipeline" : "VERTICA_PIPELINE",
   "templatePath":"ppbi-unity/configs/cardIssuing/grey/",
   "tracingColumn" : "FILENAME",
   "srcPaths" : [
     { "prefix" : "fp-unity/{CONFIGID}/forex/dest/", "partitionColumn" : "FILENAME" }
   ],
   "srcType" : "FP-UNITY",
   "metaDataLogTable":"DATA_SINK_META_DATA_LOG",
   "metaDataTable":"DATA_SINK_META_DATA",
   "configIds":[
   ],
   "jobType":"LOAD",
   "window": 30,
   "infraProps":[ 
    ],
   "livyCommand":{
      "args":[
      ],
      "conf":{
         "spark.yarn.submit.waitAppCompletion":"false",
         "spark.submit.deployMode":"cluster",
         "spark.executor.memory":"1G",
         "spark.executor.cores":"1",
         "spark.master":"yarn"
      },
      "file":"s3://paysafe-unity-netbanx-mgr-{ACCOUNTID}-ca-central-1/ppbi-unity/jars/paysafe-gdp-vertica-spark-all.jar",
      "className":"com.paysafe.unity.app.VerticaDataLoadApp"
   }
}

