{
   "businessUnit":"usAcquiring",
   "jobId":"DATASINK_INVOKER",
   "emrName":"vertica-sink-ppbi",
   "usecase":"BLUE-MASSFLATFILES-LOAD",
   "pipeline":"VERTICA_PIPELINE",
   "templatePath":"ppbi-unity/configs/usAcquiring/blue",
   "metaDataLogTable":"DATA_SINK_META_DATA_LOG",
   "metaDataTable":"DATA_SINK_META_DATA",
   "tracingColumn":"UNITYFILENAME",
   "srcPaths":[
      {
         "prefix": "fp-unity/{CONFIGID}/pciHashed/dest",
         "partitionColumn":"FILENAME"
      }
   ],
   "srcType":"FP-UNITY",
   "configIds":[
      "paymentProcessing_usAcquiring_FDR_R04PROFITABILITYMTH",
      "paymentProcessing_usAcquiring_FDR_R50BILLINGCARDSPECIFIC",
      "paymentProcessing_usAcquiring_FDR_RD8FINHISTORYPREV12MONTHSDEBIT",
      "paymentProcessing_usAcquiring_FDR_R45POSDATA",
      "paymentProcessing_usAcquiring_FDR_R52BILLINGDISCOVER",
      "paymentProcessing_usAcquiring_FDR_R77PROGRAMDESCRIPTION",
      "paymentProcessing_usAcquiring_FDR_R10CONTROLDATA",
      "paymentProcessing_usAcquiring_FDR_R75BILLINGAMEXCT43",
      "paymentProcessing_usAcquiring_FDR_R49BILLINGAMEX1PNT",
      "paymentProcessing_usAcquiring_FDR_R54BILLINGDISCOVERACQUIRING",
      "paymentProcessing_usAcquiring_FDR_R06PROFITABILITYCARD",
      "paymentProcessing_usAcquiring_FDR_R11INTERCHANGE",
      "paymentProcessing_usAcquiring_FDR_R20ADDRESSDBA",
      "paymentProcessing_usAcquiring_FDR_R42MISCELLANEOUS2",
      "paymentProcessing_usAcquiring_FDR_R51BILLINGAMEX",
      "paymentProcessing_usAcquiring_FDR_R57BILLINGDISCOUNTMERCH",
      "paymentProcessing_usAcquiring_FDR_R65TERMINALDATA",
      "paymentProcessing_usAcquiring_FDR_R72TCHK",
      "paymentProcessing_usAcquiring_FDR_R73FEEFACTORY",
      "paymentProcessing_usAcquiring_FDR_R80FEEATTRIBUTES",
      "paymentProcessing_usAcquiring_FDR_R02PROFITABILITY"
   ],
   "jobType":"RELOAD",
   "startDate":"2019-11-11",
   "endDate":"2020-08-01",
   "infraProps":[
      
   ],
   "livyCommand":{
      "args":[
         
      ],
      "conf":{
         "spark.yarn.submit.waitAppCompletion":"false",
         "spark.submit.deployMode":"cluster",
         "spark.executor.memory":"1G",
         "spark.executor.cores":"1",
         "spark.master":"yarn"
      },
      "file":"s3://paysafe-unity-netbanx-mgr-{ACCOUNTID}-ca-central-1/ppbi-unity/jars/paysafe-gdp-vertica-spark-all.jar",
      "className":"com.paysafe.unity.app.VerticaDataLoadApp"
   }
}