{
  "businessUnit": "usAcquiring",
  "jobId": "DATASINK_INVOKER",
  "emrName": "vertica-sink-ppbi",
  "usecase": "BLUE-PPBI-PII-LOAD",
  "pipeline": "VERTICA_PIPELINE",
  "templatePath": "ppbi-unity/configs/usAcquiring/PiiConfigs",
  "metaDataLogTable": "DATA_SINK_META_DATA_LOG",
  "metaDataTable": "DATA_SINK_META_DATA",
  "tracingColumn": "UNITYFILENAME",
  "srcPaths": [
    {
      "prefix": "fp-unity/output/{CONFIGID}",
      "partitionColumn": "FILENAME"
    }
  ],
  "srcType": "FP-UNITY",
  "configIds": [
    "paymentProcessing_usAcquiring_FDR_FF152",
    "paymentProcessing_usAcquiring_FDR_DFM021AUTH",
    "paymentProcessing_usAcquiring_FDR_DFM003CREDITFUNDED",
    "paymentProcessing_usAcquiring_FDR_DFM004CREDITNONFUNDED",
    "paymentProcessing_usAcquiring_FDR_DFM005DEBIT",
    "paymentProcessing_usAcquiring_TSYS_ADF",
    "paymentProcessing_usAcquiring_FDR_DFM002LOCATIONHEADER",
    "paymentProcessing_usAcquiring_FDR_MD033",
    "paymentProcessing_usAcquiring_FDR_MD032",
    "paymentProcessing_usAcquiring_TSYS_PPMPROFITABILITYTOTALSMONTHLY",
    "paymentProcessing_usAcquiring_TSYS_PPMFEEITEMTOTALSMONTHLY",
    "paymentProcessing_usAcquiring_TSYS_MDF",
    "paymentProcessing_usAcquiring_TSYS_PPMPROFITABILITYTOTALSDAILY",
    "paymentProcessing_usAcquiring_TSYS_DDF",
    "paymentProcessing_usAcquiring_INTERNAL_MIFAPPLICATIONRECORD",
    "paymentProcessing_usAcquiring_INTERNAL_MIFAPPLICATIONOWNERS"
  ],
  "jobType": "LOAD",
  "window": 5,
  "infraProps": [],
  "livyCommand": {
    "args": [],
    "conf": {
      "spark.yarn.submit.waitAppCompletion": "false",
      "spark.submit.deployMode": "cluster",
      "spark.executor.memory": "5G",
      "spark.executor.cores": "1",
      "spark.master": "yarn"
    },
    "file": "s3://paysafe-unity-netbanx-mgr-{ACCOUNTID}-ca-central-1/ppbi-unity/jars/paysafe-gdp-vertica-spark-all.jar",
    "className": "com.paysafe.unity.app.VerticaDataLoadApp"
  }
}