{
   "businessUnit":"usAcquiring",
   "jobId":"DATASINK_INVOKER",
   "emrName":"vertica-sink-ppbi",
   "usecase":"BLUE-MASSFLATFILES-LOAD",
   "pipeline":"VERTICA_PIPELINE",
   "templatePath":"ppbi-unity/configs/usAcquiring/blue",
   "metaDataLogTable":"DATA_SINK_META_DATA_LOG",
   "metaDataTable":"DATA_SINK_META_DATA",
   "tracingColumn":"UNITYFILENAME",
   "srcPaths":[
      {
         "prefix": "fp-unity/{CONFIGID}/pciHashed/dest",
         "partitionColumn":"FILENAME"
      }
   ],
   "srcType":"FP-UNITY",
   "configIds":[
      "paymentProcessing_usAcquiring_FDR_RG1MERCHANTGRIDINFORMATION",
      "paymentProcessing_usAcquiring_FDR_RGFGLOBALFEE",
      "paymentProcessing_usAcquiring_FDR_RGGMERCHANTBILLBACKINFORMATION",
      "paymentProcessing_usAcquiring_FDR_RGLINTERNATIONALGENERAL",
      "paymentProcessing_usAcquiring_FDR_RHHMERCHANTPOSINFORMATION",
      "paymentProcessing_usAcquiring_FDR_RIICARDENTITLEMENTS",
      "paymentProcessing_usAcquiring_FDR_RJJCARDSPECIFICMASTERCARD",
      "paymentProcessing_usAcquiring_FDR_RKKCARDSPECIFICVISA",
      "paymentProcessing_usAcquiring_FDR_RLLCARDSPECIFICAMEX",
      "paymentProcessing_usAcquiring_FDR_RMCDESCSICCODES",
      "paymentProcessing_usAcquiring_FDR_RMEMERCHANTENTITLEMENTS",
      "paymentProcessing_usAcquiring_FDR_RMMBILLINGFEES",
      "paymentProcessing_usAcquiring_FDR_RMTMERCHANTTERMINAL",
      "paymentProcessing_usAcquiring_FDR_RNNBILLINGRATES",
      "paymentProcessing_usAcquiring_FDR_RO1LINK",
      "paymentProcessing_usAcquiring_FDR_RO2LINKNEWXREF",
      "paymentProcessing_usAcquiring_FDR_RP1MERCHANTPROGRAMFIELDS",
      "paymentProcessing_usAcquiring_FDR_RP2PROGRAMDESCRIPTION",
      "paymentProcessing_usAcquiring_FDR_RP3PROGRAMFIELDS",
      "paymentProcessing_usAcquiring_FDR_RPLDESCPLANCODE",
      "paymentProcessing_usAcquiring_FDR_RPPPHASEIIADDITIONALINFO",
      "paymentProcessing_usAcquiring_FDR_RQQMM2OTHER",
      "paymentProcessing_usAcquiring_FDR_RSCCURRENTSECURITYCODE",
      "paymentProcessing_usAcquiring_FDR_RSFFUNDEDFEEHISTORY",
      "paymentProcessing_usAcquiring_FDR_RTEMERCHANTTERMINALDETAIL",
      "paymentProcessing_usAcquiring_FDR_RWWMERCHANTRSBUW",
      "paymentProcessing_usAcquiring_FDR_RYFFEEHISTORYYEARTODATE"
   ],
   "jobType":"LOAD",
   "window":100,
   "infraProps":[
      
   ],
   "livyCommand":{
      "args":[
         
      ],
      "conf":{
         "spark.yarn.submit.waitAppCompletion":"false",
         "spark.submit.deployMode":"cluster",
         "spark.executor.memory":"1G",
         "spark.executor.cores":"1",
         "spark.master":"yarn"
      },
      "file":"s3://paysafe-unity-netbanx-mgr-{ACCOUNTID}-ca-central-1/ppbi-unity/jars/paysafe-gdp-vertica-spark-all.jar",
      "className":"com.paysafe.unity.app.VerticaDataLoadApp"
   }
}