{
  "businessUnit": "usAcquiring",
  "jobId": "DATASINK_INVOKER",
  "emrName": "vertica-sink-ppbi",
  "usecase": "BLUE-PPBI-PII-LOAD",
  "pipeline": "VERTICA_PIPELINE",
  "templatePath": "ppbi-unity/configs/usAcquiring/PiiConfigs",
  "metaDataLogTable": "DATA_SINK_META_DATA_LOG",
  "metaDataTable": "DATA_SINK_META_DATA",
  "tracingColumn": "UNITYFILENAME",
  "srcPaths": [
    {
      "prefix": "fp-unity/output/{CONFIGID}",
      "partitionColumn": "FILENAME"
    }
  ],
  "srcType": "FP-UNITY",
  "configIds": [
    "paymentProcessing_usAcquiring_FDR_R25ADDRESSCORP",
    "paymentProcessing_usAcquiring_FDR_R42MISCELLANEOUS2",
    "paymentProcessing_usAcquiring_FDR_RO1LINK",
    "paymentProcessing_usAcquiring_FDR_RF1FINANCIALHISTORY",
    "paymentProcessing_usAcquiring_FDR_RCCMERCHANTADDRESSESCORPORATE",
    "paymentProcessing_usAcquiring_FDR_RBBMERCHANTADDRESSESDBA",
    "paymentProcessing_usAcquiring_FDR_RQQMM2OTHER",
    "paymentProcessing_usAcquiring_FDR_RPPPHASEIIADDITIONALINFO",
    "paymentProcessing_usAcquiring_FDR_RIICARDENTITLEMENTS",
    "paymentProcessing_usAcquiring_FDR_R50BILLINGCARDSPECIFIC",
    "paymentProcessing_usAcquiring_FDR_RDDMERCHANTMEMBERSHIPDATA",
    "paymentProcessing_usAcquiring_FDR_REEMERCHANTFUNDINGANDBANKINGINFO",
    "paymentProcessing_usAcquiring_FDR_RMMBILLINGFEES",
    "paymentProcessing_usAcquiring_FDR_RGGMERCHANTBILLBACKINFORMATION",
    "paymentProcessing_usAcquiring_FDR_R10CONTROLDATA",
    "paymentProcessing_usAcquiring_FDR_R01FINANCIALHISTORY",
    "paymentProcessing_usAcquiring_FDR_R02PROFITABILITY",
    "paymentProcessing_usAcquiring_FDR_R20ADDRESSDBA",
    "paymentProcessing_usAcquiring_FDR_R40MISCELLANEOUS",
    "paymentProcessing_usAcquiring_FDR_RFHFEEHISTORY",
    "paymentProcessing_usAcquiring_FDR_RAAMERCHANTCONTROLDATA"
  ],
   "jobType":"RELOAD",
   "startDate":"2021-04-01",
   "endDate":"2021-06-15",
   "hiveEnabled": true,
  "infraProps": [],
  "livyCommand": {
    "args": [],
    "conf": {
      "spark.yarn.submit.waitAppCompletion": "false",
      "spark.submit.deployMode": "cluster",
      "spark.executor.memory": "5G",
      "spark.executor.cores": "1",
      "spark.master": "yarn"
    },
    "file": "s3://paysafe-unity-netbanx-mgr-{ACCOUNTID}-ca-central-1/ppbi-unity/jars/paysafe-gdp-vertica-spark-all.jar",
    "className": "com.paysafe.unity.app.VerticaDataLoadApp"
  }
}