{
   "businessUnit":"usAcquiring",
   "jobId":"DATASINK_INVOKER",
   "emrName":"vertica-sink-ppbi",
   "usecase":"BLUE-MASSFLATFILES-LOAD",
   "pipeline":"VERTICA_PIPELINE",
   "templatePath":"ppbi-unity/configs/usAcquiring/blue",
   "metaDataLogTable":"DATA_SINK_META_DATA_LOG",
   "metaDataTable":"DATA_SINK_META_DATA",
   "tracingColumn":"UNITYFILENAME",
   "srcPaths":[
      {
         "prefix": "fp-unity/{CONFIGID}/pciHashed/dest",
         "partitionColumn":"FILENAME"
      }
   ],
   "srcType":"FP-UNITY",
   "configIds":[
      "paymentProcessing_usAcquiring_FDR_R03PROFITABILITY",
      "paymentProcessing_usAcquiring_FDR_R40MISCELLANEOUS",
      "paymentProcessing_usAcquiring_FDR_RC8FINANCIALHISTORYPREV12MONTHS",
      "paymentProcessing_usAcquiring_FDR_R35FUNDINGDATA",
      "paymentProcessing_usAcquiring_FDR_R53BILLINGCHECKGUAR",
      "paymentProcessing_usAcquiring_FDR_R76MERCHANTPROGRAMFIELDS",
      "paymentProcessing_usAcquiring_FDR_R56PAYPAL",
      "paymentProcessing_usAcquiring_FDR_R07HISTORYMISC",
      "paymentProcessing_usAcquiring_FDR_R70GRIDS",
      "paymentProcessing_usAcquiring_FDR_R30SPECIALFLAGDATA",
      "paymentProcessing_usAcquiring_FDR_R05PROFITABILITYCARDMTH",
      "paymentProcessing_usAcquiring_FDR_R60BILLINGGENERAL",
      "paymentProcessing_usAcquiring_FDR_R79BILLINGSTARACCESS",
      "paymentProcessing_usAcquiring_FDR_R01FINANCIALHISTORY",
      "paymentProcessing_usAcquiring_FDR_R61ARCHITECTUREADDRESSING",
      "paymentProcessing_usAcquiring_FDR_R78PROGRAMFIELDS",
      "paymentProcessing_usAcquiring_FDR_R74PROMOMASTER",
      "paymentProcessing_usAcquiring_FDR_R09FINANCIALHISTORYPREVYEAR",
      "paymentProcessing_usAcquiring_FDR_R25ADDRESSCORP",
      "paymentProcessing_usAcquiring_FDR_R55BILLINGAUTHFEES"
   ],
   "jobType":"RELOAD",
   "startDate":"2019-11-11",
   "endDate":"2020-08-01",
   "infraProps":[
      
   ],
   "livyCommand":{
      "args":[
         
      ],
      "conf":{
         "spark.yarn.submit.waitAppCompletion":"false",
         "spark.submit.deployMode":"cluster",
         "spark.executor.memory":"1G",
         "spark.executor.cores":"1",
         "spark.master":"yarn"
      },
      "file":"s3://paysafe-unity-netbanx-mgr-{ACCOUNTID}-ca-central-1/ppbi-unity/jars/paysafe-gdp-vertica-spark-all.jar",
      "className":"com.paysafe.unity.app.VerticaDataLoadApp"
   }
}