{
   "businessUnit":"cardIssuing",
   "jobId":"DATASINK_INVOKER",
   "emrName":"merchant-load",
   "usecase":"BLUE-CARDISSUING-LOAD",
   "pipeline" : "VERTICA_PIPELINE",
   "templatePath":"ppbi-unity/configs/cardIssuing/blue",
   "metaDataLogTable":"DATA_SINK_META_DATA_LOG",
   "metaDataTable":"DATA_SINK_META_DATA",
   "tracingColumn" : "FILENAME",
   "srcPaths" : [
     { "prefix" : "fp-unity/{CONFIGID}/pciHashed/dest/", "partitionColumn" : "FILENAME" }
   ],
   "srcType" : "FP-UNITY",
   "configIds":[
     "cardSolutions_cardIssuing_FIS_SETTLEMENT",
     "cardSolutions_cardIssuing_GPS_CARDS",
     "cardSolutions_cardIssuing_GPS_PROCESSORBALANCE",
     "cardSolutions_cardIssuing_GPS_SETTLEMENT",
     "cardSolutions_cardIssuing_SHIFT_CARDS",
     "cardSolutions_cardIssuing_SHIFT_CHARGEBACK",
     "cardSolutions_cardIssuing_SHIFT_SETTLEMENT",
     "cardSolutions_cardIssuing_SHIFT_TOKEN",
     "cardSolutions_cardIssuing_VISABANKABLE_VSS110",
     "cardSolutions_cardIssuing_VISAGPS_VSS110",
     "cardSolutions_cardIssuing_VISASHIFT_VSS110",
     "cardSolutions_cardIssuing_VOLOPA_CNESETTLEMENT",
     "cardSolutions_cardIssuing_VOLOPA_CNGSETTLEMENT",
     "cardSolutions_cardIssuing_VOLOPA_COESETTLEMENT",
     "cardSolutions_cardIssuing_VOLOPA_COGSETTLEMENT",
     "cardSolutions_cardIssuing_GPS_PROGRAMPERCENTAGEMONTHLY",
     "cardSolutions_cardIssuing_GPS_FXRATESMONTHLY",
     "cardSolutions_cardIssuing_GPS_ACCBALMONTHLY",
     "cardSolutions_cardIssuing_GPS_CARDFEEMONTHLY",
     "cardSolutions_cardIssuing_GPS_CARDFINANCIALSMONTHLY",
     "cardSolutions_cardIssuing_MasterCard_AFFILIATEREPORTMONTHLY",
     "cardSolutions_cardIssuing_VOLOPA_COGPROCESSORBALANCE",
     "cardSolutions_cardIssuing_VOLOPA_COEPROCESSORBALANCE",
     "cardSolutions_cardIssuing_VOLOPA_CNGPROCESSORBALANCE",
     "cardSolutions_cardIssuing_VOLOPA_CNEPROCESSORBALANCE",
     "cardSolutions_cardIssuing_GPS_SAXOBANKCHARGES",
     "cardSolutions_cardIssuing_GPS_INVOICENUMBER",
     "paymentProcessing_canAcquiring_AMEX_SETTLEMENT"
   ],
   "jobType":"LOAD",
   "window": 30,
   "infraProps":[ 
    ],
   "livyCommand":{
      "args":[
      ],
      "conf":{
         "spark.yarn.submit.waitAppCompletion":"false",
         "spark.submit.deployMode":"cluster",
         "spark.executor.memory":"1G",
         "spark.executor.cores":"1",
         "spark.master":"yarn"
      },
      "file":"s3://paysafe-unity-netbanx-mgr-{ACCOUNTID}-ca-central-1/ppbi-unity/jars/paysafe-gdp-vertica-spark-all.jar",
      "className":"com.paysafe.unity.app.VerticaDataLoadApp"
   }
}

