{
   "Parameters":{
      "Environment":"prep",
      "Zone":"blue",
      "DefaultSG":"sg-0f3d6858d277299ac",
      "PrivateSubnet1":"subnet-06087912d4bce4e01",
      "PrivateSubnet2":"subnet-006b6bba73cda589e",
      "AccountEDL1":"550629512586",
      "AccountEDL2":"332318758586",
      "ServiceUserEnvironment":"dev",
      "EphemralCreateStepFuncArn": "arn:aws:states:ca-central-1:550629512586:stateMachine:paysafe-upf-ephemeral-emr-step-function-prep-blue",
      "S3SharedBlueBucketName": "paysafe-unity-netbanx-mgr-550629512586-ca-central-1",
      "S3SharedGreyBucketName": "paysafe-unity-netbanx-mgr-332318758586-ca-central-1",
      "S3BIBlueBucketName": "paysafe-unity-uspp-data-550629512586-ca-central-1",
      "S3BIGreyBucketName": "paysafe-unity-uspp-data-332318758586-ca-central-1",
      "S3MMBlueBucketName": "paysafe-unity-550629512586-ca-central-1-merchantpipeline-prep",
      "S3MMGreyBucketName": "paysafe-unity-332318758586-ca-central-1-mmpipeline-hashed-prep"
   }
}