{
    "Parameters": {
        "Environment": "prep",
        "Zone": "blue",
        "DefaultSG": "sg-0f3d6858d277299ac",
        "PrivateSubnet1": "subnet-06087912d4bce4e01",
        "PrivateSubnet2": "subnet-006b6bba73cda589e",
        "AccountEDL1": "550629512586",
        "AccountEDL2": "332318758586",
        "ServiceUserEnvironment": "dev",
        "DynamoDBTableName": "fp-unity-metadata-prep",
        "VerticaDBMetadataTableName": "data_sink_job_status",
        "ClusterAvailabilityZone": "mtl",
        "ClusterEnvironment": "preprod",
        "ClusterRegion": "canada",
        "ClusterName": "ppbi_vertica",
        "AperiaClusterName": "aperia_mssql",
        "OracleMifClusterName": "oracle_mif_sql",
        "NotificationSESPath": "ppbi-unity/configs/usAcquiring/SesNotification-prep.json",
        "MgrBucketName" : "paysafe-unity-netbanx-mgr-550629512586-ca-central-1",
        "ExistingVPC": "vpc-0f7d41a7cd9d526c9",
        "ExistingSubnet": "subnet-0180e0bde250260fb",
        "Ec2InstanceType": "c6g.2xlarge",
        "Ec2ImageId": "ami-05e6ab9d279f9519f"
    }
}
