{
    "Parameters": {
        "Environment": "prod",
        "Zone": "grey",
        "AccountEDL1": "452253236614",
        "AccountEDL2": "245535966659",
        "DefaultSG": "sg-0ace6593b34030e82",
        "PrivateSubnet1": "subnet-0664fc2de43e8df35",
        "PrivateSubnet2": "subnet-070e2bcfced1af076",
        "ServiceUserEnvironment": "prod",
        "EphemralCreateStepFuncArn": "arn:aws:states:ca-central-1:245535966659:stateMachine:paysafe-upf-ephemeral-emr-step-function-prod-grey",
        "S3SharedBlueBucketName": "paysafe-unity-netbanx-mgr-452253236614-ca-central-1",
        "S3SharedGreyBucketName": "paysafe-unity-netbanx-mgr-245535966659-ca-central-1",
        "S3BIBlueBucketName": "paysafe-unity-uspp-data-452253236614-ca-central-1",
        "S3BIGreyBucketName": "paysafe-unity-uspp-data-245535966659-ca-central-1",
        "S3MMBlueBucketName": "paysafe-unity-452253236614-ca-central-1-merchantpipeline-prod",
        "S3MMGreyBucketName": "paysafe-unity-245535966659-ca-central-1-mmpipeline-hashed-prod"
    }
}
