{
    "Parameters": {
        "Environment": "prod",
        "Zone": "grey",
        "AccountEDL1": "452253236614",
        "AccountEDL2": "245535966659",
        "DefaultSG": "sg-0ace6593b34030e82",
        "PrivateSubnet1": "subnet-0664fc2de43e8df35",
        "PrivateSubnet2": "subnet-070e2bcfced1af076",
        "ServiceUserEnvironment": "prod",
        "DynamoDBTableName": "fp-unity-metadata-prod",
        "VerticaDBMetadataTableName": "data_sink_job_status",
        "ClusterAvailabilityZone": "mon",
        "ClusterEnvironment": "prod",
        "ClusterRegion": "canada",
        "ClusterName": "ppbi_vertica",
        "AperiaClusterName": "aperia_mssql",
        "OracleMifClusterName": "oracle_mif_sql",
        "NotificationSESPath": "ppbi-unity/configs/usAcquiring/SesNotification-prod.json",
        "MgrBucketName" : "paysafe-unity-netbanx-mgr-245535966659-ca-central-1",
        "ExistingVPC": "vpc-07982ec20c1966cb1",
        "ExistingSubnet": "subnet-0664fc2de43e8df35",
        "Ec2InstanceType": "c6g.2xlarge",
        "Ec2ImageId": "ami-05e6ab9d279f9519f"
    }
}
